# MagicaVoxel @ Ephtracy

# group
o 

# material
mtllib 3dBox.mtl
usemtl palette

# normals
vn -1 0 0
vn 1 0 0
vn 0 0 1
vn 0 0 -1
vn 0 -1 0
vn 0 1 0

# texcoords
vt 0.158203 0.5
vt 0.169922 0.5
vt 0.177734 0.5

# verts
v -2 0 2
v -2 0 -2
v -2 0.1 2
v -2 0.1 -2
v -2 0.2 2
v -2 0.2 1.6
v -2 0.2 -1.6
v -2 0.2 -2
v -2 0.3 1.6
v -2 0.3 1.5
v -2 0.3 -1.5
v -2 0.3 -1.6
v -2 0.4 1.8
v -2 0.4 1.7
v -2 0.4 1.5
v -2 0.4 1.4
v -2 0.4 -1.4
v -2 0.4 -1.5
v -2 0.4 -1.7
v -2 0.4 -1.8
v -2 0.5 1.7
v -2 0.5 1.6
v -2 0.5 1.4
v -2 0.5 1.3
v -2 0.5 -1.3
v -2 0.5 -1.4
v -2 0.5 -1.6
v -2 0.5 -1.7
v -2 0.6 1.6
v -2 0.6 1.5
v -2 0.6 1.3
v -2 0.6 1.2
v -2 0.6 -1.2
v -2 0.6 -1.3
v -2 0.6 -1.5
v -2 0.6 -1.6
v -2 0.7 1.5
v -2 0.7 1.4
v -2 0.7 1.2
v -2 0.7 1.1
v -2 0.7 -1.1
v -2 0.7 -1.2
v -2 0.7 -1.4
v -2 0.7 -1.5
v -2 0.8 1.4
v -2 0.8 1.3
v -2 0.8 1.1
v -2 0.8 1
v -2 0.8 -1
v -2 0.8 -1.1
v -2 0.8 -1.3
v -2 0.8 -1.4
v -2 0.9 1.3
v -2 0.9 1.2
v -2 0.9 1
v -2 0.9 0.9
v -2 0.9 -0.9
v -2 0.9 -1
v -2 0.9 -1.2
v -2 0.9 -1.3
v -2 1 1.2
v -2 1 1.1
v -2 1 0.9
v -2 1 0.8
v -2 1 -0.8
v -2 1 -0.9
v -2 1 -1.1
v -2 1 -1.2
v -2 1.1 1.1
v -2 1.1 1
v -2 1.1 0.8
v -2 1.1 0.7
v -2 1.1 -0.7
v -2 1.1 -0.8
v -2 1.1 -1
v -2 1.1 -1.1
v -2 1.2 1
v -2 1.2 0.9
v -2 1.2 0.7
v -2 1.2 0.6
v -2 1.2 -0.6
v -2 1.2 -0.7
v -2 1.2 -0.9
v -2 1.2 -1
v -2 1.3 0.9
v -2 1.3 0.8
v -2 1.3 0.6
v -2 1.3 0.5
v -2 1.3 -0.5
v -2 1.3 -0.6
v -2 1.3 -0.8
v -2 1.3 -0.9
v -2 1.4 0.8
v -2 1.4 0.7
v -2 1.4 0.5
v -2 1.4 0.4
v -2 1.4 -0.4
v -2 1.4 -0.5
v -2 1.4 -0.7
v -2 1.4 -0.8
v -2 1.5 0.7
v -2 1.5 0.6
v -2 1.5 0.4
v -2 1.5 0.3
v -2 1.5 -0.3
v -2 1.5 -0.4
v -2 1.5 -0.6
v -2 1.5 -0.7
v -2 1.6 0.6
v -2 1.6 0.5
v -2 1.6 0.3
v -2 1.6 0.2
v -2 1.6 -0.2
v -2 1.6 -0.3
v -2 1.6 -0.5
v -2 1.6 -0.6
v -2 1.7 0.5
v -2 1.7 0.4
v -2 1.7 0.2
v -2 1.7 0.0999999
v -2 1.7 -0.1
v -2 1.7 -0.2
v -2 1.7 -0.4
v -2 1.7 -0.5
v -2 1.8 0.4
v -2 1.8 0.3
v -2 1.8 0.0999999
v -2 1.8 -0.1
v -2 1.8 -0.3
v -2 1.8 -0.4
v -2 1.9 0.3
v -2 1.9 0.2
v -2 1.9 -0.2
v -2 1.9 -0.3
v -2 2.1 0.3
v -2 2.1 0.2
v -2 2.1 -0.2
v -2 2.1 -0.3
v -2 2.2 0.4
v -2 2.2 0.3
v -2 2.2 0.0999999
v -2 2.2 -0.1
v -2 2.2 -0.3
v -2 2.2 -0.4
v -2 2.3 0.5
v -2 2.3 0.4
v -2 2.3 0.2
v -2 2.3 0.0999999
v -2 2.3 -0.1
v -2 2.3 -0.2
v -2 2.3 -0.4
v -2 2.3 -0.5
v -2 2.4 0.6
v -2 2.4 0.5
v -2 2.4 0.3
v -2 2.4 0.2
v -2 2.4 -0.2
v -2 2.4 -0.3
v -2 2.4 -0.5
v -2 2.4 -0.6
v -2 2.5 0.7
v -2 2.5 0.6
v -2 2.5 0.4
v -2 2.5 0.3
v -2 2.5 -0.3
v -2 2.5 -0.4
v -2 2.5 -0.6
v -2 2.5 -0.7
v -2 2.6 0.8
v -2 2.6 0.7
v -2 2.6 0.5
v -2 2.6 0.4
v -2 2.6 -0.4
v -2 2.6 -0.5
v -2 2.6 -0.7
v -2 2.6 -0.8
v -2 2.7 0.9
v -2 2.7 0.8
v -2 2.7 0.6
v -2 2.7 0.5
v -2 2.7 -0.5
v -2 2.7 -0.6
v -2 2.7 -0.8
v -2 2.7 -0.9
v -2 2.8 1
v -2 2.8 0.9
v -2 2.8 0.7
v -2 2.8 0.6
v -2 2.8 -0.6
v -2 2.8 -0.7
v -2 2.8 -0.9
v -2 2.8 -1
v -2 2.9 1.1
v -2 2.9 1
v -2 2.9 0.8
v -2 2.9 0.7
v -2 2.9 -0.7
v -2 2.9 -0.8
v -2 2.9 -1
v -2 2.9 -1.1
v -2 3 1.2
v -2 3 1.1
v -2 3 0.9
v -2 3 0.8
v -2 3 -0.8
v -2 3 -0.9
v -2 3 -1.1
v -2 3 -1.2
v -2 3.1 1.3
v -2 3.1 1.2
v -2 3.1 1
v -2 3.1 0.9
v -2 3.1 -0.9
v -2 3.1 -1
v -2 3.1 -1.2
v -2 3.1 -1.3
v -2 3.2 1.4
v -2 3.2 1.3
v -2 3.2 1.1
v -2 3.2 1
v -2 3.2 -1
v -2 3.2 -1.1
v -2 3.2 -1.3
v -2 3.2 -1.4
v -2 3.3 1.5
v -2 3.3 1.4
v -2 3.3 1.2
v -2 3.3 1.1
v -2 3.3 -1.1
v -2 3.3 -1.2
v -2 3.3 -1.4
v -2 3.3 -1.5
v -2 3.4 1.6
v -2 3.4 1.5
v -2 3.4 1.3
v -2 3.4 1.2
v -2 3.4 -1.2
v -2 3.4 -1.3
v -2 3.4 -1.5
v -2 3.4 -1.6
v -2 3.5 1.7
v -2 3.5 1.6
v -2 3.5 1.4
v -2 3.5 1.3
v -2 3.5 -1.3
v -2 3.5 -1.4
v -2 3.5 -1.6
v -2 3.5 -1.7
v -2 3.6 1.8
v -2 3.6 1.7
v -2 3.6 1.5
v -2 3.6 1.4
v -2 3.6 -1.4
v -2 3.6 -1.5
v -2 3.6 -1.7
v -2 3.6 -1.8
v -2 3.7 1.6
v -2 3.7 1.5
v -2 3.7 -1.5
v -2 3.7 -1.6
v -2 3.8 2
v -2 3.8 1.6
v -2 3.8 -1.6
v -2 3.8 -2
v -2 3.9 2
v -2 3.9 -2
v -2 4 2
v -2 4 -2
v -1.9 0.2 1.6
v -1.9 0.2 -1.6
v -1.9 0.3 1.6
v -1.9 0.3 1.5
v -1.9 0.3 -1.5
v -1.9 0.3 -1.6
v -1.9 0.4 1.8
v -1.9 0.4 1.7
v -1.9 0.4 1.5
v -1.9 0.4 1.4
v -1.9 0.4 -1.4
v -1.9 0.4 -1.5
v -1.9 0.4 -1.7
v -1.9 0.4 -1.8
v -1.9 0.5 1.7
v -1.9 0.5 1.6
v -1.9 0.5 1.4
v -1.9 0.5 1.3
v -1.9 0.5 -1.3
v -1.9 0.5 -1.4
v -1.9 0.5 -1.6
v -1.9 0.5 -1.7
v -1.9 0.6 1.6
v -1.9 0.6 1.5
v -1.9 0.6 1.3
v -1.9 0.6 1.2
v -1.9 0.6 -1.2
v -1.9 0.6 -1.3
v -1.9 0.6 -1.5
v -1.9 0.6 -1.6
v -1.9 0.7 1.5
v -1.9 0.7 1.4
v -1.9 0.7 1.2
v -1.9 0.7 1.1
v -1.9 0.7 -1.1
v -1.9 0.7 -1.2
v -1.9 0.7 -1.4
v -1.9 0.7 -1.5
v -1.9 0.8 1.4
v -1.9 0.8 1.3
v -1.9 0.8 1.1
v -1.9 0.8 1
v -1.9 0.8 -1
v -1.9 0.8 -1.1
v -1.9 0.8 -1.3
v -1.9 0.8 -1.4
v -1.9 0.9 1.3
v -1.9 0.9 1.2
v -1.9 0.9 1
v -1.9 0.9 0.9
v -1.9 0.9 -0.9
v -1.9 0.9 -1
v -1.9 0.9 -1.2
v -1.9 0.9 -1.3
v -1.9 1 1.2
v -1.9 1 1.1
v -1.9 1 0.9
v -1.9 1 0.8
v -1.9 1 -0.8
v -1.9 1 -0.9
v -1.9 1 -1.1
v -1.9 1 -1.2
v -1.9 1.1 1.1
v -1.9 1.1 1
v -1.9 1.1 0.8
v -1.9 1.1 0.7
v -1.9 1.1 -0.7
v -1.9 1.1 -0.8
v -1.9 1.1 -1
v -1.9 1.1 -1.1
v -1.9 1.2 1
v -1.9 1.2 0.9
v -1.9 1.2 0.7
v -1.9 1.2 0.6
v -1.9 1.2 -0.6
v -1.9 1.2 -0.7
v -1.9 1.2 -0.9
v -1.9 1.2 -1
v -1.9 1.3 0.9
v -1.9 1.3 0.8
v -1.9 1.3 0.6
v -1.9 1.3 0.5
v -1.9 1.3 -0.5
v -1.9 1.3 -0.6
v -1.9 1.3 -0.8
v -1.9 1.3 -0.9
v -1.9 1.4 0.8
v -1.9 1.4 0.7
v -1.9 1.4 0.5
v -1.9 1.4 0.4
v -1.9 1.4 -0.4
v -1.9 1.4 -0.5
v -1.9 1.4 -0.7
v -1.9 1.4 -0.8
v -1.9 1.5 0.7
v -1.9 1.5 0.6
v -1.9 1.5 0.4
v -1.9 1.5 0.3
v -1.9 1.5 -0.3
v -1.9 1.5 -0.4
v -1.9 1.5 -0.6
v -1.9 1.5 -0.7
v -1.9 1.6 0.6
v -1.9 1.6 0.5
v -1.9 1.6 0.3
v -1.9 1.6 0.2
v -1.9 1.6 -0.2
v -1.9 1.6 -0.3
v -1.9 1.6 -0.5
v -1.9 1.6 -0.6
v -1.9 1.7 0.5
v -1.9 1.7 0.4
v -1.9 1.7 0.2
v -1.9 1.7 0.0999999
v -1.9 1.7 -0.1
v -1.9 1.7 -0.2
v -1.9 1.7 -0.4
v -1.9 1.7 -0.5
v -1.9 1.8 0.4
v -1.9 1.8 0.3
v -1.9 1.8 0.0999999
v -1.9 1.8 -0.1
v -1.9 1.8 -0.3
v -1.9 1.8 -0.4
v -1.9 1.9 0.3
v -1.9 1.9 0.2
v -1.9 1.9 -0.2
v -1.9 1.9 -0.3
v -1.9 2.1 0.3
v -1.9 2.1 0.2
v -1.9 2.1 -0.2
v -1.9 2.1 -0.3
v -1.9 2.2 0.4
v -1.9 2.2 0.3
v -1.9 2.2 0.0999999
v -1.9 2.2 -0.1
v -1.9 2.2 -0.3
v -1.9 2.2 -0.4
v -1.9 2.3 0.5
v -1.9 2.3 0.4
v -1.9 2.3 0.2
v -1.9 2.3 0.0999999
v -1.9 2.3 -0.1
v -1.9 2.3 -0.2
v -1.9 2.3 -0.4
v -1.9 2.3 -0.5
v -1.9 2.4 0.6
v -1.9 2.4 0.5
v -1.9 2.4 0.3
v -1.9 2.4 0.2
v -1.9 2.4 -0.2
v -1.9 2.4 -0.3
v -1.9 2.4 -0.5
v -1.9 2.4 -0.6
v -1.9 2.5 0.7
v -1.9 2.5 0.6
v -1.9 2.5 0.4
v -1.9 2.5 0.3
v -1.9 2.5 -0.3
v -1.9 2.5 -0.4
v -1.9 2.5 -0.6
v -1.9 2.5 -0.7
v -1.9 2.6 0.8
v -1.9 2.6 0.7
v -1.9 2.6 0.5
v -1.9 2.6 0.4
v -1.9 2.6 -0.4
v -1.9 2.6 -0.5
v -1.9 2.6 -0.7
v -1.9 2.6 -0.8
v -1.9 2.7 0.9
v -1.9 2.7 0.8
v -1.9 2.7 0.6
v -1.9 2.7 0.5
v -1.9 2.7 -0.5
v -1.9 2.7 -0.6
v -1.9 2.7 -0.8
v -1.9 2.7 -0.9
v -1.9 2.8 1
v -1.9 2.8 0.9
v -1.9 2.8 0.7
v -1.9 2.8 0.6
v -1.9 2.8 -0.6
v -1.9 2.8 -0.7
v -1.9 2.8 -0.9
v -1.9 2.8 -1
v -1.9 2.9 1.1
v -1.9 2.9 1
v -1.9 2.9 0.8
v -1.9 2.9 0.7
v -1.9 2.9 -0.7
v -1.9 2.9 -0.8
v -1.9 2.9 -1
v -1.9 2.9 -1.1
v -1.9 3 1.2
v -1.9 3 1.1
v -1.9 3 0.9
v -1.9 3 0.8
v -1.9 3 -0.8
v -1.9 3 -0.9
v -1.9 3 -1.1
v -1.9 3 -1.2
v -1.9 3.1 1.3
v -1.9 3.1 1.2
v -1.9 3.1 1
v -1.9 3.1 0.9
v -1.9 3.1 -0.9
v -1.9 3.1 -1
v -1.9 3.1 -1.2
v -1.9 3.1 -1.3
v -1.9 3.2 1.4
v -1.9 3.2 1.3
v -1.9 3.2 1.1
v -1.9 3.2 1
v -1.9 3.2 -1
v -1.9 3.2 -1.1
v -1.9 3.2 -1.3
v -1.9 3.2 -1.4
v -1.9 3.3 1.5
v -1.9 3.3 1.4
v -1.9 3.3 1.2
v -1.9 3.3 1.1
v -1.9 3.3 -1.1
v -1.9 3.3 -1.2
v -1.9 3.3 -1.4
v -1.9 3.3 -1.5
v -1.9 3.4 1.6
v -1.9 3.4 1.5
v -1.9 3.4 1.3
v -1.9 3.4 1.2
v -1.9 3.4 -1.2
v -1.9 3.4 -1.3
v -1.9 3.4 -1.5
v -1.9 3.4 -1.6
v -1.9 3.5 1.7
v -1.9 3.5 1.6
v -1.9 3.5 1.4
v -1.9 3.5 1.3
v -1.9 3.5 -1.3
v -1.9 3.5 -1.4
v -1.9 3.5 -1.6
v -1.9 3.5 -1.7
v -1.9 3.6 1.8
v -1.9 3.6 1.7
v -1.9 3.6 1.5
v -1.9 3.6 1.4
v -1.9 3.6 -1.4
v -1.9 3.6 -1.5
v -1.9 3.6 -1.7
v -1.9 3.6 -1.8
v -1.9 3.7 1.6
v -1.9 3.7 1.5
v -1.9 3.7 -1.5
v -1.9 3.7 -1.6
v -1.9 3.8 1.6
v -1.9 3.8 -1.6
v -1.7 0 1.6
v -1.7 0 1.5
v -1.7 0 -1.5
v -1.7 0 -1.6
v -1.7 0.1 1.6
v -1.7 0.1 1.5
v -1.7 0.1 -1.5
v -1.7 0.1 -1.6
v -1.7 0.4 2
v -1.7 0.4 1.9
v -1.7 0.4 -1.9
v -1.7 0.4 -2
v -1.7 0.5 2
v -1.7 0.5 1.9
v -1.7 0.5 -1.9
v -1.7 0.5 -2
v -1.7 3.5 2
v -1.7 3.5 1.9
v -1.7 3.5 -1.9
v -1.7 3.5 -2
v -1.7 3.6 2
v -1.7 3.6 1.9
v -1.7 3.6 -1.9
v -1.7 3.6 -2
v -1.7 3.9 1.6
v -1.7 3.9 1.5
v -1.7 3.9 -1.5
v -1.7 3.9 -1.6
v -1.7 4 1.6
v -1.7 4 1.5
v -1.7 4 -1.5
v -1.7 4 -1.6
v -1.6 0 1.5
v -1.6 0 1.4
v -1.6 0 -1.4
v -1.6 0 -1.5
v -1.6 0.1 1.5
v -1.6 0.1 1.4
v -1.6 0.1 -1.4
v -1.6 0.1 -1.5
v -1.6 0.5 2
v -1.6 0.5 1.9
v -1.6 0.5 -1.9
v -1.6 0.5 -2
v -1.6 0.6 2
v -1.6 0.6 1.9
v -1.6 0.6 -1.9
v -1.6 0.6 -2
v -1.6 3.4 2
v -1.6 3.4 1.9
v -1.6 3.4 -1.9
v -1.6 3.4 -2
v -1.6 3.5 2
v -1.6 3.5 1.9
v -1.6 3.5 -1.9
v -1.6 3.5 -2
v -1.6 3.9 1.5
v -1.6 3.9 1.4
v -1.6 3.9 -1.4
v -1.6 3.9 -1.5
v -1.6 4 1.5
v -1.6 4 1.4
v -1.6 4 -1.4
v -1.6 4 -1.5
v -1.5 0 1.4
v -1.5 0 1.3
v -1.5 0 -1.3
v -1.5 0 -1.4
v -1.5 0.1 1.4
v -1.5 0.1 1.3
v -1.5 0.1 -1.3
v -1.5 0.1 -1.4
v -1.5 0.6 2
v -1.5 0.6 1.9
v -1.5 0.6 -1.9
v -1.5 0.6 -2
v -1.5 0.7 2
v -1.5 0.7 1.9
v -1.5 0.7 -1.9
v -1.5 0.7 -2
v -1.5 3.3 2
v -1.5 3.3 1.9
v -1.5 3.3 -1.9
v -1.5 3.3 -2
v -1.5 3.4 2
v -1.5 3.4 1.9
v -1.5 3.4 -1.9
v -1.5 3.4 -2
v -1.5 3.9 1.4
v -1.5 3.9 1.3
v -1.5 3.9 -1.3
v -1.5 3.9 -1.4
v -1.5 4 1.4
v -1.5 4 1.3
v -1.5 4 -1.3
v -1.5 4 -1.4
v -1.4 0 1.3
v -1.4 0 1.2
v -1.4 0 -1.2
v -1.4 0 -1.3
v -1.4 0.1 1.3
v -1.4 0.1 1.2
v -1.4 0.1 -1.2
v -1.4 0.1 -1.3
v -1.4 0.7 2
v -1.4 0.7 1.9
v -1.4 0.7 -1.9
v -1.4 0.7 -2
v -1.4 0.8 2
v -1.4 0.8 1.9
v -1.4 0.8 -1.9
v -1.4 0.8 -2
v -1.4 3.2 2
v -1.4 3.2 1.9
v -1.4 3.2 -1.9
v -1.4 3.2 -2
v -1.4 3.3 2
v -1.4 3.3 1.9
v -1.4 3.3 -1.9
v -1.4 3.3 -2
v -1.4 3.9 1.3
v -1.4 3.9 1.2
v -1.4 3.9 -1.2
v -1.4 3.9 -1.3
v -1.4 4 1.3
v -1.4 4 1.2
v -1.4 4 -1.2
v -1.4 4 -1.3
v -1.3 0 1.2
v -1.3 0 1.1
v -1.3 0 -1.1
v -1.3 0 -1.2
v -1.3 0.1 1.2
v -1.3 0.1 1.1
v -1.3 0.1 -1.1
v -1.3 0.1 -1.2
v -1.3 0.8 2
v -1.3 0.8 1.9
v -1.3 0.8 -1.9
v -1.3 0.8 -2
v -1.3 0.9 2
v -1.3 0.9 1.9
v -1.3 0.9 -1.9
v -1.3 0.9 -2
v -1.3 3.1 2
v -1.3 3.1 1.9
v -1.3 3.1 -1.9
v -1.3 3.1 -2
v -1.3 3.2 2
v -1.3 3.2 1.9
v -1.3 3.2 -1.9
v -1.3 3.2 -2
v -1.3 3.9 1.2
v -1.3 3.9 1.1
v -1.3 3.9 -1.1
v -1.3 3.9 -1.2
v -1.3 4 1.2
v -1.3 4 1.1
v -1.3 4 -1.1
v -1.3 4 -1.2
v -1.2 0 1.1
v -1.2 0 1
v -1.2 0 -1
v -1.2 0 -1.1
v -1.2 0.1 1.1
v -1.2 0.1 1
v -1.2 0.1 -1
v -1.2 0.1 -1.1
v -1.2 0.9 2
v -1.2 0.9 1.9
v -1.2 0.9 -1.9
v -1.2 0.9 -2
v -1.2 1 2
v -1.2 1 1.9
v -1.2 1 -1.9
v -1.2 1 -2
v -1.2 3 2
v -1.2 3 1.9
v -1.2 3 -1.9
v -1.2 3 -2
v -1.2 3.1 2
v -1.2 3.1 1.9
v -1.2 3.1 -1.9
v -1.2 3.1 -2
v -1.2 3.9 1.1
v -1.2 3.9 1
v -1.2 3.9 -1
v -1.2 3.9 -1.1
v -1.2 4 1.1
v -1.2 4 1
v -1.2 4 -1
v -1.2 4 -1.1
v -1.1 0 1
v -1.1 0 0.9
v -1.1 0 -0.9
v -1.1 0 -1
v -1.1 0.1 1
v -1.1 0.1 0.9
v -1.1 0.1 -0.9
v -1.1 0.1 -1
v -1.1 1 2
v -1.1 1 1.9
v -1.1 1 -1.9
v -1.1 1 -2
v -1.1 1.1 2
v -1.1 1.1 1.9
v -1.1 1.1 -1.9
v -1.1 1.1 -2
v -1.1 2.9 2
v -1.1 2.9 1.9
v -1.1 2.9 -1.9
v -1.1 2.9 -2
v -1.1 3 2
v -1.1 3 1.9
v -1.1 3 -1.9
v -1.1 3 -2
v -1.1 3.9 1
v -1.1 3.9 0.9
v -1.1 3.9 -0.9
v -1.1 3.9 -1
v -1.1 4 1
v -1.1 4 0.9
v -1.1 4 -0.9
v -1.1 4 -1
v -1 0 0.9
v -1 0 0.8
v -1 0 -0.8
v -1 0 -0.9
v -1 0.1 0.9
v -1 0.1 0.8
v -1 0.1 -0.8
v -1 0.1 -0.9
v -1 1.1 2
v -1 1.1 1.9
v -1 1.1 -1.9
v -1 1.1 -2
v -1 1.2 2
v -1 1.2 1.9
v -1 1.2 -1.9
v -1 1.2 -2
v -1 2.8 2
v -1 2.8 1.9
v -1 2.8 -1.9
v -1 2.8 -2
v -1 2.9 2
v -1 2.9 1.9
v -1 2.9 -1.9
v -1 2.9 -2
v -1 3.9 0.9
v -1 3.9 0.8
v -1 3.9 -0.8
v -1 3.9 -0.9
v -1 4 0.9
v -1 4 0.8
v -1 4 -0.8
v -1 4 -0.9
v -0.9 0 0.8
v -0.9 0 0.7
v -0.9 0 -0.7
v -0.9 0 -0.8
v -0.9 0.1 0.8
v -0.9 0.1 0.7
v -0.9 0.1 -0.7
v -0.9 0.1 -0.8
v -0.9 1.2 2
v -0.9 1.2 1.9
v -0.9 1.2 -1.9
v -0.9 1.2 -2
v -0.9 1.3 2
v -0.9 1.3 1.9
v -0.9 1.3 -1.9
v -0.9 1.3 -2
v -0.9 2.7 2
v -0.9 2.7 1.9
v -0.9 2.7 -1.9
v -0.9 2.7 -2
v -0.9 2.8 2
v -0.9 2.8 1.9
v -0.9 2.8 -1.9
v -0.9 2.8 -2
v -0.9 3.9 0.8
v -0.9 3.9 0.7
v -0.9 3.9 -0.7
v -0.9 3.9 -0.8
v -0.9 4 0.8
v -0.9 4 0.7
v -0.9 4 -0.7
v -0.9 4 -0.8
v -0.8 0 0.7
v -0.8 0 0.6
v -0.8 0 -0.6
v -0.8 0 -0.7
v -0.8 0.1 0.7
v -0.8 0.1 0.6
v -0.8 0.1 -0.6
v -0.8 0.1 -0.7
v -0.8 1.3 2
v -0.8 1.3 1.9
v -0.8 1.3 -1.9
v -0.8 1.3 -2
v -0.8 1.4 2
v -0.8 1.4 1.9
v -0.8 1.4 -1.9
v -0.8 1.4 -2
v -0.8 2.6 2
v -0.8 2.6 1.9
v -0.8 2.6 -1.9
v -0.8 2.6 -2
v -0.8 2.7 2
v -0.8 2.7 1.9
v -0.8 2.7 -1.9
v -0.8 2.7 -2
v -0.8 3.9 0.7
v -0.8 3.9 0.6
v -0.8 3.9 -0.6
v -0.8 3.9 -0.7
v -0.8 4 0.7
v -0.8 4 0.6
v -0.8 4 -0.6
v -0.8 4 -0.7
v -0.7 0 0.6
v -0.7 0 0.5
v -0.7 0 -0.5
v -0.7 0 -0.6
v -0.7 0.1 0.6
v -0.7 0.1 0.5
v -0.7 0.1 -0.5
v -0.7 0.1 -0.6
v -0.7 1.4 2
v -0.7 1.4 1.9
v -0.7 1.4 -1.9
v -0.7 1.4 -2
v -0.7 1.5 2
v -0.7 1.5 1.9
v -0.7 1.5 -1.9
v -0.7 1.5 -2
v -0.7 2.5 2
v -0.7 2.5 1.9
v -0.7 2.5 -1.9
v -0.7 2.5 -2
v -0.7 2.6 2
v -0.7 2.6 1.9
v -0.7 2.6 -1.9
v -0.7 2.6 -2
v -0.7 3.9 0.6
v -0.7 3.9 0.5
v -0.7 3.9 -0.5
v -0.7 3.9 -0.6
v -0.7 4 0.6
v -0.7 4 0.5
v -0.7 4 -0.5
v -0.7 4 -0.6
v -0.6 0 0.5
v -0.6 0 0.4
v -0.6 0 -0.4
v -0.6 0 -0.5
v -0.6 0.1 0.5
v -0.6 0.1 0.4
v -0.6 0.1 -0.4
v -0.6 0.1 -0.5
v -0.6 1.5 2
v -0.6 1.5 1.9
v -0.6 1.5 -1.9
v -0.6 1.5 -2
v -0.6 1.6 2
v -0.6 1.6 1.9
v -0.6 1.6 -1.9
v -0.6 1.6 -2
v -0.6 2.4 2
v -0.6 2.4 1.9
v -0.6 2.4 -1.9
v -0.6 2.4 -2
v -0.6 2.5 2
v -0.6 2.5 1.9
v -0.6 2.5 -1.9
v -0.6 2.5 -2
v -0.6 3.9 0.5
v -0.6 3.9 0.4
v -0.6 3.9 -0.4
v -0.6 3.9 -0.5
v -0.6 4 0.5
v -0.6 4 0.4
v -0.6 4 -0.4
v -0.6 4 -0.5
v -0.5 0 0.4
v -0.5 0 0.3
v -0.5 0 -0.3
v -0.5 0 -0.4
v -0.5 0.1 0.4
v -0.5 0.1 0.3
v -0.5 0.1 -0.3
v -0.5 0.1 -0.4
v -0.5 1.6 2
v -0.5 1.6 1.9
v -0.5 1.6 -1.9
v -0.5 1.6 -2
v -0.5 1.7 2
v -0.5 1.7 1.9
v -0.5 1.7 -1.9
v -0.5 1.7 -2
v -0.5 2.3 2
v -0.5 2.3 1.9
v -0.5 2.3 -1.9
v -0.5 2.3 -2
v -0.5 2.4 2
v -0.5 2.4 1.9
v -0.5 2.4 -1.9
v -0.5 2.4 -2
v -0.5 3.9 0.4
v -0.5 3.9 0.3
v -0.5 3.9 -0.3
v -0.5 3.9 -0.4
v -0.5 4 0.4
v -0.5 4 0.3
v -0.5 4 -0.3
v -0.5 4 -0.4
v -0.4 0 0.3
v -0.4 0 0.2
v -0.4 0 -0.2
v -0.4 0 -0.3
v -0.4 0.1 0.3
v -0.4 0.1 0.2
v -0.4 0.1 -0.2
v -0.4 0.1 -0.3
v -0.4 1.7 2
v -0.4 1.7 1.9
v -0.4 1.7 -1.9
v -0.4 1.7 -2
v -0.4 1.8 2
v -0.4 1.8 1.9
v -0.4 1.8 -1.9
v -0.4 1.8 -2
v -0.4 2.2 2
v -0.4 2.2 1.9
v -0.4 2.2 -1.9
v -0.4 2.2 -2
v -0.4 2.3 2
v -0.4 2.3 1.9
v -0.4 2.3 -1.9
v -0.4 2.3 -2
v -0.4 3.9 0.3
v -0.4 3.9 0.2
v -0.4 3.9 -0.2
v -0.4 3.9 -0.3
v -0.4 4 0.3
v -0.4 4 0.2
v -0.4 4 -0.2
v -0.4 4 -0.3
v -0.3 0 0.2
v -0.3 0 -2.38419e-07
v -0.3 0 -0.1
v -0.3 0 -0.2
v -0.3 0.1 0.2
v -0.3 0.1 -2.38419e-07
v -0.3 0.1 -0.1
v -0.3 0.1 -0.2
v -0.3 1.8 2
v -0.3 1.8 1.9
v -0.3 1.8 -1.9
v -0.3 1.8 -2
v -0.3 1.9 2
v -0.3 1.9 1.9
v -0.3 1.9 -1.9
v -0.3 1.9 -2
v -0.3 2.1 2
v -0.3 2.1 1.9
v -0.3 2.1 -1.9
v -0.3 2.1 -2
v -0.3 2.2 2
v -0.3 2.2 1.9
v -0.3 2.2 -1.9
v -0.3 2.2 -2
v -0.3 3.9 0.2
v -0.3 3.9 0.0999999
v -0.3 3.9 -0.1
v -0.3 3.9 -0.2
v -0.3 4 0.2
v -0.3 4 0.0999999
v -0.3 4 -0.1
v -0.3 4 -0.2
v -0.2 0 -2.38419e-07
v -0.2 0 -0.1
v -0.2 0.1 -2.38419e-07
v -0.2 0.1 -0.1
v -0.2 1.9 2
v -0.2 1.9 1.9
v -0.2 1.9 -1.9
v -0.2 1.9 -2
v -0.2 2.1 2
v -0.2 2.1 1.9
v -0.2 2.1 -1.9
v -0.2 2.1 -2
v -0.2 3.9 0.0999999
v -0.2 3.9 -0.1
v -0.2 4 0.0999999
v -0.2 4 -0.1
v 0.1 0 0.3
v 0.1 0 0.2
v 0.1 0 -0.2
v 0.1 0 -0.3
v 0.1 0.1 0.3
v 0.1 0.1 0.2
v 0.1 0.1 -0.2
v 0.1 0.1 -0.3
v 0.1 1.7 2
v 0.1 1.7 1.9
v 0.1 1.7 -1.9
v 0.1 1.7 -2
v 0.1 1.8 2
v 0.1 1.8 1.9
v 0.1 1.8 -1.9
v 0.1 1.8 -2
v 0.1 2.2 2
v 0.1 2.2 1.9
v 0.1 2.2 -1.9
v 0.1 2.2 -2
v 0.1 2.3 2
v 0.1 2.3 1.9
v 0.1 2.3 -1.9
v 0.1 2.3 -2
v 0.1 3.9 0.3
v 0.1 3.9 0.2
v 0.1 3.9 -0.2
v 0.1 3.9 -0.3
v 0.1 4 0.3
v 0.1 4 0.2
v 0.1 4 -0.2
v 0.1 4 -0.3
v 0.2 0 0.4
v 0.2 0 0.3
v 0.2 0 -0.3
v 0.2 0 -0.4
v 0.2 0.1 0.4
v 0.2 0.1 0.3
v 0.2 0.1 -0.3
v 0.2 0.1 -0.4
v 0.2 1.6 2
v 0.2 1.6 1.9
v 0.2 1.6 -1.9
v 0.2 1.6 -2
v 0.2 1.7 2
v 0.2 1.7 1.9
v 0.2 1.7 -1.9
v 0.2 1.7 -2
v 0.2 2.3 2
v 0.2 2.3 1.9
v 0.2 2.3 -1.9
v 0.2 2.3 -2
v 0.2 2.4 2
v 0.2 2.4 1.9
v 0.2 2.4 -1.9
v 0.2 2.4 -2
v 0.2 3.9 0.4
v 0.2 3.9 0.3
v 0.2 3.9 -0.3
v 0.2 3.9 -0.4
v 0.2 4 0.4
v 0.2 4 0.3
v 0.2 4 -0.3
v 0.2 4 -0.4
v 0.3 0 0.5
v 0.3 0 0.4
v 0.3 0 -0.4
v 0.3 0 -0.5
v 0.3 0.1 0.5
v 0.3 0.1 0.4
v 0.3 0.1 -0.4
v 0.3 0.1 -0.5
v 0.3 1.5 2
v 0.3 1.5 1.9
v 0.3 1.5 -1.9
v 0.3 1.5 -2
v 0.3 1.6 2
v 0.3 1.6 1.9
v 0.3 1.6 -1.9
v 0.3 1.6 -2
v 0.3 2.4 2
v 0.3 2.4 1.9
v 0.3 2.4 -1.9
v 0.3 2.4 -2
v 0.3 2.5 2
v 0.3 2.5 1.9
v 0.3 2.5 -1.9
v 0.3 2.5 -2
v 0.3 3.9 0.5
v 0.3 3.9 0.4
v 0.3 3.9 -0.4
v 0.3 3.9 -0.5
v 0.3 4 0.5
v 0.3 4 0.4
v 0.3 4 -0.4
v 0.3 4 -0.5
v 0.4 0 0.6
v 0.4 0 0.5
v 0.4 0 -0.5
v 0.4 0 -0.6
v 0.4 0.1 0.6
v 0.4 0.1 0.5
v 0.4 0.1 -0.5
v 0.4 0.1 -0.6
v 0.4 1.4 2
v 0.4 1.4 1.9
v 0.4 1.4 -1.9
v 0.4 1.4 -2
v 0.4 1.5 2
v 0.4 1.5 1.9
v 0.4 1.5 -1.9
v 0.4 1.5 -2
v 0.4 2.5 2
v 0.4 2.5 1.9
v 0.4 2.5 -1.9
v 0.4 2.5 -2
v 0.4 2.6 2
v 0.4 2.6 1.9
v 0.4 2.6 -1.9
v 0.4 2.6 -2
v 0.4 3.9 0.6
v 0.4 3.9 0.5
v 0.4 3.9 -0.5
v 0.4 3.9 -0.6
v 0.4 4 0.6
v 0.4 4 0.5
v 0.4 4 -0.5
v 0.4 4 -0.6
v 0.5 0 0.7
v 0.5 0 0.6
v 0.5 0 -0.6
v 0.5 0 -0.7
v 0.5 0.1 0.7
v 0.5 0.1 0.6
v 0.5 0.1 -0.6
v 0.5 0.1 -0.7
v 0.5 1.3 2
v 0.5 1.3 1.9
v 0.5 1.3 -1.9
v 0.5 1.3 -2
v 0.5 1.4 2
v 0.5 1.4 1.9
v 0.5 1.4 -1.9
v 0.5 1.4 -2
v 0.5 2.6 2
v 0.5 2.6 1.9
v 0.5 2.6 -1.9
v 0.5 2.6 -2
v 0.5 2.7 2
v 0.5 2.7 1.9
v 0.5 2.7 -1.9
v 0.5 2.7 -2
v 0.5 3.9 0.7
v 0.5 3.9 0.6
v 0.5 3.9 -0.6
v 0.5 3.9 -0.7
v 0.5 4 0.7
v 0.5 4 0.6
v 0.5 4 -0.6
v 0.5 4 -0.7
v 0.6 0 0.8
v 0.6 0 0.7
v 0.6 0 -0.7
v 0.6 0 -0.8
v 0.6 0.1 0.8
v 0.6 0.1 0.7
v 0.6 0.1 -0.7
v 0.6 0.1 -0.8
v 0.6 1.2 2
v 0.6 1.2 1.9
v 0.6 1.2 -1.9
v 0.6 1.2 -2
v 0.6 1.3 2
v 0.6 1.3 1.9
v 0.6 1.3 -1.9
v 0.6 1.3 -2
v 0.6 2.7 2
v 0.6 2.7 1.9
v 0.6 2.7 -1.9
v 0.6 2.7 -2
v 0.6 2.8 2
v 0.6 2.8 1.9
v 0.6 2.8 -1.9
v 0.6 2.8 -2
v 0.6 3.9 0.8
v 0.6 3.9 0.7
v 0.6 3.9 -0.7
v 0.6 3.9 -0.8
v 0.6 4 0.8
v 0.6 4 0.7
v 0.6 4 -0.7
v 0.6 4 -0.8
v 0.7 0 0.9
v 0.7 0 0.8
v 0.7 0 -0.8
v 0.7 0 -0.9
v 0.7 0.1 0.9
v 0.7 0.1 0.8
v 0.7 0.1 -0.8
v 0.7 0.1 -0.9
v 0.7 1.1 2
v 0.7 1.1 1.9
v 0.7 1.1 -1.9
v 0.7 1.1 -2
v 0.7 1.2 2
v 0.7 1.2 1.9
v 0.7 1.2 -1.9
v 0.7 1.2 -2
v 0.7 2.8 2
v 0.7 2.8 1.9
v 0.7 2.8 -1.9
v 0.7 2.8 -2
v 0.7 2.9 2
v 0.7 2.9 1.9
v 0.7 2.9 -1.9
v 0.7 2.9 -2
v 0.7 3.9 0.9
v 0.7 3.9 0.8
v 0.7 3.9 -0.8
v 0.7 3.9 -0.9
v 0.7 4 0.9
v 0.7 4 0.8
v 0.7 4 -0.8
v 0.7 4 -0.9
v 0.8 0 1
v 0.8 0 0.9
v 0.8 0 -0.9
v 0.8 0 -1
v 0.8 0.1 1
v 0.8 0.1 0.9
v 0.8 0.1 -0.9
v 0.8 0.1 -1
v 0.8 1 2
v 0.8 1 1.9
v 0.8 1 -1.9
v 0.8 1 -2
v 0.8 1.1 2
v 0.8 1.1 1.9
v 0.8 1.1 -1.9
v 0.8 1.1 -2
v 0.8 2.9 2
v 0.8 2.9 1.9
v 0.8 2.9 -1.9
v 0.8 2.9 -2
v 0.8 3 2
v 0.8 3 1.9
v 0.8 3 -1.9
v 0.8 3 -2
v 0.8 3.9 1
v 0.8 3.9 0.9
v 0.8 3.9 -0.9
v 0.8 3.9 -1
v 0.8 4 1
v 0.8 4 0.9
v 0.8 4 -0.9
v 0.8 4 -1
v 0.9 0 1.1
v 0.9 0 1
v 0.9 0 -1
v 0.9 0 -1.1
v 0.9 0.1 1.1
v 0.9 0.1 1
v 0.9 0.1 -1
v 0.9 0.1 -1.1
v 0.9 0.9 2
v 0.9 0.9 1.9
v 0.9 0.9 -1.9
v 0.9 0.9 -2
v 0.9 1 2
v 0.9 1 1.9
v 0.9 1 -1.9
v 0.9 1 -2
v 0.9 3 2
v 0.9 3 1.9
v 0.9 3 -1.9
v 0.9 3 -2
v 0.9 3.1 2
v 0.9 3.1 1.9
v 0.9 3.1 -1.9
v 0.9 3.1 -2
v 0.9 3.9 1.1
v 0.9 3.9 1
v 0.9 3.9 -1
v 0.9 3.9 -1.1
v 0.9 4 1.1
v 0.9 4 1
v 0.9 4 -1
v 0.9 4 -1.1
v 1 0 1.2
v 1 0 1.1
v 1 0 -1.1
v 1 0 -1.2
v 1 0.1 1.2
v 1 0.1 1.1
v 1 0.1 -1.1
v 1 0.1 -1.2
v 1 0.8 2
v 1 0.8 1.9
v 1 0.8 -1.9
v 1 0.8 -2
v 1 0.9 2
v 1 0.9 1.9
v 1 0.9 -1.9
v 1 0.9 -2
v 1 3.1 2
v 1 3.1 1.9
v 1 3.1 -1.9
v 1 3.1 -2
v 1 3.2 2
v 1 3.2 1.9
v 1 3.2 -1.9
v 1 3.2 -2
v 1 3.9 1.2
v 1 3.9 1.1
v 1 3.9 -1.1
v 1 3.9 -1.2
v 1 4 1.2
v 1 4 1.1
v 1 4 -1.1
v 1 4 -1.2
v 1.1 0 1.3
v 1.1 0 1.2
v 1.1 0 -1.2
v 1.1 0 -1.3
v 1.1 0.1 1.3
v 1.1 0.1 1.2
v 1.1 0.1 -1.2
v 1.1 0.1 -1.3
v 1.1 0.7 2
v 1.1 0.7 1.9
v 1.1 0.7 -1.9
v 1.1 0.7 -2
v 1.1 0.8 2
v 1.1 0.8 1.9
v 1.1 0.8 -1.9
v 1.1 0.8 -2
v 1.1 3.2 2
v 1.1 3.2 1.9
v 1.1 3.2 -1.9
v 1.1 3.2 -2
v 1.1 3.3 2
v 1.1 3.3 1.9
v 1.1 3.3 -1.9
v 1.1 3.3 -2
v 1.1 3.9 1.3
v 1.1 3.9 1.2
v 1.1 3.9 -1.2
v 1.1 3.9 -1.3
v 1.1 4 1.3
v 1.1 4 1.2
v 1.1 4 -1.2
v 1.1 4 -1.3
v 1.2 0 1.4
v 1.2 0 1.3
v 1.2 0 -1.3
v 1.2 0 -1.4
v 1.2 0.1 1.4
v 1.2 0.1 1.3
v 1.2 0.1 -1.3
v 1.2 0.1 -1.4
v 1.2 0.6 2
v 1.2 0.6 1.9
v 1.2 0.6 -1.9
v 1.2 0.6 -2
v 1.2 0.7 2
v 1.2 0.7 1.9
v 1.2 0.7 -1.9
v 1.2 0.7 -2
v 1.2 3.3 2
v 1.2 3.3 1.9
v 1.2 3.3 -1.9
v 1.2 3.3 -2
v 1.2 3.4 2
v 1.2 3.4 1.9
v 1.2 3.4 -1.9
v 1.2 3.4 -2
v 1.2 3.9 1.4
v 1.2 3.9 1.3
v 1.2 3.9 -1.3
v 1.2 3.9 -1.4
v 1.2 4 1.4
v 1.2 4 1.3
v 1.2 4 -1.3
v 1.2 4 -1.4
v 1.3 0 1.5
v 1.3 0 1.4
v 1.3 0 -1.4
v 1.3 0 -1.5
v 1.3 0.1 1.5
v 1.3 0.1 1.4
v 1.3 0.1 -1.4
v 1.3 0.1 -1.5
v 1.3 0.5 2
v 1.3 0.5 1.9
v 1.3 0.5 -1.9
v 1.3 0.5 -2
v 1.3 0.6 2
v 1.3 0.6 1.9
v 1.3 0.6 -1.9
v 1.3 0.6 -2
v 1.3 3.4 2
v 1.3 3.4 1.9
v 1.3 3.4 -1.9
v 1.3 3.4 -2
v 1.3 3.5 2
v 1.3 3.5 1.9
v 1.3 3.5 -1.9
v 1.3 3.5 -2
v 1.3 3.9 1.5
v 1.3 3.9 1.4
v 1.3 3.9 -1.4
v 1.3 3.9 -1.5
v 1.3 4 1.5
v 1.3 4 1.4
v 1.3 4 -1.4
v 1.3 4 -1.5
v 1.4 0 1.6
v 1.4 0 1.5
v 1.4 0 -1.5
v 1.4 0 -1.6
v 1.4 0.1 1.6
v 1.4 0.1 1.5
v 1.4 0.1 -1.5
v 1.4 0.1 -1.6
v 1.4 0.4 2
v 1.4 0.4 1.9
v 1.4 0.4 -1.9
v 1.4 0.4 -2
v 1.4 0.5 2
v 1.4 0.5 1.9
v 1.4 0.5 -1.9
v 1.4 0.5 -2
v 1.4 3.5 2
v 1.4 3.5 1.9
v 1.4 3.5 -1.9
v 1.4 3.5 -2
v 1.4 3.6 2
v 1.4 3.6 1.9
v 1.4 3.6 -1.9
v 1.4 3.6 -2
v 1.4 3.9 1.6
v 1.4 3.9 1.5
v 1.4 3.9 -1.5
v 1.4 3.9 -1.6
v 1.4 4 1.6
v 1.4 4 1.5
v 1.4 4 -1.5
v 1.4 4 -1.6
v 1.5 0 1.7
v 1.5 0 1.6
v 1.5 0 -1.6
v 1.5 0 -1.7
v 1.5 0.1 1.7
v 1.5 0.1 1.6
v 1.5 0.1 -1.6
v 1.5 0.1 -1.7
v 1.5 0.3 2
v 1.5 0.3 1.9
v 1.5 0.3 -1.9
v 1.5 0.3 -2
v 1.5 0.4 2
v 1.5 0.4 1.9
v 1.5 0.4 -1.9
v 1.5 0.4 -2
v 1.5 3.6 2
v 1.5 3.6 1.9
v 1.5 3.6 -1.9
v 1.5 3.6 -2
v 1.5 3.7 2
v 1.5 3.7 1.9
v 1.5 3.7 -1.9
v 1.5 3.7 -2
v 1.5 3.9 1.7
v 1.5 3.9 1.6
v 1.5 3.9 -1.6
v 1.5 3.9 -1.7
v 1.5 4 1.7
v 1.5 4 1.6
v 1.5 4 -1.6
v 1.5 4 -1.7
v 1.6 0 1.8
v 1.6 0 1.7
v 1.6 0 -1.7
v 1.6 0 -1.8
v 1.6 0.1 1.8
v 1.6 0.1 1.7
v 1.6 0.1 -1.7
v 1.6 0.1 -1.8
v 1.6 0.2 2
v 1.6 0.2 1.9
v 1.6 0.2 -1.9
v 1.6 0.2 -2
v 1.6 0.3 2
v 1.6 0.3 1.9
v 1.6 0.3 -1.9
v 1.6 0.3 -2
v 1.6 3.7 2
v 1.6 3.7 1.9
v 1.6 3.7 -1.9
v 1.6 3.7 -2
v 1.6 3.8 2
v 1.6 3.8 1.9
v 1.6 3.8 -1.9
v 1.6 3.8 -2
v 1.6 3.9 1.8
v 1.6 3.9 1.7
v 1.6 3.9 -1.7
v 1.6 3.9 -1.8
v 1.6 4 1.8
v 1.6 4 1.7
v 1.6 4 -1.7
v 1.6 4 -1.8
v 1.8 0 1.6
v 1.8 0 -1.6
v 1.8 0.1 1.6
v 1.8 0.1 -1.6
v 1.8 0.4 2
v 1.8 0.4 1.9
v 1.8 0.4 -1.9
v 1.8 0.4 -2
v 1.8 3.6 2
v 1.8 3.6 1.9
v 1.8 3.6 -1.9
v 1.8 3.6 -2
v 1.8 3.9 1.6
v 1.8 3.9 -1.6
v 1.8 4 1.6
v 1.8 4 -1.6
v -1.8 0 1.6
v -1.8 0 -1.6
v -1.8 0.1 1.6
v -1.8 0.1 -1.6
v -1.8 0.4 2
v -1.8 0.4 1.9
v -1.8 0.4 -1.9
v -1.8 0.4 -2
v -1.8 3.6 2
v -1.8 3.6 1.9
v -1.8 3.6 -1.9
v -1.8 3.6 -2
v -1.8 3.9 1.6
v -1.8 3.9 -1.6
v -1.8 4 1.6
v -1.8 4 -1.6
v -1.6 0 1.8
v -1.6 0 1.7
v -1.6 0 -1.7
v -1.6 0 -1.8
v -1.6 0.1 1.8
v -1.6 0.1 1.7
v -1.6 0.1 -1.7
v -1.6 0.1 -1.8
v -1.6 0.2 2
v -1.6 0.2 1.9
v -1.6 0.2 -1.9
v -1.6 0.2 -2
v -1.6 0.3 2
v -1.6 0.3 1.9
v -1.6 0.3 -1.9
v -1.6 0.3 -2
v -1.6 3.7 2
v -1.6 3.7 1.9
v -1.6 3.7 -1.9
v -1.6 3.7 -2
v -1.6 3.8 2
v -1.6 3.8 1.9
v -1.6 3.8 -1.9
v -1.6 3.8 -2
v -1.6 3.9 1.8
v -1.6 3.9 1.7
v -1.6 3.9 -1.7
v -1.6 3.9 -1.8
v -1.6 4 1.8
v -1.6 4 1.7
v -1.6 4 -1.7
v -1.6 4 -1.8
v -1.5 0 1.7
v -1.5 0 1.6
v -1.5 0 -1.6
v -1.5 0 -1.7
v -1.5 0.1 1.7
v -1.5 0.1 1.6
v -1.5 0.1 -1.6
v -1.5 0.1 -1.7
v -1.5 0.3 2
v -1.5 0.3 1.9
v -1.5 0.3 -1.9
v -1.5 0.3 -2
v -1.5 0.4 2
v -1.5 0.4 1.9
v -1.5 0.4 -1.9
v -1.5 0.4 -2
v -1.5 3.6 2
v -1.5 3.6 1.9
v -1.5 3.6 -1.9
v -1.5 3.6 -2
v -1.5 3.7 2
v -1.5 3.7 1.9
v -1.5 3.7 -1.9
v -1.5 3.7 -2
v -1.5 3.9 1.7
v -1.5 3.9 1.6
v -1.5 3.9 -1.6
v -1.5 3.9 -1.7
v -1.5 4 1.7
v -1.5 4 1.6
v -1.5 4 -1.6
v -1.5 4 -1.7
v -1.4 0 1.6
v -1.4 0 1.5
v -1.4 0 -1.5
v -1.4 0 -1.6
v -1.4 0.1 1.6
v -1.4 0.1 1.5
v -1.4 0.1 -1.5
v -1.4 0.1 -1.6
v -1.4 0.4 2
v -1.4 0.4 1.9
v -1.4 0.4 -1.9
v -1.4 0.4 -2
v -1.4 0.5 2
v -1.4 0.5 1.9
v -1.4 0.5 -1.9
v -1.4 0.5 -2
v -1.4 3.5 2
v -1.4 3.5 1.9
v -1.4 3.5 -1.9
v -1.4 3.5 -2
v -1.4 3.6 2
v -1.4 3.6 1.9
v -1.4 3.6 -1.9
v -1.4 3.6 -2
v -1.4 3.9 1.6
v -1.4 3.9 1.5
v -1.4 3.9 -1.5
v -1.4 3.9 -1.6
v -1.4 4 1.6
v -1.4 4 1.5
v -1.4 4 -1.5
v -1.4 4 -1.6
v -1.3 0 1.5
v -1.3 0 1.4
v -1.3 0 -1.4
v -1.3 0 -1.5
v -1.3 0.1 1.5
v -1.3 0.1 1.4
v -1.3 0.1 -1.4
v -1.3 0.1 -1.5
v -1.3 0.5 2
v -1.3 0.5 1.9
v -1.3 0.5 -1.9
v -1.3 0.5 -2
v -1.3 0.6 2
v -1.3 0.6 1.9
v -1.3 0.6 -1.9
v -1.3 0.6 -2
v -1.3 3.4 2
v -1.3 3.4 1.9
v -1.3 3.4 -1.9
v -1.3 3.4 -2
v -1.3 3.5 2
v -1.3 3.5 1.9
v -1.3 3.5 -1.9
v -1.3 3.5 -2
v -1.3 3.9 1.5
v -1.3 3.9 1.4
v -1.3 3.9 -1.4
v -1.3 3.9 -1.5
v -1.3 4 1.5
v -1.3 4 1.4
v -1.3 4 -1.4
v -1.3 4 -1.5
v -1.2 0 1.4
v -1.2 0 1.3
v -1.2 0 -1.3
v -1.2 0 -1.4
v -1.2 0.1 1.4
v -1.2 0.1 1.3
v -1.2 0.1 -1.3
v -1.2 0.1 -1.4
v -1.2 0.6 2
v -1.2 0.6 1.9
v -1.2 0.6 -1.9
v -1.2 0.6 -2
v -1.2 0.7 2
v -1.2 0.7 1.9
v -1.2 0.7 -1.9
v -1.2 0.7 -2
v -1.2 3.3 2
v -1.2 3.3 1.9
v -1.2 3.3 -1.9
v -1.2 3.3 -2
v -1.2 3.4 2
v -1.2 3.4 1.9
v -1.2 3.4 -1.9
v -1.2 3.4 -2
v -1.2 3.9 1.4
v -1.2 3.9 1.3
v -1.2 3.9 -1.3
v -1.2 3.9 -1.4
v -1.2 4 1.4
v -1.2 4 1.3
v -1.2 4 -1.3
v -1.2 4 -1.4
v -1.1 0 1.3
v -1.1 0 1.2
v -1.1 0 -1.2
v -1.1 0 -1.3
v -1.1 0.1 1.3
v -1.1 0.1 1.2
v -1.1 0.1 -1.2
v -1.1 0.1 -1.3
v -1.1 0.7 2
v -1.1 0.7 1.9
v -1.1 0.7 -1.9
v -1.1 0.7 -2
v -1.1 0.8 2
v -1.1 0.8 1.9
v -1.1 0.8 -1.9
v -1.1 0.8 -2
v -1.1 3.2 2
v -1.1 3.2 1.9
v -1.1 3.2 -1.9
v -1.1 3.2 -2
v -1.1 3.3 2
v -1.1 3.3 1.9
v -1.1 3.3 -1.9
v -1.1 3.3 -2
v -1.1 3.9 1.3
v -1.1 3.9 1.2
v -1.1 3.9 -1.2
v -1.1 3.9 -1.3
v -1.1 4 1.3
v -1.1 4 1.2
v -1.1 4 -1.2
v -1.1 4 -1.3
v -1 0 1.2
v -1 0 1.1
v -1 0 -1.1
v -1 0 -1.2
v -1 0.1 1.2
v -1 0.1 1.1
v -1 0.1 -1.1
v -1 0.1 -1.2
v -1 0.8 2
v -1 0.8 1.9
v -1 0.8 -1.9
v -1 0.8 -2
v -1 0.9 2
v -1 0.9 1.9
v -1 0.9 -1.9
v -1 0.9 -2
v -1 3.1 2
v -1 3.1 1.9
v -1 3.1 -1.9
v -1 3.1 -2
v -1 3.2 2
v -1 3.2 1.9
v -1 3.2 -1.9
v -1 3.2 -2
v -1 3.9 1.2
v -1 3.9 1.1
v -1 3.9 -1.1
v -1 3.9 -1.2
v -1 4 1.2
v -1 4 1.1
v -1 4 -1.1
v -1 4 -1.2
v -0.9 0 1.1
v -0.9 0 1
v -0.9 0 -1
v -0.9 0 -1.1
v -0.9 0.1 1.1
v -0.9 0.1 1
v -0.9 0.1 -1
v -0.9 0.1 -1.1
v -0.9 0.9 2
v -0.9 0.9 1.9
v -0.9 0.9 -1.9
v -0.9 0.9 -2
v -0.9 1 2
v -0.9 1 1.9
v -0.9 1 -1.9
v -0.9 1 -2
v -0.9 3 2
v -0.9 3 1.9
v -0.9 3 -1.9
v -0.9 3 -2
v -0.9 3.1 2
v -0.9 3.1 1.9
v -0.9 3.1 -1.9
v -0.9 3.1 -2
v -0.9 3.9 1.1
v -0.9 3.9 1
v -0.9 3.9 -1
v -0.9 3.9 -1.1
v -0.9 4 1.1
v -0.9 4 1
v -0.9 4 -1
v -0.9 4 -1.1
v -0.8 0 1
v -0.8 0 0.9
v -0.8 0 -0.9
v -0.8 0 -1
v -0.8 0.1 1
v -0.8 0.1 0.9
v -0.8 0.1 -0.9
v -0.8 0.1 -1
v -0.8 1 2
v -0.8 1 1.9
v -0.8 1 -1.9
v -0.8 1 -2
v -0.8 1.1 2
v -0.8 1.1 1.9
v -0.8 1.1 -1.9
v -0.8 1.1 -2
v -0.8 2.9 2
v -0.8 2.9 1.9
v -0.8 2.9 -1.9
v -0.8 2.9 -2
v -0.8 3 2
v -0.8 3 1.9
v -0.8 3 -1.9
v -0.8 3 -2
v -0.8 3.9 1
v -0.8 3.9 0.9
v -0.8 3.9 -0.9
v -0.8 3.9 -1
v -0.8 4 1
v -0.8 4 0.9
v -0.8 4 -0.9
v -0.8 4 -1
v -0.7 0 0.9
v -0.7 0 0.8
v -0.7 0 -0.8
v -0.7 0 -0.9
v -0.7 0.1 0.9
v -0.7 0.1 0.8
v -0.7 0.1 -0.8
v -0.7 0.1 -0.9
v -0.7 1.1 2
v -0.7 1.1 1.9
v -0.7 1.1 -1.9
v -0.7 1.1 -2
v -0.7 1.2 2
v -0.7 1.2 1.9
v -0.7 1.2 -1.9
v -0.7 1.2 -2
v -0.7 2.8 2
v -0.7 2.8 1.9
v -0.7 2.8 -1.9
v -0.7 2.8 -2
v -0.7 2.9 2
v -0.7 2.9 1.9
v -0.7 2.9 -1.9
v -0.7 2.9 -2
v -0.7 3.9 0.9
v -0.7 3.9 0.8
v -0.7 3.9 -0.8
v -0.7 3.9 -0.9
v -0.7 4 0.9
v -0.7 4 0.8
v -0.7 4 -0.8
v -0.7 4 -0.9
v -0.6 0 0.8
v -0.6 0 0.7
v -0.6 0 -0.7
v -0.6 0 -0.8
v -0.6 0.1 0.8
v -0.6 0.1 0.7
v -0.6 0.1 -0.7
v -0.6 0.1 -0.8
v -0.6 1.2 2
v -0.6 1.2 1.9
v -0.6 1.2 -1.9
v -0.6 1.2 -2
v -0.6 1.3 2
v -0.6 1.3 1.9
v -0.6 1.3 -1.9
v -0.6 1.3 -2
v -0.6 2.7 2
v -0.6 2.7 1.9
v -0.6 2.7 -1.9
v -0.6 2.7 -2
v -0.6 2.8 2
v -0.6 2.8 1.9
v -0.6 2.8 -1.9
v -0.6 2.8 -2
v -0.6 3.9 0.8
v -0.6 3.9 0.7
v -0.6 3.9 -0.7
v -0.6 3.9 -0.8
v -0.6 4 0.8
v -0.6 4 0.7
v -0.6 4 -0.7
v -0.6 4 -0.8
v -0.5 0 0.7
v -0.5 0 0.6
v -0.5 0 -0.6
v -0.5 0 -0.7
v -0.5 0.1 0.7
v -0.5 0.1 0.6
v -0.5 0.1 -0.6
v -0.5 0.1 -0.7
v -0.5 1.3 2
v -0.5 1.3 1.9
v -0.5 1.3 -1.9
v -0.5 1.3 -2
v -0.5 1.4 2
v -0.5 1.4 1.9
v -0.5 1.4 -1.9
v -0.5 1.4 -2
v -0.5 2.6 2
v -0.5 2.6 1.9
v -0.5 2.6 -1.9
v -0.5 2.6 -2
v -0.5 2.7 2
v -0.5 2.7 1.9
v -0.5 2.7 -1.9
v -0.5 2.7 -2
v -0.5 3.9 0.7
v -0.5 3.9 0.6
v -0.5 3.9 -0.6
v -0.5 3.9 -0.7
v -0.5 4 0.7
v -0.5 4 0.6
v -0.5 4 -0.6
v -0.5 4 -0.7
v -0.4 0 0.6
v -0.4 0 0.5
v -0.4 0 -0.5
v -0.4 0 -0.6
v -0.4 0.1 0.6
v -0.4 0.1 0.5
v -0.4 0.1 -0.5
v -0.4 0.1 -0.6
v -0.4 1.4 2
v -0.4 1.4 1.9
v -0.4 1.4 -1.9
v -0.4 1.4 -2
v -0.4 1.5 2
v -0.4 1.5 1.9
v -0.4 1.5 -1.9
v -0.4 1.5 -2
v -0.4 2.5 2
v -0.4 2.5 1.9
v -0.4 2.5 -1.9
v -0.4 2.5 -2
v -0.4 2.6 2
v -0.4 2.6 1.9
v -0.4 2.6 -1.9
v -0.4 2.6 -2
v -0.4 3.9 0.6
v -0.4 3.9 0.5
v -0.4 3.9 -0.5
v -0.4 3.9 -0.6
v -0.4 4 0.6
v -0.4 4 0.5
v -0.4 4 -0.5
v -0.4 4 -0.6
v -0.3 0 0.5
v -0.3 0 0.4
v -0.3 0 -0.4
v -0.3 0 -0.5
v -0.3 0.1 0.5
v -0.3 0.1 0.4
v -0.3 0.1 -0.4
v -0.3 0.1 -0.5
v -0.3 1.5 2
v -0.3 1.5 1.9
v -0.3 1.5 -1.9
v -0.3 1.5 -2
v -0.3 1.6 2
v -0.3 1.6 1.9
v -0.3 1.6 -1.9
v -0.3 1.6 -2
v -0.3 2.4 2
v -0.3 2.4 1.9
v -0.3 2.4 -1.9
v -0.3 2.4 -2
v -0.3 2.5 2
v -0.3 2.5 1.9
v -0.3 2.5 -1.9
v -0.3 2.5 -2
v -0.3 3.9 0.5
v -0.3 3.9 0.4
v -0.3 3.9 -0.4
v -0.3 3.9 -0.5
v -0.3 4 0.5
v -0.3 4 0.4
v -0.3 4 -0.4
v -0.3 4 -0.5
v -0.2 0 0.4
v -0.2 0 0.3
v -0.2 0 -0.3
v -0.2 0 -0.4
v -0.2 0.1 0.4
v -0.2 0.1 0.3
v -0.2 0.1 -0.3
v -0.2 0.1 -0.4
v -0.2 1.6 2
v -0.2 1.6 1.9
v -0.2 1.6 -1.9
v -0.2 1.6 -2
v -0.2 1.7 2
v -0.2 1.7 1.9
v -0.2 1.7 -1.9
v -0.2 1.7 -2
v -0.2 2.3 2
v -0.2 2.3 1.9
v -0.2 2.3 -1.9
v -0.2 2.3 -2
v -0.2 2.4 2
v -0.2 2.4 1.9
v -0.2 2.4 -1.9
v -0.2 2.4 -2
v -0.2 3.9 0.4
v -0.2 3.9 0.3
v -0.2 3.9 -0.3
v -0.2 3.9 -0.4
v -0.2 4 0.4
v -0.2 4 0.3
v -0.2 4 -0.3
v -0.2 4 -0.4
v -0.0999999 0 0.3
v -0.0999999 0 0.2
v -0.0999999 0 -0.2
v -0.0999999 0 -0.3
v -0.0999999 0.1 0.3
v -0.0999999 0.1 0.2
v -0.0999999 0.1 -0.2
v -0.0999999 0.1 -0.3
v -0.0999999 1.7 2
v -0.0999999 1.7 1.9
v -0.0999999 1.7 -1.9
v -0.0999999 1.7 -2
v -0.0999999 1.8 2
v -0.0999999 1.8 1.9
v -0.0999999 1.8 -1.9
v -0.0999999 1.8 -2
v -0.0999999 2.2 2
v -0.0999999 2.2 1.9
v -0.0999999 2.2 -1.9
v -0.0999999 2.2 -2
v -0.0999999 2.3 2
v -0.0999999 2.3 1.9
v -0.0999999 2.3 -1.9
v -0.0999999 2.3 -2
v -0.0999999 3.9 0.3
v -0.0999999 3.9 0.2
v -0.0999999 3.9 -0.2
v -0.0999999 3.9 -0.3
v -0.0999999 4 0.3
v -0.0999999 4 0.2
v -0.0999999 4 -0.2
v -0.0999999 4 -0.3
v 0.2 0 0.0999999
v 0.2 0 -0.1
v 0.2 0.1 0.0999999
v 0.2 0.1 -0.1
v 0.2 1.9 2
v 0.2 1.9 1.9
v 0.2 1.9 -1.9
v 0.2 1.9 -2
v 0.2 2.1 2
v 0.2 2.1 1.9
v 0.2 2.1 -1.9
v 0.2 2.1 -2
v 0.2 3.9 0.0999999
v 0.2 3.9 -0.1
v 0.2 4 0.0999999
v 0.2 4 -0.1
v 0.3 0 0.2
v 0.3 0 0.0999999
v 0.3 0 -0.1
v 0.3 0 -0.2
v 0.3 0.1 0.2
v 0.3 0.1 0.0999999
v 0.3 0.1 -0.1
v 0.3 0.1 -0.2
v 0.3 1.8 2
v 0.3 1.8 1.9
v 0.3 1.8 -1.9
v 0.3 1.8 -2
v 0.3 1.9 2
v 0.3 1.9 1.9
v 0.3 1.9 -1.9
v 0.3 1.9 -2
v 0.3 2.1 2
v 0.3 2.1 1.9
v 0.3 2.1 -1.9
v 0.3 2.1 -2
v 0.3 2.2 2
v 0.3 2.2 1.9
v 0.3 2.2 -1.9
v 0.3 2.2 -2
v 0.3 3.9 0.2
v 0.3 3.9 0.0999999
v 0.3 3.9 -0.1
v 0.3 3.9 -0.2
v 0.3 4 0.2
v 0.3 4 0.0999999
v 0.3 4 -0.1
v 0.3 4 -0.2
v 0.4 0 0.3
v 0.4 0 0.2
v 0.4 0 -0.2
v 0.4 0 -0.3
v 0.4 0.1 0.3
v 0.4 0.1 0.2
v 0.4 0.1 -0.2
v 0.4 0.1 -0.3
v 0.4 1.7 2
v 0.4 1.7 1.9
v 0.4 1.7 -1.9
v 0.4 1.7 -2
v 0.4 1.8 2
v 0.4 1.8 1.9
v 0.4 1.8 -1.9
v 0.4 1.8 -2
v 0.4 2.2 2
v 0.4 2.2 1.9
v 0.4 2.2 -1.9
v 0.4 2.2 -2
v 0.4 2.3 2
v 0.4 2.3 1.9
v 0.4 2.3 -1.9
v 0.4 2.3 -2
v 0.4 3.9 0.3
v 0.4 3.9 0.2
v 0.4 3.9 -0.2
v 0.4 3.9 -0.3
v 0.4 4 0.3
v 0.4 4 0.2
v 0.4 4 -0.2
v 0.4 4 -0.3
v 0.5 0 0.4
v 0.5 0 0.3
v 0.5 0 -0.3
v 0.5 0 -0.4
v 0.5 0.1 0.4
v 0.5 0.1 0.3
v 0.5 0.1 -0.3
v 0.5 0.1 -0.4
v 0.5 1.6 2
v 0.5 1.6 1.9
v 0.5 1.6 -1.9
v 0.5 1.6 -2
v 0.5 1.7 2
v 0.5 1.7 1.9
v 0.5 1.7 -1.9
v 0.5 1.7 -2
v 0.5 2.3 2
v 0.5 2.3 1.9
v 0.5 2.3 -1.9
v 0.5 2.3 -2
v 0.5 2.4 2
v 0.5 2.4 1.9
v 0.5 2.4 -1.9
v 0.5 2.4 -2
v 0.5 3.9 0.4
v 0.5 3.9 0.3
v 0.5 3.9 -0.3
v 0.5 3.9 -0.4
v 0.5 4 0.4
v 0.5 4 0.3
v 0.5 4 -0.3
v 0.5 4 -0.4
v 0.6 0 0.5
v 0.6 0 0.4
v 0.6 0 -0.4
v 0.6 0 -0.5
v 0.6 0.1 0.5
v 0.6 0.1 0.4
v 0.6 0.1 -0.4
v 0.6 0.1 -0.5
v 0.6 1.5 2
v 0.6 1.5 1.9
v 0.6 1.5 -1.9
v 0.6 1.5 -2
v 0.6 1.6 2
v 0.6 1.6 1.9
v 0.6 1.6 -1.9
v 0.6 1.6 -2
v 0.6 2.4 2
v 0.6 2.4 1.9
v 0.6 2.4 -1.9
v 0.6 2.4 -2
v 0.6 2.5 2
v 0.6 2.5 1.9
v 0.6 2.5 -1.9
v 0.6 2.5 -2
v 0.6 3.9 0.5
v 0.6 3.9 0.4
v 0.6 3.9 -0.4
v 0.6 3.9 -0.5
v 0.6 4 0.5
v 0.6 4 0.4
v 0.6 4 -0.4
v 0.6 4 -0.5
v 0.7 0 0.6
v 0.7 0 0.5
v 0.7 0 -0.5
v 0.7 0 -0.6
v 0.7 0.1 0.6
v 0.7 0.1 0.5
v 0.7 0.1 -0.5
v 0.7 0.1 -0.6
v 0.7 1.4 2
v 0.7 1.4 1.9
v 0.7 1.4 -1.9
v 0.7 1.4 -2
v 0.7 1.5 2
v 0.7 1.5 1.9
v 0.7 1.5 -1.9
v 0.7 1.5 -2
v 0.7 2.5 2
v 0.7 2.5 1.9
v 0.7 2.5 -1.9
v 0.7 2.5 -2
v 0.7 2.6 2
v 0.7 2.6 1.9
v 0.7 2.6 -1.9
v 0.7 2.6 -2
v 0.7 3.9 0.6
v 0.7 3.9 0.5
v 0.7 3.9 -0.5
v 0.7 3.9 -0.6
v 0.7 4 0.6
v 0.7 4 0.5
v 0.7 4 -0.5
v 0.7 4 -0.6
v 0.8 0 0.7
v 0.8 0 0.6
v 0.8 0 -0.6
v 0.8 0 -0.7
v 0.8 0.1 0.7
v 0.8 0.1 0.6
v 0.8 0.1 -0.6
v 0.8 0.1 -0.7
v 0.8 1.3 2
v 0.8 1.3 1.9
v 0.8 1.3 -1.9
v 0.8 1.3 -2
v 0.8 1.4 2
v 0.8 1.4 1.9
v 0.8 1.4 -1.9
v 0.8 1.4 -2
v 0.8 2.6 2
v 0.8 2.6 1.9
v 0.8 2.6 -1.9
v 0.8 2.6 -2
v 0.8 2.7 2
v 0.8 2.7 1.9
v 0.8 2.7 -1.9
v 0.8 2.7 -2
v 0.8 3.9 0.7
v 0.8 3.9 0.6
v 0.8 3.9 -0.6
v 0.8 3.9 -0.7
v 0.8 4 0.7
v 0.8 4 0.6
v 0.8 4 -0.6
v 0.8 4 -0.7
v 0.9 0 0.8
v 0.9 0 0.7
v 0.9 0 -0.7
v 0.9 0 -0.8
v 0.9 0.1 0.8
v 0.9 0.1 0.7
v 0.9 0.1 -0.7
v 0.9 0.1 -0.8
v 0.9 1.2 2
v 0.9 1.2 1.9
v 0.9 1.2 -1.9
v 0.9 1.2 -2
v 0.9 1.3 2
v 0.9 1.3 1.9
v 0.9 1.3 -1.9
v 0.9 1.3 -2
v 0.9 2.7 2
v 0.9 2.7 1.9
v 0.9 2.7 -1.9
v 0.9 2.7 -2
v 0.9 2.8 2
v 0.9 2.8 1.9
v 0.9 2.8 -1.9
v 0.9 2.8 -2
v 0.9 3.9 0.8
v 0.9 3.9 0.7
v 0.9 3.9 -0.7
v 0.9 3.9 -0.8
v 0.9 4 0.8
v 0.9 4 0.7
v 0.9 4 -0.7
v 0.9 4 -0.8
v 1 0 0.9
v 1 0 0.8
v 1 0 -0.8
v 1 0 -0.9
v 1 0.1 0.9
v 1 0.1 0.8
v 1 0.1 -0.8
v 1 0.1 -0.9
v 1 1.1 2
v 1 1.1 1.9
v 1 1.1 -1.9
v 1 1.1 -2
v 1 1.2 2
v 1 1.2 1.9
v 1 1.2 -1.9
v 1 1.2 -2
v 1 2.8 2
v 1 2.8 1.9
v 1 2.8 -1.9
v 1 2.8 -2
v 1 2.9 2
v 1 2.9 1.9
v 1 2.9 -1.9
v 1 2.9 -2
v 1 3.9 0.9
v 1 3.9 0.8
v 1 3.9 -0.8
v 1 3.9 -0.9
v 1 4 0.9
v 1 4 0.8
v 1 4 -0.8
v 1 4 -0.9
v 1.1 0 1
v 1.1 0 0.9
v 1.1 0 -0.9
v 1.1 0 -1
v 1.1 0.1 1
v 1.1 0.1 0.9
v 1.1 0.1 -0.9
v 1.1 0.1 -1
v 1.1 1 2
v 1.1 1 1.9
v 1.1 1 -1.9
v 1.1 1 -2
v 1.1 1.1 2
v 1.1 1.1 1.9
v 1.1 1.1 -1.9
v 1.1 1.1 -2
v 1.1 2.9 2
v 1.1 2.9 1.9
v 1.1 2.9 -1.9
v 1.1 2.9 -2
v 1.1 3 2
v 1.1 3 1.9
v 1.1 3 -1.9
v 1.1 3 -2
v 1.1 3.9 1
v 1.1 3.9 0.9
v 1.1 3.9 -0.9
v 1.1 3.9 -1
v 1.1 4 1
v 1.1 4 0.9
v 1.1 4 -0.9
v 1.1 4 -1
v 1.2 0 1.1
v 1.2 0 1
v 1.2 0 -1
v 1.2 0 -1.1
v 1.2 0.1 1.1
v 1.2 0.1 1
v 1.2 0.1 -1
v 1.2 0.1 -1.1
v 1.2 0.9 2
v 1.2 0.9 1.9
v 1.2 0.9 -1.9
v 1.2 0.9 -2
v 1.2 1 2
v 1.2 1 1.9
v 1.2 1 -1.9
v 1.2 1 -2
v 1.2 3 2
v 1.2 3 1.9
v 1.2 3 -1.9
v 1.2 3 -2
v 1.2 3.1 2
v 1.2 3.1 1.9
v 1.2 3.1 -1.9
v 1.2 3.1 -2
v 1.2 3.9 1.1
v 1.2 3.9 1
v 1.2 3.9 -1
v 1.2 3.9 -1.1
v 1.2 4 1.1
v 1.2 4 1
v 1.2 4 -1
v 1.2 4 -1.1
v 1.3 0 1.2
v 1.3 0 1.1
v 1.3 0 -1.1
v 1.3 0 -1.2
v 1.3 0.1 1.2
v 1.3 0.1 1.1
v 1.3 0.1 -1.1
v 1.3 0.1 -1.2
v 1.3 0.8 2
v 1.3 0.8 1.9
v 1.3 0.8 -1.9
v 1.3 0.8 -2
v 1.3 0.9 2
v 1.3 0.9 1.9
v 1.3 0.9 -1.9
v 1.3 0.9 -2
v 1.3 3.1 2
v 1.3 3.1 1.9
v 1.3 3.1 -1.9
v 1.3 3.1 -2
v 1.3 3.2 2
v 1.3 3.2 1.9
v 1.3 3.2 -1.9
v 1.3 3.2 -2
v 1.3 3.9 1.2
v 1.3 3.9 1.1
v 1.3 3.9 -1.1
v 1.3 3.9 -1.2
v 1.3 4 1.2
v 1.3 4 1.1
v 1.3 4 -1.1
v 1.3 4 -1.2
v 1.4 0 1.3
v 1.4 0 1.2
v 1.4 0 -1.2
v 1.4 0 -1.3
v 1.4 0.1 1.3
v 1.4 0.1 1.2
v 1.4 0.1 -1.2
v 1.4 0.1 -1.3
v 1.4 0.7 2
v 1.4 0.7 1.9
v 1.4 0.7 -1.9
v 1.4 0.7 -2
v 1.4 0.8 2
v 1.4 0.8 1.9
v 1.4 0.8 -1.9
v 1.4 0.8 -2
v 1.4 3.2 2
v 1.4 3.2 1.9
v 1.4 3.2 -1.9
v 1.4 3.2 -2
v 1.4 3.3 2
v 1.4 3.3 1.9
v 1.4 3.3 -1.9
v 1.4 3.3 -2
v 1.4 3.9 1.3
v 1.4 3.9 1.2
v 1.4 3.9 -1.2
v 1.4 3.9 -1.3
v 1.4 4 1.3
v 1.4 4 1.2
v 1.4 4 -1.2
v 1.4 4 -1.3
v 1.5 0 1.4
v 1.5 0 1.3
v 1.5 0 -1.3
v 1.5 0 -1.4
v 1.5 0.1 1.4
v 1.5 0.1 1.3
v 1.5 0.1 -1.3
v 1.5 0.1 -1.4
v 1.5 0.6 2
v 1.5 0.6 1.9
v 1.5 0.6 -1.9
v 1.5 0.6 -2
v 1.5 0.7 2
v 1.5 0.7 1.9
v 1.5 0.7 -1.9
v 1.5 0.7 -2
v 1.5 3.3 2
v 1.5 3.3 1.9
v 1.5 3.3 -1.9
v 1.5 3.3 -2
v 1.5 3.4 2
v 1.5 3.4 1.9
v 1.5 3.4 -1.9
v 1.5 3.4 -2
v 1.5 3.9 1.4
v 1.5 3.9 1.3
v 1.5 3.9 -1.3
v 1.5 3.9 -1.4
v 1.5 4 1.4
v 1.5 4 1.3
v 1.5 4 -1.3
v 1.5 4 -1.4
v 1.6 0 1.5
v 1.6 0 1.4
v 1.6 0 -1.4
v 1.6 0 -1.5
v 1.6 0.1 1.5
v 1.6 0.1 1.4
v 1.6 0.1 -1.4
v 1.6 0.1 -1.5
v 1.6 0.5 2
v 1.6 0.5 1.9
v 1.6 0.5 -1.9
v 1.6 0.5 -2
v 1.6 0.6 2
v 1.6 0.6 1.9
v 1.6 0.6 -1.9
v 1.6 0.6 -2
v 1.6 3.4 2
v 1.6 3.4 1.9
v 1.6 3.4 -1.9
v 1.6 3.4 -2
v 1.6 3.5 2
v 1.6 3.5 1.9
v 1.6 3.5 -1.9
v 1.6 3.5 -2
v 1.6 3.9 1.5
v 1.6 3.9 1.4
v 1.6 3.9 -1.4
v 1.6 3.9 -1.5
v 1.6 4 1.5
v 1.6 4 1.4
v 1.6 4 -1.4
v 1.6 4 -1.5
v 1.7 0 1.6
v 1.7 0 1.5
v 1.7 0 -1.5
v 1.7 0 -1.6
v 1.7 0.1 1.6
v 1.7 0.1 1.5
v 1.7 0.1 -1.5
v 1.7 0.1 -1.6
v 1.7 0.4 2
v 1.7 0.4 1.9
v 1.7 0.4 -1.9
v 1.7 0.4 -2
v 1.7 0.5 2
v 1.7 0.5 1.9
v 1.7 0.5 -1.9
v 1.7 0.5 -2
v 1.7 3.5 2
v 1.7 3.5 1.9
v 1.7 3.5 -1.9
v 1.7 3.5 -2
v 1.7 3.6 2
v 1.7 3.6 1.9
v 1.7 3.6 -1.9
v 1.7 3.6 -2
v 1.7 3.9 1.6
v 1.7 3.9 1.5
v 1.7 3.9 -1.5
v 1.7 3.9 -1.6
v 1.7 4 1.6
v 1.7 4 1.5
v 1.7 4 -1.5
v 1.7 4 -1.6
v 1.9 0.2 1.6
v 1.9 0.2 -1.6
v 1.9 0.3 1.6
v 1.9 0.3 1.5
v 1.9 0.3 -1.5
v 1.9 0.3 -1.6
v 1.9 0.4 1.8
v 1.9 0.4 1.7
v 1.9 0.4 1.5
v 1.9 0.4 1.4
v 1.9 0.4 -1.4
v 1.9 0.4 -1.5
v 1.9 0.4 -1.7
v 1.9 0.4 -1.8
v 1.9 0.5 1.7
v 1.9 0.5 1.6
v 1.9 0.5 1.4
v 1.9 0.5 1.3
v 1.9 0.5 -1.3
v 1.9 0.5 -1.4
v 1.9 0.5 -1.6
v 1.9 0.5 -1.7
v 1.9 0.6 1.6
v 1.9 0.6 1.5
v 1.9 0.6 1.3
v 1.9 0.6 1.2
v 1.9 0.6 -1.2
v 1.9 0.6 -1.3
v 1.9 0.6 -1.5
v 1.9 0.6 -1.6
v 1.9 0.7 1.5
v 1.9 0.7 1.4
v 1.9 0.7 1.2
v 1.9 0.7 1.1
v 1.9 0.7 -1.1
v 1.9 0.7 -1.2
v 1.9 0.7 -1.4
v 1.9 0.7 -1.5
v 1.9 0.8 1.4
v 1.9 0.8 1.3
v 1.9 0.8 1.1
v 1.9 0.8 1
v 1.9 0.8 -1
v 1.9 0.8 -1.1
v 1.9 0.8 -1.3
v 1.9 0.8 -1.4
v 1.9 0.9 1.3
v 1.9 0.9 1.2
v 1.9 0.9 1
v 1.9 0.9 0.9
v 1.9 0.9 -0.9
v 1.9 0.9 -1
v 1.9 0.9 -1.2
v 1.9 0.9 -1.3
v 1.9 1 1.2
v 1.9 1 1.1
v 1.9 1 0.9
v 1.9 1 0.8
v 1.9 1 -0.8
v 1.9 1 -0.9
v 1.9 1 -1.1
v 1.9 1 -1.2
v 1.9 1.1 1.1
v 1.9 1.1 1
v 1.9 1.1 0.8
v 1.9 1.1 0.7
v 1.9 1.1 -0.7
v 1.9 1.1 -0.8
v 1.9 1.1 -1
v 1.9 1.1 -1.1
v 1.9 1.2 1
v 1.9 1.2 0.9
v 1.9 1.2 0.7
v 1.9 1.2 0.6
v 1.9 1.2 -0.6
v 1.9 1.2 -0.7
v 1.9 1.2 -0.9
v 1.9 1.2 -1
v 1.9 1.3 0.9
v 1.9 1.3 0.8
v 1.9 1.3 0.6
v 1.9 1.3 0.5
v 1.9 1.3 -0.5
v 1.9 1.3 -0.6
v 1.9 1.3 -0.8
v 1.9 1.3 -0.9
v 1.9 1.4 0.8
v 1.9 1.4 0.7
v 1.9 1.4 0.5
v 1.9 1.4 0.4
v 1.9 1.4 -0.4
v 1.9 1.4 -0.5
v 1.9 1.4 -0.7
v 1.9 1.4 -0.8
v 1.9 1.5 0.7
v 1.9 1.5 0.6
v 1.9 1.5 0.4
v 1.9 1.5 0.3
v 1.9 1.5 -0.3
v 1.9 1.5 -0.4
v 1.9 1.5 -0.6
v 1.9 1.5 -0.7
v 1.9 1.6 0.6
v 1.9 1.6 0.5
v 1.9 1.6 0.3
v 1.9 1.6 0.2
v 1.9 1.6 -0.2
v 1.9 1.6 -0.3
v 1.9 1.6 -0.5
v 1.9 1.6 -0.6
v 1.9 1.7 0.5
v 1.9 1.7 0.4
v 1.9 1.7 0.2
v 1.9 1.7 0.0999999
v 1.9 1.7 -0.1
v 1.9 1.7 -0.2
v 1.9 1.7 -0.4
v 1.9 1.7 -0.5
v 1.9 1.8 0.4
v 1.9 1.8 0.3
v 1.9 1.8 0.0999999
v 1.9 1.8 -0.1
v 1.9 1.8 -0.3
v 1.9 1.8 -0.4
v 1.9 1.9 0.3
v 1.9 1.9 0.2
v 1.9 1.9 -0.2
v 1.9 1.9 -0.3
v 1.9 2.1 0.3
v 1.9 2.1 0.2
v 1.9 2.1 -0.2
v 1.9 2.1 -0.3
v 1.9 2.2 0.4
v 1.9 2.2 0.3
v 1.9 2.2 0.0999999
v 1.9 2.2 -0.1
v 1.9 2.2 -0.3
v 1.9 2.2 -0.4
v 1.9 2.3 0.5
v 1.9 2.3 0.4
v 1.9 2.3 0.2
v 1.9 2.3 0.0999999
v 1.9 2.3 -0.1
v 1.9 2.3 -0.2
v 1.9 2.3 -0.4
v 1.9 2.3 -0.5
v 1.9 2.4 0.6
v 1.9 2.4 0.5
v 1.9 2.4 0.3
v 1.9 2.4 0.2
v 1.9 2.4 -0.2
v 1.9 2.4 -0.3
v 1.9 2.4 -0.5
v 1.9 2.4 -0.6
v 1.9 2.5 0.7
v 1.9 2.5 0.6
v 1.9 2.5 0.4
v 1.9 2.5 0.3
v 1.9 2.5 -0.3
v 1.9 2.5 -0.4
v 1.9 2.5 -0.6
v 1.9 2.5 -0.7
v 1.9 2.6 0.8
v 1.9 2.6 0.7
v 1.9 2.6 0.5
v 1.9 2.6 0.4
v 1.9 2.6 -0.4
v 1.9 2.6 -0.5
v 1.9 2.6 -0.7
v 1.9 2.6 -0.8
v 1.9 2.7 0.9
v 1.9 2.7 0.8
v 1.9 2.7 0.6
v 1.9 2.7 0.5
v 1.9 2.7 -0.5
v 1.9 2.7 -0.6
v 1.9 2.7 -0.8
v 1.9 2.7 -0.9
v 1.9 2.8 1
v 1.9 2.8 0.9
v 1.9 2.8 0.7
v 1.9 2.8 0.6
v 1.9 2.8 -0.6
v 1.9 2.8 -0.7
v 1.9 2.8 -0.9
v 1.9 2.8 -1
v 1.9 2.9 1.1
v 1.9 2.9 1
v 1.9 2.9 0.8
v 1.9 2.9 0.7
v 1.9 2.9 -0.7
v 1.9 2.9 -0.8
v 1.9 2.9 -1
v 1.9 2.9 -1.1
v 1.9 3 1.2
v 1.9 3 1.1
v 1.9 3 0.9
v 1.9 3 0.8
v 1.9 3 -0.8
v 1.9 3 -0.9
v 1.9 3 -1.1
v 1.9 3 -1.2
v 1.9 3.1 1.3
v 1.9 3.1 1.2
v 1.9 3.1 1
v 1.9 3.1 0.9
v 1.9 3.1 -0.9
v 1.9 3.1 -1
v 1.9 3.1 -1.2
v 1.9 3.1 -1.3
v 1.9 3.2 1.4
v 1.9 3.2 1.3
v 1.9 3.2 1.1
v 1.9 3.2 1
v 1.9 3.2 -1
v 1.9 3.2 -1.1
v 1.9 3.2 -1.3
v 1.9 3.2 -1.4
v 1.9 3.3 1.5
v 1.9 3.3 1.4
v 1.9 3.3 1.2
v 1.9 3.3 1.1
v 1.9 3.3 -1.1
v 1.9 3.3 -1.2
v 1.9 3.3 -1.4
v 1.9 3.3 -1.5
v 1.9 3.4 1.6
v 1.9 3.4 1.5
v 1.9 3.4 1.3
v 1.9 3.4 1.2
v 1.9 3.4 -1.2
v 1.9 3.4 -1.3
v 1.9 3.4 -1.5
v 1.9 3.4 -1.6
v 1.9 3.5 1.7
v 1.9 3.5 1.6
v 1.9 3.5 1.4
v 1.9 3.5 1.3
v 1.9 3.5 -1.3
v 1.9 3.5 -1.4
v 1.9 3.5 -1.6
v 1.9 3.5 -1.7
v 1.9 3.6 1.8
v 1.9 3.6 1.7
v 1.9 3.6 1.5
v 1.9 3.6 1.4
v 1.9 3.6 -1.4
v 1.9 3.6 -1.5
v 1.9 3.6 -1.7
v 1.9 3.6 -1.8
v 1.9 3.7 1.6
v 1.9 3.7 1.5
v 1.9 3.7 -1.5
v 1.9 3.7 -1.6
v 1.9 3.8 1.6
v 1.9 3.8 -1.6
v 2 0 2
v 2 0 -2
v 2 0.1 2
v 2 0.1 -2
v 2 0.2 2
v 2 0.2 1.6
v 2 0.2 -1.6
v 2 0.2 -2
v 2 0.3 1.6
v 2 0.3 1.5
v 2 0.3 -1.5
v 2 0.3 -1.6
v 2 0.4 1.8
v 2 0.4 1.7
v 2 0.4 1.5
v 2 0.4 1.4
v 2 0.4 -1.4
v 2 0.4 -1.5
v 2 0.4 -1.7
v 2 0.4 -1.8
v 2 0.5 1.7
v 2 0.5 1.6
v 2 0.5 1.4
v 2 0.5 1.3
v 2 0.5 -1.3
v 2 0.5 -1.4
v 2 0.5 -1.6
v 2 0.5 -1.7
v 2 0.6 1.6
v 2 0.6 1.5
v 2 0.6 1.3
v 2 0.6 1.2
v 2 0.6 -1.2
v 2 0.6 -1.3
v 2 0.6 -1.5
v 2 0.6 -1.6
v 2 0.7 1.5
v 2 0.7 1.4
v 2 0.7 1.2
v 2 0.7 1.1
v 2 0.7 -1.1
v 2 0.7 -1.2
v 2 0.7 -1.4
v 2 0.7 -1.5
v 2 0.8 1.4
v 2 0.8 1.3
v 2 0.8 1.1
v 2 0.8 1
v 2 0.8 -1
v 2 0.8 -1.1
v 2 0.8 -1.3
v 2 0.8 -1.4
v 2 0.9 1.3
v 2 0.9 1.2
v 2 0.9 1
v 2 0.9 0.9
v 2 0.9 -0.9
v 2 0.9 -1
v 2 0.9 -1.2
v 2 0.9 -1.3
v 2 1 1.2
v 2 1 1.1
v 2 1 0.9
v 2 1 0.8
v 2 1 -0.8
v 2 1 -0.9
v 2 1 -1.1
v 2 1 -1.2
v 2 1.1 1.1
v 2 1.1 1
v 2 1.1 0.8
v 2 1.1 0.7
v 2 1.1 -0.7
v 2 1.1 -0.8
v 2 1.1 -1
v 2 1.1 -1.1
v 2 1.2 1
v 2 1.2 0.9
v 2 1.2 0.7
v 2 1.2 0.6
v 2 1.2 -0.6
v 2 1.2 -0.7
v 2 1.2 -0.9
v 2 1.2 -1
v 2 1.3 0.9
v 2 1.3 0.8
v 2 1.3 0.6
v 2 1.3 0.5
v 2 1.3 -0.5
v 2 1.3 -0.6
v 2 1.3 -0.8
v 2 1.3 -0.9
v 2 1.4 0.8
v 2 1.4 0.7
v 2 1.4 0.5
v 2 1.4 0.4
v 2 1.4 -0.4
v 2 1.4 -0.5
v 2 1.4 -0.7
v 2 1.4 -0.8
v 2 1.5 0.7
v 2 1.5 0.6
v 2 1.5 0.4
v 2 1.5 0.3
v 2 1.5 -0.3
v 2 1.5 -0.4
v 2 1.5 -0.6
v 2 1.5 -0.7
v 2 1.6 0.6
v 2 1.6 0.5
v 2 1.6 0.3
v 2 1.6 0.2
v 2 1.6 -0.2
v 2 1.6 -0.3
v 2 1.6 -0.5
v 2 1.6 -0.6
v 2 1.7 0.5
v 2 1.7 0.4
v 2 1.7 0.2
v 2 1.7 0.0999999
v 2 1.7 -0.1
v 2 1.7 -0.2
v 2 1.7 -0.4
v 2 1.7 -0.5
v 2 1.8 0.4
v 2 1.8 0.3
v 2 1.8 0.0999999
v 2 1.8 -0.1
v 2 1.8 -0.3
v 2 1.8 -0.4
v 2 1.9 0.3
v 2 1.9 0.2
v 2 1.9 -0.2
v 2 1.9 -0.3
v 2 2.1 0.3
v 2 2.1 0.2
v 2 2.1 -0.2
v 2 2.1 -0.3
v 2 2.2 0.4
v 2 2.2 0.3
v 2 2.2 0.0999999
v 2 2.2 -0.1
v 2 2.2 -0.3
v 2 2.2 -0.4
v 2 2.3 0.5
v 2 2.3 0.4
v 2 2.3 0.2
v 2 2.3 0.0999999
v 2 2.3 -0.1
v 2 2.3 -0.2
v 2 2.3 -0.4
v 2 2.3 -0.5
v 2 2.4 0.6
v 2 2.4 0.5
v 2 2.4 0.3
v 2 2.4 0.2
v 2 2.4 -0.2
v 2 2.4 -0.3
v 2 2.4 -0.5
v 2 2.4 -0.6
v 2 2.5 0.7
v 2 2.5 0.6
v 2 2.5 0.4
v 2 2.5 0.3
v 2 2.5 -0.3
v 2 2.5 -0.4
v 2 2.5 -0.6
v 2 2.5 -0.7
v 2 2.6 0.8
v 2 2.6 0.7
v 2 2.6 0.5
v 2 2.6 0.4
v 2 2.6 -0.4
v 2 2.6 -0.5
v 2 2.6 -0.7
v 2 2.6 -0.8
v 2 2.7 0.9
v 2 2.7 0.8
v 2 2.7 0.6
v 2 2.7 0.5
v 2 2.7 -0.5
v 2 2.7 -0.6
v 2 2.7 -0.8
v 2 2.7 -0.9
v 2 2.8 1
v 2 2.8 0.9
v 2 2.8 0.7
v 2 2.8 0.6
v 2 2.8 -0.6
v 2 2.8 -0.7
v 2 2.8 -0.9
v 2 2.8 -1
v 2 2.9 1.1
v 2 2.9 1
v 2 2.9 0.8
v 2 2.9 0.7
v 2 2.9 -0.7
v 2 2.9 -0.8
v 2 2.9 -1
v 2 2.9 -1.1
v 2 3 1.2
v 2 3 1.1
v 2 3 0.9
v 2 3 0.8
v 2 3 -0.8
v 2 3 -0.9
v 2 3 -1.1
v 2 3 -1.2
v 2 3.1 1.3
v 2 3.1 1.2
v 2 3.1 1
v 2 3.1 0.9
v 2 3.1 -0.9
v 2 3.1 -1
v 2 3.1 -1.2
v 2 3.1 -1.3
v 2 3.2 1.4
v 2 3.2 1.3
v 2 3.2 1.1
v 2 3.2 1
v 2 3.2 -1
v 2 3.2 -1.1
v 2 3.2 -1.3
v 2 3.2 -1.4
v 2 3.3 1.5
v 2 3.3 1.4
v 2 3.3 1.2
v 2 3.3 1.1
v 2 3.3 -1.1
v 2 3.3 -1.2
v 2 3.3 -1.4
v 2 3.3 -1.5
v 2 3.4 1.6
v 2 3.4 1.5
v 2 3.4 1.3
v 2 3.4 1.2
v 2 3.4 -1.2
v 2 3.4 -1.3
v 2 3.4 -1.5
v 2 3.4 -1.6
v 2 3.5 1.7
v 2 3.5 1.6
v 2 3.5 1.4
v 2 3.5 1.3
v 2 3.5 -1.3
v 2 3.5 -1.4
v 2 3.5 -1.6
v 2 3.5 -1.7
v 2 3.6 1.8
v 2 3.6 1.7
v 2 3.6 1.5
v 2 3.6 1.4
v 2 3.6 -1.4
v 2 3.6 -1.5
v 2 3.6 -1.7
v 2 3.6 -1.8
v 2 3.7 1.6
v 2 3.7 1.5
v 2 3.7 -1.5
v 2 3.7 -1.6
v 2 3.8 2
v 2 3.8 1.6
v 2 3.8 -1.6
v 2 3.8 -2
v 2 3.9 2
v 2 3.9 -2
v 2 4 2
v 2 4 -2
v -2 0 2
v -2 0.1 2
v -2 0.2 2
v -2 3.8 2
v -2 3.9 2
v -2 4 2
v -1.8 0.4 2
v -1.8 3.6 2
v -1.7 0.4 2
v -1.7 0.5 2
v -1.7 3.5 2
v -1.7 3.6 2
v -1.6 0.2 2
v -1.6 0.3 2
v -1.6 0.5 2
v -1.6 0.6 2
v -1.6 3.4 2
v -1.6 3.5 2
v -1.6 3.7 2
v -1.6 3.8 2
v -1.5 0.3 2
v -1.5 0.4 2
v -1.5 0.6 2
v -1.5 0.7 2
v -1.5 3.3 2
v -1.5 3.4 2
v -1.5 3.6 2
v -1.5 3.7 2
v -1.4 0.4 2
v -1.4 0.5 2
v -1.4 0.7 2
v -1.4 0.8 2
v -1.4 3.2 2
v -1.4 3.3 2
v -1.4 3.5 2
v -1.4 3.6 2
v -1.3 0.5 2
v -1.3 0.6 2
v -1.3 0.8 2
v -1.3 0.9 2
v -1.3 3.1 2
v -1.3 3.2 2
v -1.3 3.4 2
v -1.3 3.5 2
v -1.2 0.6 2
v -1.2 0.7 2
v -1.2 0.9 2
v -1.2 1 2
v -1.2 3 2
v -1.2 3.1 2
v -1.2 3.3 2
v -1.2 3.4 2
v -1.1 0.7 2
v -1.1 0.8 2
v -1.1 1 2
v -1.1 1.1 2
v -1.1 2.9 2
v -1.1 3 2
v -1.1 3.2 2
v -1.1 3.3 2
v -1 0.8 2
v -1 0.9 2
v -1 1.1 2
v -1 1.2 2
v -1 2.8 2
v -1 2.9 2
v -1 3.1 2
v -1 3.2 2
v -0.9 0.9 2
v -0.9 1 2
v -0.9 1.2 2
v -0.9 1.3 2
v -0.9 2.7 2
v -0.9 2.8 2
v -0.9 3 2
v -0.9 3.1 2
v -0.8 1 2
v -0.8 1.1 2
v -0.8 1.3 2
v -0.8 1.4 2
v -0.8 2.6 2
v -0.8 2.7 2
v -0.8 2.9 2
v -0.8 3 2
v -0.7 1.1 2
v -0.7 1.2 2
v -0.7 1.4 2
v -0.7 1.5 2
v -0.7 2.5 2
v -0.7 2.6 2
v -0.7 2.8 2
v -0.7 2.9 2
v -0.6 1.2 2
v -0.6 1.3 2
v -0.6 1.5 2
v -0.6 1.6 2
v -0.6 2.4 2
v -0.6 2.5 2
v -0.6 2.7 2
v -0.6 2.8 2
v -0.5 1.3 2
v -0.5 1.4 2
v -0.5 1.6 2
v -0.5 1.7 2
v -0.5 2.3 2
v -0.5 2.4 2
v -0.5 2.6 2
v -0.5 2.7 2
v -0.4 1.4 2
v -0.4 1.5 2
v -0.4 1.7 2
v -0.4 1.8 2
v -0.4 2.2 2
v -0.4 2.3 2
v -0.4 2.5 2
v -0.4 2.6 2
v -0.3 1.5 2
v -0.3 1.6 2
v -0.3 1.8 2
v -0.3 1.9 2
v -0.3 2.1 2
v -0.3 2.2 2
v -0.3 2.4 2
v -0.3 2.5 2
v -0.2 1.6 2
v -0.2 1.7 2
v -0.2 1.9 2
v -0.2 2.1 2
v -0.2 2.3 2
v -0.2 2.4 2
v -0.0999999 1.7 2
v -0.0999999 1.8 2
v -0.0999999 2.2 2
v -0.0999999 2.3 2
v 0.1 1.7 2
v 0.1 1.8 2
v 0.1 2.2 2
v 0.1 2.3 2
v 0.2 1.6 2
v 0.2 1.7 2
v 0.2 1.9 2
v 0.2 2.1 2
v 0.2 2.3 2
v 0.2 2.4 2
v 0.3 1.5 2
v 0.3 1.6 2
v 0.3 1.8 2
v 0.3 1.9 2
v 0.3 2.1 2
v 0.3 2.2 2
v 0.3 2.4 2
v 0.3 2.5 2
v 0.4 1.4 2
v 0.4 1.5 2
v 0.4 1.7 2
v 0.4 1.8 2
v 0.4 2.2 2
v 0.4 2.3 2
v 0.4 2.5 2
v 0.4 2.6 2
v 0.5 1.3 2
v 0.5 1.4 2
v 0.5 1.6 2
v 0.5 1.7 2
v 0.5 2.3 2
v 0.5 2.4 2
v 0.5 2.6 2
v 0.5 2.7 2
v 0.6 1.2 2
v 0.6 1.3 2
v 0.6 1.5 2
v 0.6 1.6 2
v 0.6 2.4 2
v 0.6 2.5 2
v 0.6 2.7 2
v 0.6 2.8 2
v 0.7 1.1 2
v 0.7 1.2 2
v 0.7 1.4 2
v 0.7 1.5 2
v 0.7 2.5 2
v 0.7 2.6 2
v 0.7 2.8 2
v 0.7 2.9 2
v 0.8 1 2
v 0.8 1.1 2
v 0.8 1.3 2
v 0.8 1.4 2
v 0.8 2.6 2
v 0.8 2.7 2
v 0.8 2.9 2
v 0.8 3 2
v 0.9 0.9 2
v 0.9 1 2
v 0.9 1.2 2
v 0.9 1.3 2
v 0.9 2.7 2
v 0.9 2.8 2
v 0.9 3 2
v 0.9 3.1 2
v 1 0.8 2
v 1 0.9 2
v 1 1.1 2
v 1 1.2 2
v 1 2.8 2
v 1 2.9 2
v 1 3.1 2
v 1 3.2 2
v 1.1 0.7 2
v 1.1 0.8 2
v 1.1 1 2
v 1.1 1.1 2
v 1.1 2.9 2
v 1.1 3 2
v 1.1 3.2 2
v 1.1 3.3 2
v 1.2 0.6 2
v 1.2 0.7 2
v 1.2 0.9 2
v 1.2 1 2
v 1.2 3 2
v 1.2 3.1 2
v 1.2 3.3 2
v 1.2 3.4 2
v 1.3 0.5 2
v 1.3 0.6 2
v 1.3 0.8 2
v 1.3 0.9 2
v 1.3 3.1 2
v 1.3 3.2 2
v 1.3 3.4 2
v 1.3 3.5 2
v 1.4 0.4 2
v 1.4 0.5 2
v 1.4 0.7 2
v 1.4 0.8 2
v 1.4 3.2 2
v 1.4 3.3 2
v 1.4 3.5 2
v 1.4 3.6 2
v 1.5 0.3 2
v 1.5 0.4 2
v 1.5 0.6 2
v 1.5 0.7 2
v 1.5 3.3 2
v 1.5 3.4 2
v 1.5 3.6 2
v 1.5 3.7 2
v 1.6 0.2 2
v 1.6 0.3 2
v 1.6 0.5 2
v 1.6 0.6 2
v 1.6 3.4 2
v 1.6 3.5 2
v 1.6 3.7 2
v 1.6 3.8 2
v 1.7 0.4 2
v 1.7 0.5 2
v 1.7 3.5 2
v 1.7 3.6 2
v 1.8 0.2 2
v 1.8 0.4 2
v 1.8 3.6 2
v 1.8 3.8 2
v 1.9 0.2 2
v 1.9 3.8 2
v 2 0 2
v 2 0.1 2
v 2 0.2 2
v 2 3.8 2
v 2 3.9 2
v 2 4 2
v -1.8 0.4 1.9
v -1.8 3.6 1.9
v -1.7 0.4 1.9
v -1.7 0.5 1.9
v -1.7 3.5 1.9
v -1.7 3.6 1.9
v -1.6 0.2 1.9
v -1.6 0.3 1.9
v -1.6 0.5 1.9
v -1.6 0.6 1.9
v -1.6 3.4 1.9
v -1.6 3.5 1.9
v -1.6 3.7 1.9
v -1.6 3.8 1.9
v -1.5 0.3 1.9
v -1.5 0.4 1.9
v -1.5 0.6 1.9
v -1.5 0.7 1.9
v -1.5 3.3 1.9
v -1.5 3.4 1.9
v -1.5 3.6 1.9
v -1.5 3.7 1.9
v -1.4 0.4 1.9
v -1.4 0.5 1.9
v -1.4 0.7 1.9
v -1.4 0.8 1.9
v -1.4 3.2 1.9
v -1.4 3.3 1.9
v -1.4 3.5 1.9
v -1.4 3.6 1.9
v -1.3 0.5 1.9
v -1.3 0.6 1.9
v -1.3 0.8 1.9
v -1.3 0.9 1.9
v -1.3 3.1 1.9
v -1.3 3.2 1.9
v -1.3 3.4 1.9
v -1.3 3.5 1.9
v -1.2 0.6 1.9
v -1.2 0.7 1.9
v -1.2 0.9 1.9
v -1.2 1 1.9
v -1.2 3 1.9
v -1.2 3.1 1.9
v -1.2 3.3 1.9
v -1.2 3.4 1.9
v -1.1 0.7 1.9
v -1.1 0.8 1.9
v -1.1 1 1.9
v -1.1 1.1 1.9
v -1.1 2.9 1.9
v -1.1 3 1.9
v -1.1 3.2 1.9
v -1.1 3.3 1.9
v -1 0.8 1.9
v -1 0.9 1.9
v -1 1.1 1.9
v -1 1.2 1.9
v -1 2.8 1.9
v -1 2.9 1.9
v -1 3.1 1.9
v -1 3.2 1.9
v -0.9 0.9 1.9
v -0.9 1 1.9
v -0.9 1.2 1.9
v -0.9 1.3 1.9
v -0.9 2.7 1.9
v -0.9 2.8 1.9
v -0.9 3 1.9
v -0.9 3.1 1.9
v -0.8 1 1.9
v -0.8 1.1 1.9
v -0.8 1.3 1.9
v -0.8 1.4 1.9
v -0.8 2.6 1.9
v -0.8 2.7 1.9
v -0.8 2.9 1.9
v -0.8 3 1.9
v -0.7 1.1 1.9
v -0.7 1.2 1.9
v -0.7 1.4 1.9
v -0.7 1.5 1.9
v -0.7 2.5 1.9
v -0.7 2.6 1.9
v -0.7 2.8 1.9
v -0.7 2.9 1.9
v -0.6 1.2 1.9
v -0.6 1.3 1.9
v -0.6 1.5 1.9
v -0.6 1.6 1.9
v -0.6 2.4 1.9
v -0.6 2.5 1.9
v -0.6 2.7 1.9
v -0.6 2.8 1.9
v -0.5 1.3 1.9
v -0.5 1.4 1.9
v -0.5 1.6 1.9
v -0.5 1.7 1.9
v -0.5 2.3 1.9
v -0.5 2.4 1.9
v -0.5 2.6 1.9
v -0.5 2.7 1.9
v -0.4 1.4 1.9
v -0.4 1.5 1.9
v -0.4 1.7 1.9
v -0.4 1.8 1.9
v -0.4 2.2 1.9
v -0.4 2.3 1.9
v -0.4 2.5 1.9
v -0.4 2.6 1.9
v -0.3 1.5 1.9
v -0.3 1.6 1.9
v -0.3 1.8 1.9
v -0.3 1.9 1.9
v -0.3 2.1 1.9
v -0.3 2.2 1.9
v -0.3 2.4 1.9
v -0.3 2.5 1.9
v -0.2 1.6 1.9
v -0.2 1.7 1.9
v -0.2 1.9 1.9
v -0.2 2.1 1.9
v -0.2 2.3 1.9
v -0.2 2.4 1.9
v -0.0999999 1.7 1.9
v -0.0999999 1.8 1.9
v -0.0999999 2.2 1.9
v -0.0999999 2.3 1.9
v 0.1 1.7 1.9
v 0.1 1.8 1.9
v 0.1 2.2 1.9
v 0.1 2.3 1.9
v 0.2 1.6 1.9
v 0.2 1.7 1.9
v 0.2 1.9 1.9
v 0.2 2.1 1.9
v 0.2 2.3 1.9
v 0.2 2.4 1.9
v 0.3 1.5 1.9
v 0.3 1.6 1.9
v 0.3 1.8 1.9
v 0.3 1.9 1.9
v 0.3 2.1 1.9
v 0.3 2.2 1.9
v 0.3 2.4 1.9
v 0.3 2.5 1.9
v 0.4 1.4 1.9
v 0.4 1.5 1.9
v 0.4 1.7 1.9
v 0.4 1.8 1.9
v 0.4 2.2 1.9
v 0.4 2.3 1.9
v 0.4 2.5 1.9
v 0.4 2.6 1.9
v 0.5 1.3 1.9
v 0.5 1.4 1.9
v 0.5 1.6 1.9
v 0.5 1.7 1.9
v 0.5 2.3 1.9
v 0.5 2.4 1.9
v 0.5 2.6 1.9
v 0.5 2.7 1.9
v 0.6 1.2 1.9
v 0.6 1.3 1.9
v 0.6 1.5 1.9
v 0.6 1.6 1.9
v 0.6 2.4 1.9
v 0.6 2.5 1.9
v 0.6 2.7 1.9
v 0.6 2.8 1.9
v 0.7 1.1 1.9
v 0.7 1.2 1.9
v 0.7 1.4 1.9
v 0.7 1.5 1.9
v 0.7 2.5 1.9
v 0.7 2.6 1.9
v 0.7 2.8 1.9
v 0.7 2.9 1.9
v 0.8 1 1.9
v 0.8 1.1 1.9
v 0.8 1.3 1.9
v 0.8 1.4 1.9
v 0.8 2.6 1.9
v 0.8 2.7 1.9
v 0.8 2.9 1.9
v 0.8 3 1.9
v 0.9 0.9 1.9
v 0.9 1 1.9
v 0.9 1.2 1.9
v 0.9 1.3 1.9
v 0.9 2.7 1.9
v 0.9 2.8 1.9
v 0.9 3 1.9
v 0.9 3.1 1.9
v 1 0.8 1.9
v 1 0.9 1.9
v 1 1.1 1.9
v 1 1.2 1.9
v 1 2.8 1.9
v 1 2.9 1.9
v 1 3.1 1.9
v 1 3.2 1.9
v 1.1 0.7 1.9
v 1.1 0.8 1.9
v 1.1 1 1.9
v 1.1 1.1 1.9
v 1.1 2.9 1.9
v 1.1 3 1.9
v 1.1 3.2 1.9
v 1.1 3.3 1.9
v 1.2 0.6 1.9
v 1.2 0.7 1.9
v 1.2 0.9 1.9
v 1.2 1 1.9
v 1.2 3 1.9
v 1.2 3.1 1.9
v 1.2 3.3 1.9
v 1.2 3.4 1.9
v 1.3 0.5 1.9
v 1.3 0.6 1.9
v 1.3 0.8 1.9
v 1.3 0.9 1.9
v 1.3 3.1 1.9
v 1.3 3.2 1.9
v 1.3 3.4 1.9
v 1.3 3.5 1.9
v 1.4 0.4 1.9
v 1.4 0.5 1.9
v 1.4 0.7 1.9
v 1.4 0.8 1.9
v 1.4 3.2 1.9
v 1.4 3.3 1.9
v 1.4 3.5 1.9
v 1.4 3.6 1.9
v 1.5 0.3 1.9
v 1.5 0.4 1.9
v 1.5 0.6 1.9
v 1.5 0.7 1.9
v 1.5 3.3 1.9
v 1.5 3.4 1.9
v 1.5 3.6 1.9
v 1.5 3.7 1.9
v 1.6 0.2 1.9
v 1.6 0.3 1.9
v 1.6 0.5 1.9
v 1.6 0.6 1.9
v 1.6 3.4 1.9
v 1.6 3.5 1.9
v 1.6 3.7 1.9
v 1.6 3.8 1.9
v 1.7 0.4 1.9
v 1.7 0.5 1.9
v 1.7 3.5 1.9
v 1.7 3.6 1.9
v 1.8 0.4 1.9
v 1.8 3.6 1.9
v -2 0.4 1.7
v -2 0.5 1.7
v -2 3.5 1.7
v -2 3.6 1.7
v -1.9 0.4 1.7
v -1.9 0.5 1.7
v -1.9 3.5 1.7
v -1.9 3.6 1.7
v -1.6 0 1.7
v -1.6 0.1 1.7
v -1.6 3.9 1.7
v -1.6 4 1.7
v -1.5 0 1.7
v -1.5 0.1 1.7
v -1.5 3.9 1.7
v -1.5 4 1.7
v 1.5 0 1.7
v 1.5 0.1 1.7
v 1.5 3.9 1.7
v 1.5 4 1.7
v 1.6 0 1.7
v 1.6 0.1 1.7
v 1.6 3.9 1.7
v 1.6 4 1.7
v 1.9 0.4 1.7
v 1.9 0.5 1.7
v 1.9 3.5 1.7
v 1.9 3.6 1.7
v 2 0.4 1.7
v 2 0.5 1.7
v 2 3.5 1.7
v 2 3.6 1.7
v -2 0.5 1.6
v -2 0.6 1.6
v -2 3.4 1.6
v -2 3.5 1.6
v -1.9 0.5 1.6
v -1.9 0.6 1.6
v -1.9 3.4 1.6
v -1.9 3.5 1.6
v -1.5 0 1.6
v -1.5 0.1 1.6
v -1.5 3.9 1.6
v -1.5 4 1.6
v -1.4 0 1.6
v -1.4 0.1 1.6
v -1.4 3.9 1.6
v -1.4 4 1.6
v 1.4 0 1.6
v 1.4 0.1 1.6
v 1.4 3.9 1.6
v 1.4 4 1.6
v 1.5 0 1.6
v 1.5 0.1 1.6
v 1.5 3.9 1.6
v 1.5 4 1.6
v 1.9 0.5 1.6
v 1.9 0.6 1.6
v 1.9 3.4 1.6
v 1.9 3.5 1.6
v 2 0.5 1.6
v 2 0.6 1.6
v 2 3.4 1.6
v 2 3.5 1.6
v -2 0.6 1.5
v -2 0.7 1.5
v -2 3.3 1.5
v -2 3.4 1.5
v -1.9 0.6 1.5
v -1.9 0.7 1.5
v -1.9 3.3 1.5
v -1.9 3.4 1.5
v -1.4 0 1.5
v -1.4 0.1 1.5
v -1.4 3.9 1.5
v -1.4 4 1.5
v -1.3 0 1.5
v -1.3 0.1 1.5
v -1.3 3.9 1.5
v -1.3 4 1.5
v 1.3 0 1.5
v 1.3 0.1 1.5
v 1.3 3.9 1.5
v 1.3 4 1.5
v 1.4 0 1.5
v 1.4 0.1 1.5
v 1.4 3.9 1.5
v 1.4 4 1.5
v 1.9 0.6 1.5
v 1.9 0.7 1.5
v 1.9 3.3 1.5
v 1.9 3.4 1.5
v 2 0.6 1.5
v 2 0.7 1.5
v 2 3.3 1.5
v 2 3.4 1.5
v -2 0.7 1.4
v -2 0.8 1.4
v -2 3.2 1.4
v -2 3.3 1.4
v -1.9 0.7 1.4
v -1.9 0.8 1.4
v -1.9 3.2 1.4
v -1.9 3.3 1.4
v -1.3 0 1.4
v -1.3 0.1 1.4
v -1.3 3.9 1.4
v -1.3 4 1.4
v -1.2 0 1.4
v -1.2 0.1 1.4
v -1.2 3.9 1.4
v -1.2 4 1.4
v 1.2 0 1.4
v 1.2 0.1 1.4
v 1.2 3.9 1.4
v 1.2 4 1.4
v 1.3 0 1.4
v 1.3 0.1 1.4
v 1.3 3.9 1.4
v 1.3 4 1.4
v 1.9 0.7 1.4
v 1.9 0.8 1.4
v 1.9 3.2 1.4
v 1.9 3.3 1.4
v 2 0.7 1.4
v 2 0.8 1.4
v 2 3.2 1.4
v 2 3.3 1.4
v -2 0.8 1.3
v -2 0.9 1.3
v -2 3.1 1.3
v -2 3.2 1.3
v -1.9 0.8 1.3
v -1.9 0.9 1.3
v -1.9 3.1 1.3
v -1.9 3.2 1.3
v -1.2 0 1.3
v -1.2 0.1 1.3
v -1.2 3.9 1.3
v -1.2 4 1.3
v -1.1 0 1.3
v -1.1 0.1 1.3
v -1.1 3.9 1.3
v -1.1 4 1.3
v 1.1 0 1.3
v 1.1 0.1 1.3
v 1.1 3.9 1.3
v 1.1 4 1.3
v 1.2 0 1.3
v 1.2 0.1 1.3
v 1.2 3.9 1.3
v 1.2 4 1.3
v 1.9 0.8 1.3
v 1.9 0.9 1.3
v 1.9 3.1 1.3
v 1.9 3.2 1.3
v 2 0.8 1.3
v 2 0.9 1.3
v 2 3.1 1.3
v 2 3.2 1.3
v -2 0.9 1.2
v -2 1 1.2
v -2 3 1.2
v -2 3.1 1.2
v -1.9 0.9 1.2
v -1.9 1 1.2
v -1.9 3 1.2
v -1.9 3.1 1.2
v -1.1 0 1.2
v -1.1 0.1 1.2
v -1.1 3.9 1.2
v -1.1 4 1.2
v -1 0 1.2
v -1 0.1 1.2
v -1 3.9 1.2
v -1 4 1.2
v 1 0 1.2
v 1 0.1 1.2
v 1 3.9 1.2
v 1 4 1.2
v 1.1 0 1.2
v 1.1 0.1 1.2
v 1.1 3.9 1.2
v 1.1 4 1.2
v 1.9 0.9 1.2
v 1.9 1 1.2
v 1.9 3 1.2
v 1.9 3.1 1.2
v 2 0.9 1.2
v 2 1 1.2
v 2 3 1.2
v 2 3.1 1.2
v -2 1 1.1
v -2 1.1 1.1
v -2 2.9 1.1
v -2 3 1.1
v -1.9 1 1.1
v -1.9 1.1 1.1
v -1.9 2.9 1.1
v -1.9 3 1.1
v -1 0 1.1
v -1 0.1 1.1
v -1 3.9 1.1
v -1 4 1.1
v -0.9 0 1.1
v -0.9 0.1 1.1
v -0.9 3.9 1.1
v -0.9 4 1.1
v 0.9 0 1.1
v 0.9 0.1 1.1
v 0.9 3.9 1.1
v 0.9 4 1.1
v 1 0 1.1
v 1 0.1 1.1
v 1 3.9 1.1
v 1 4 1.1
v 1.9 1 1.1
v 1.9 1.1 1.1
v 1.9 2.9 1.1
v 1.9 3 1.1
v 2 1 1.1
v 2 1.1 1.1
v 2 2.9 1.1
v 2 3 1.1
v -2 1.1 1
v -2 1.2 1
v -2 2.8 1
v -2 2.9 1
v -1.9 1.1 1
v -1.9 1.2 1
v -1.9 2.8 1
v -1.9 2.9 1
v -0.9 0 1
v -0.9 0.1 1
v -0.9 3.9 1
v -0.9 4 1
v -0.8 0 1
v -0.8 0.1 1
v -0.8 3.9 1
v -0.8 4 1
v 0.8 0 1
v 0.8 0.1 1
v 0.8 3.9 1
v 0.8 4 1
v 0.9 0 1
v 0.9 0.1 1
v 0.9 3.9 1
v 0.9 4 1
v 1.9 1.1 1
v 1.9 1.2 1
v 1.9 2.8 1
v 1.9 2.9 1
v 2 1.1 1
v 2 1.2 1
v 2 2.8 1
v 2 2.9 1
v -2 1.2 0.9
v -2 1.3 0.9
v -2 2.7 0.9
v -2 2.8 0.9
v -1.9 1.2 0.9
v -1.9 1.3 0.9
v -1.9 2.7 0.9
v -1.9 2.8 0.9
v -0.8 0 0.9
v -0.8 0.1 0.9
v -0.8 3.9 0.9
v -0.8 4 0.9
v -0.7 0 0.9
v -0.7 0.1 0.9
v -0.7 3.9 0.9
v -0.7 4 0.9
v 0.7 0 0.9
v 0.7 0.1 0.9
v 0.7 3.9 0.9
v 0.7 4 0.9
v 0.8 0 0.9
v 0.8 0.1 0.9
v 0.8 3.9 0.9
v 0.8 4 0.9
v 1.9 1.2 0.9
v 1.9 1.3 0.9
v 1.9 2.7 0.9
v 1.9 2.8 0.9
v 2 1.2 0.9
v 2 1.3 0.9
v 2 2.7 0.9
v 2 2.8 0.9
v -2 1.3 0.8
v -2 1.4 0.8
v -2 2.6 0.8
v -2 2.7 0.8
v -1.9 1.3 0.8
v -1.9 1.4 0.8
v -1.9 2.6 0.8
v -1.9 2.7 0.8
v -0.7 0 0.8
v -0.7 0.1 0.8
v -0.7 3.9 0.8
v -0.7 4 0.8
v -0.6 0 0.8
v -0.6 0.1 0.8
v -0.6 3.9 0.8
v -0.6 4 0.8
v 0.6 0 0.8
v 0.6 0.1 0.8
v 0.6 3.9 0.8
v 0.6 4 0.8
v 0.7 0 0.8
v 0.7 0.1 0.8
v 0.7 3.9 0.8
v 0.7 4 0.8
v 1.9 1.3 0.8
v 1.9 1.4 0.8
v 1.9 2.6 0.8
v 1.9 2.7 0.8
v 2 1.3 0.8
v 2 1.4 0.8
v 2 2.6 0.8
v 2 2.7 0.8
v -2 1.4 0.7
v -2 1.5 0.7
v -2 2.5 0.7
v -2 2.6 0.7
v -1.9 1.4 0.7
v -1.9 1.5 0.7
v -1.9 2.5 0.7
v -1.9 2.6 0.7
v -0.6 0 0.7
v -0.6 0.1 0.7
v -0.6 3.9 0.7
v -0.6 4 0.7
v -0.5 0 0.7
v -0.5 0.1 0.7
v -0.5 3.9 0.7
v -0.5 4 0.7
v 0.5 0 0.7
v 0.5 0.1 0.7
v 0.5 3.9 0.7
v 0.5 4 0.7
v 0.6 0 0.7
v 0.6 0.1 0.7
v 0.6 3.9 0.7
v 0.6 4 0.7
v 1.9 1.4 0.7
v 1.9 1.5 0.7
v 1.9 2.5 0.7
v 1.9 2.6 0.7
v 2 1.4 0.7
v 2 1.5 0.7
v 2 2.5 0.7
v 2 2.6 0.7
v -2 1.5 0.6
v -2 1.6 0.6
v -2 2.4 0.6
v -2 2.5 0.6
v -1.9 1.5 0.6
v -1.9 1.6 0.6
v -1.9 2.4 0.6
v -1.9 2.5 0.6
v -0.5 0 0.6
v -0.5 0.1 0.6
v -0.5 3.9 0.6
v -0.5 4 0.6
v -0.4 0 0.6
v -0.4 0.1 0.6
v -0.4 3.9 0.6
v -0.4 4 0.6
v 0.4 0 0.6
v 0.4 0.1 0.6
v 0.4 3.9 0.6
v 0.4 4 0.6
v 0.5 0 0.6
v 0.5 0.1 0.6
v 0.5 3.9 0.6
v 0.5 4 0.6
v 1.9 1.5 0.6
v 1.9 1.6 0.6
v 1.9 2.4 0.6
v 1.9 2.5 0.6
v 2 1.5 0.6
v 2 1.6 0.6
v 2 2.4 0.6
v 2 2.5 0.6
v -2 1.6 0.5
v -2 1.7 0.5
v -2 2.3 0.5
v -2 2.4 0.5
v -1.9 1.6 0.5
v -1.9 1.7 0.5
v -1.9 2.3 0.5
v -1.9 2.4 0.5
v -0.4 0 0.5
v -0.4 0.1 0.5
v -0.4 3.9 0.5
v -0.4 4 0.5
v -0.3 0 0.5
v -0.3 0.1 0.5
v -0.3 3.9 0.5
v -0.3 4 0.5
v 0.3 0 0.5
v 0.3 0.1 0.5
v 0.3 3.9 0.5
v 0.3 4 0.5
v 0.4 0 0.5
v 0.4 0.1 0.5
v 0.4 3.9 0.5
v 0.4 4 0.5
v 1.9 1.6 0.5
v 1.9 1.7 0.5
v 1.9 2.3 0.5
v 1.9 2.4 0.5
v 2 1.6 0.5
v 2 1.7 0.5
v 2 2.3 0.5
v 2 2.4 0.5
v -2 1.7 0.4
v -2 1.8 0.4
v -2 2.2 0.4
v -2 2.3 0.4
v -1.9 1.7 0.4
v -1.9 1.8 0.4
v -1.9 2.2 0.4
v -1.9 2.3 0.4
v -0.3 0 0.4
v -0.3 0.1 0.4
v -0.3 3.9 0.4
v -0.3 4 0.4
v -0.2 0 0.4
v -0.2 0.1 0.4
v -0.2 3.9 0.4
v -0.2 4 0.4
v 0.2 0 0.4
v 0.2 0.1 0.4
v 0.2 3.9 0.4
v 0.2 4 0.4
v 0.3 0 0.4
v 0.3 0.1 0.4
v 0.3 3.9 0.4
v 0.3 4 0.4
v 1.9 1.7 0.4
v 1.9 1.8 0.4
v 1.9 2.2 0.4
v 1.9 2.3 0.4
v 2 1.7 0.4
v 2 1.8 0.4
v 2 2.2 0.4
v 2 2.3 0.4
v -2 1.8 0.3
v -2 1.9 0.3
v -2 2.1 0.3
v -2 2.2 0.3
v -1.9 1.8 0.3
v -1.9 1.9 0.3
v -1.9 2.1 0.3
v -1.9 2.2 0.3
v -0.2 0 0.3
v -0.2 0.1 0.3
v -0.2 3.9 0.3
v -0.2 4 0.3
v -0.0999999 0 0.3
v -0.0999999 0.1 0.3
v -0.0999999 3.9 0.3
v -0.0999999 4 0.3
v 0.1 0 0.3
v 0.1 0.1 0.3
v 0.1 3.9 0.3
v 0.1 4 0.3
v 0.2 0 0.3
v 0.2 0.1 0.3
v 0.2 3.9 0.3
v 0.2 4 0.3
v 1.9 1.8 0.3
v 1.9 1.9 0.3
v 1.9 2.1 0.3
v 1.9 2.2 0.3
v 2 1.8 0.3
v 2 1.9 0.3
v 2 2.1 0.3
v 2 2.2 0.3
v -2 1.9 0.2
v -2 2.1 0.2
v -1.9 1.9 0.2
v -1.9 2.1 0.2
v -0.0999999 0 0.2
v -0.0999999 0.1 0.2
v -0.0999999 3.9 0.2
v -0.0999999 4 0.2
v 0.1 0 0.2
v 0.1 0.1 0.2
v 0.1 3.9 0.2
v 0.1 4 0.2
v 1.9 1.9 0.2
v 1.9 2.1 0.2
v 2 1.9 0.2
v 2 2.1 0.2
v -2 1.7 -0.1
v -2 1.8 -0.1
v -2 2.2 -0.1
v -2 2.3 -0.1
v -1.9 1.7 -0.1
v -1.9 1.8 -0.1
v -1.9 2.2 -0.1
v -1.9 2.3 -0.1
v -0.3 0 -0.1
v -0.3 0.1 -0.1
v -0.3 3.9 -0.1
v -0.3 4 -0.1
v -0.2 0 -0.1
v -0.2 0.1 -0.1
v -0.2 3.9 -0.1
v -0.2 4 -0.1
v 0.2 0 -0.1
v 0.2 0.1 -0.1
v 0.2 3.9 -0.1
v 0.2 4 -0.1
v 0.3 0 -0.1
v 0.3 0.1 -0.1
v 0.3 3.9 -0.1
v 0.3 4 -0.1
v 1.9 1.7 -0.1
v 1.9 1.8 -0.1
v 1.9 2.2 -0.1
v 1.9 2.3 -0.1
v 2 1.7 -0.1
v 2 1.8 -0.1
v 2 2.2 -0.1
v 2 2.3 -0.1
v -2 1.6 -0.2
v -2 1.7 -0.2
v -2 2.3 -0.2
v -2 2.4 -0.2
v -1.9 1.6 -0.2
v -1.9 1.7 -0.2
v -1.9 2.3 -0.2
v -1.9 2.4 -0.2
v -0.4 0 -0.2
v -0.4 0.1 -0.2
v -0.4 3.9 -0.2
v -0.4 4 -0.2
v -0.3 0 -0.2
v -0.3 0.1 -0.2
v -0.3 3.9 -0.2
v -0.3 4 -0.2
v 0.3 0 -0.2
v 0.3 0.1 -0.2
v 0.3 3.9 -0.2
v 0.3 4 -0.2
v 0.4 0 -0.2
v 0.4 0.1 -0.2
v 0.4 3.9 -0.2
v 0.4 4 -0.2
v 1.9 1.6 -0.2
v 1.9 1.7 -0.2
v 1.9 2.3 -0.2
v 1.9 2.4 -0.2
v 2 1.6 -0.2
v 2 1.7 -0.2
v 2 2.3 -0.2
v 2 2.4 -0.2
v -2 1.5 -0.3
v -2 1.6 -0.3
v -2 2.4 -0.3
v -2 2.5 -0.3
v -1.9 1.5 -0.3
v -1.9 1.6 -0.3
v -1.9 2.4 -0.3
v -1.9 2.5 -0.3
v -0.5 0 -0.3
v -0.5 0.1 -0.3
v -0.5 3.9 -0.3
v -0.5 4 -0.3
v -0.4 0 -0.3
v -0.4 0.1 -0.3
v -0.4 3.9 -0.3
v -0.4 4 -0.3
v 0.4 0 -0.3
v 0.4 0.1 -0.3
v 0.4 3.9 -0.3
v 0.4 4 -0.3
v 0.5 0 -0.3
v 0.5 0.1 -0.3
v 0.5 3.9 -0.3
v 0.5 4 -0.3
v 1.9 1.5 -0.3
v 1.9 1.6 -0.3
v 1.9 2.4 -0.3
v 1.9 2.5 -0.3
v 2 1.5 -0.3
v 2 1.6 -0.3
v 2 2.4 -0.3
v 2 2.5 -0.3
v -2 1.4 -0.4
v -2 1.5 -0.4
v -2 2.5 -0.4
v -2 2.6 -0.4
v -1.9 1.4 -0.4
v -1.9 1.5 -0.4
v -1.9 2.5 -0.4
v -1.9 2.6 -0.4
v -0.6 0 -0.4
v -0.6 0.1 -0.4
v -0.6 3.9 -0.4
v -0.6 4 -0.4
v -0.5 0 -0.4
v -0.5 0.1 -0.4
v -0.5 3.9 -0.4
v -0.5 4 -0.4
v 0.5 0 -0.4
v 0.5 0.1 -0.4
v 0.5 3.9 -0.4
v 0.5 4 -0.4
v 0.6 0 -0.4
v 0.6 0.1 -0.4
v 0.6 3.9 -0.4
v 0.6 4 -0.4
v 1.9 1.4 -0.4
v 1.9 1.5 -0.4
v 1.9 2.5 -0.4
v 1.9 2.6 -0.4
v 2 1.4 -0.4
v 2 1.5 -0.4
v 2 2.5 -0.4
v 2 2.6 -0.4
v -2 1.3 -0.5
v -2 1.4 -0.5
v -2 2.6 -0.5
v -2 2.7 -0.5
v -1.9 1.3 -0.5
v -1.9 1.4 -0.5
v -1.9 2.6 -0.5
v -1.9 2.7 -0.5
v -0.7 0 -0.5
v -0.7 0.1 -0.5
v -0.7 3.9 -0.5
v -0.7 4 -0.5
v -0.6 0 -0.5
v -0.6 0.1 -0.5
v -0.6 3.9 -0.5
v -0.6 4 -0.5
v 0.6 0 -0.5
v 0.6 0.1 -0.5
v 0.6 3.9 -0.5
v 0.6 4 -0.5
v 0.7 0 -0.5
v 0.7 0.1 -0.5
v 0.7 3.9 -0.5
v 0.7 4 -0.5
v 1.9 1.3 -0.5
v 1.9 1.4 -0.5
v 1.9 2.6 -0.5
v 1.9 2.7 -0.5
v 2 1.3 -0.5
v 2 1.4 -0.5
v 2 2.6 -0.5
v 2 2.7 -0.5
v -2 1.2 -0.6
v -2 1.3 -0.6
v -2 2.7 -0.6
v -2 2.8 -0.6
v -1.9 1.2 -0.6
v -1.9 1.3 -0.6
v -1.9 2.7 -0.6
v -1.9 2.8 -0.6
v -0.8 0 -0.6
v -0.8 0.1 -0.6
v -0.8 3.9 -0.6
v -0.8 4 -0.6
v -0.7 0 -0.6
v -0.7 0.1 -0.6
v -0.7 3.9 -0.6
v -0.7 4 -0.6
v 0.7 0 -0.6
v 0.7 0.1 -0.6
v 0.7 3.9 -0.6
v 0.7 4 -0.6
v 0.8 0 -0.6
v 0.8 0.1 -0.6
v 0.8 3.9 -0.6
v 0.8 4 -0.6
v 1.9 1.2 -0.6
v 1.9 1.3 -0.6
v 1.9 2.7 -0.6
v 1.9 2.8 -0.6
v 2 1.2 -0.6
v 2 1.3 -0.6
v 2 2.7 -0.6
v 2 2.8 -0.6
v -2 1.1 -0.7
v -2 1.2 -0.7
v -2 2.8 -0.7
v -2 2.9 -0.7
v -1.9 1.1 -0.7
v -1.9 1.2 -0.7
v -1.9 2.8 -0.7
v -1.9 2.9 -0.7
v -0.9 0 -0.7
v -0.9 0.1 -0.7
v -0.9 3.9 -0.7
v -0.9 4 -0.7
v -0.8 0 -0.7
v -0.8 0.1 -0.7
v -0.8 3.9 -0.7
v -0.8 4 -0.7
v 0.8 0 -0.7
v 0.8 0.1 -0.7
v 0.8 3.9 -0.7
v 0.8 4 -0.7
v 0.9 0 -0.7
v 0.9 0.1 -0.7
v 0.9 3.9 -0.7
v 0.9 4 -0.7
v 1.9 1.1 -0.7
v 1.9 1.2 -0.7
v 1.9 2.8 -0.7
v 1.9 2.9 -0.7
v 2 1.1 -0.7
v 2 1.2 -0.7
v 2 2.8 -0.7
v 2 2.9 -0.7
v -2 1 -0.8
v -2 1.1 -0.8
v -2 2.9 -0.8
v -2 3 -0.8
v -1.9 1 -0.8
v -1.9 1.1 -0.8
v -1.9 2.9 -0.8
v -1.9 3 -0.8
v -1 0 -0.8
v -1 0.1 -0.8
v -1 3.9 -0.8
v -1 4 -0.8
v -0.9 0 -0.8
v -0.9 0.1 -0.8
v -0.9 3.9 -0.8
v -0.9 4 -0.8
v 0.9 0 -0.8
v 0.9 0.1 -0.8
v 0.9 3.9 -0.8
v 0.9 4 -0.8
v 1 0 -0.8
v 1 0.1 -0.8
v 1 3.9 -0.8
v 1 4 -0.8
v 1.9 1 -0.8
v 1.9 1.1 -0.8
v 1.9 2.9 -0.8
v 1.9 3 -0.8
v 2 1 -0.8
v 2 1.1 -0.8
v 2 2.9 -0.8
v 2 3 -0.8
v -2 0.9 -0.9
v -2 1 -0.9
v -2 3 -0.9
v -2 3.1 -0.9
v -1.9 0.9 -0.9
v -1.9 1 -0.9
v -1.9 3 -0.9
v -1.9 3.1 -0.9
v -1.1 0 -0.9
v -1.1 0.1 -0.9
v -1.1 3.9 -0.9
v -1.1 4 -0.9
v -1 0 -0.9
v -1 0.1 -0.9
v -1 3.9 -0.9
v -1 4 -0.9
v 1 0 -0.9
v 1 0.1 -0.9
v 1 3.9 -0.9
v 1 4 -0.9
v 1.1 0 -0.9
v 1.1 0.1 -0.9
v 1.1 3.9 -0.9
v 1.1 4 -0.9
v 1.9 0.9 -0.9
v 1.9 1 -0.9
v 1.9 3 -0.9
v 1.9 3.1 -0.9
v 2 0.9 -0.9
v 2 1 -0.9
v 2 3 -0.9
v 2 3.1 -0.9
v -2 0.8 -1
v -2 0.9 -1
v -2 3.1 -1
v -2 3.2 -1
v -1.9 0.8 -1
v -1.9 0.9 -1
v -1.9 3.1 -1
v -1.9 3.2 -1
v -1.2 0 -1
v -1.2 0.1 -1
v -1.2 3.9 -1
v -1.2 4 -1
v -1.1 0 -1
v -1.1 0.1 -1
v -1.1 3.9 -1
v -1.1 4 -1
v 1.1 0 -1
v 1.1 0.1 -1
v 1.1 3.9 -1
v 1.1 4 -1
v 1.2 0 -1
v 1.2 0.1 -1
v 1.2 3.9 -1
v 1.2 4 -1
v 1.9 0.8 -1
v 1.9 0.9 -1
v 1.9 3.1 -1
v 1.9 3.2 -1
v 2 0.8 -1
v 2 0.9 -1
v 2 3.1 -1
v 2 3.2 -1
v -2 0.7 -1.1
v -2 0.8 -1.1
v -2 3.2 -1.1
v -2 3.3 -1.1
v -1.9 0.7 -1.1
v -1.9 0.8 -1.1
v -1.9 3.2 -1.1
v -1.9 3.3 -1.1
v -1.3 0 -1.1
v -1.3 0.1 -1.1
v -1.3 3.9 -1.1
v -1.3 4 -1.1
v -1.2 0 -1.1
v -1.2 0.1 -1.1
v -1.2 3.9 -1.1
v -1.2 4 -1.1
v 1.2 0 -1.1
v 1.2 0.1 -1.1
v 1.2 3.9 -1.1
v 1.2 4 -1.1
v 1.3 0 -1.1
v 1.3 0.1 -1.1
v 1.3 3.9 -1.1
v 1.3 4 -1.1
v 1.9 0.7 -1.1
v 1.9 0.8 -1.1
v 1.9 3.2 -1.1
v 1.9 3.3 -1.1
v 2 0.7 -1.1
v 2 0.8 -1.1
v 2 3.2 -1.1
v 2 3.3 -1.1
v -2 0.6 -1.2
v -2 0.7 -1.2
v -2 3.3 -1.2
v -2 3.4 -1.2
v -1.9 0.6 -1.2
v -1.9 0.7 -1.2
v -1.9 3.3 -1.2
v -1.9 3.4 -1.2
v -1.4 0 -1.2
v -1.4 0.1 -1.2
v -1.4 3.9 -1.2
v -1.4 4 -1.2
v -1.3 0 -1.2
v -1.3 0.1 -1.2
v -1.3 3.9 -1.2
v -1.3 4 -1.2
v 1.3 0 -1.2
v 1.3 0.1 -1.2
v 1.3 3.9 -1.2
v 1.3 4 -1.2
v 1.4 0 -1.2
v 1.4 0.1 -1.2
v 1.4 3.9 -1.2
v 1.4 4 -1.2
v 1.9 0.6 -1.2
v 1.9 0.7 -1.2
v 1.9 3.3 -1.2
v 1.9 3.4 -1.2
v 2 0.6 -1.2
v 2 0.7 -1.2
v 2 3.3 -1.2
v 2 3.4 -1.2
v -2 0.5 -1.3
v -2 0.6 -1.3
v -2 3.4 -1.3
v -2 3.5 -1.3
v -1.9 0.5 -1.3
v -1.9 0.6 -1.3
v -1.9 3.4 -1.3
v -1.9 3.5 -1.3
v -1.5 0 -1.3
v -1.5 0.1 -1.3
v -1.5 3.9 -1.3
v -1.5 4 -1.3
v -1.4 0 -1.3
v -1.4 0.1 -1.3
v -1.4 3.9 -1.3
v -1.4 4 -1.3
v 1.4 0 -1.3
v 1.4 0.1 -1.3
v 1.4 3.9 -1.3
v 1.4 4 -1.3
v 1.5 0 -1.3
v 1.5 0.1 -1.3
v 1.5 3.9 -1.3
v 1.5 4 -1.3
v 1.9 0.5 -1.3
v 1.9 0.6 -1.3
v 1.9 3.4 -1.3
v 1.9 3.5 -1.3
v 2 0.5 -1.3
v 2 0.6 -1.3
v 2 3.4 -1.3
v 2 3.5 -1.3
v -2 0.4 -1.4
v -2 0.5 -1.4
v -2 3.5 -1.4
v -2 3.6 -1.4
v -1.9 0.4 -1.4
v -1.9 0.5 -1.4
v -1.9 3.5 -1.4
v -1.9 3.6 -1.4
v -1.6 0 -1.4
v -1.6 0.1 -1.4
v -1.6 3.9 -1.4
v -1.6 4 -1.4
v -1.5 0 -1.4
v -1.5 0.1 -1.4
v -1.5 3.9 -1.4
v -1.5 4 -1.4
v 1.5 0 -1.4
v 1.5 0.1 -1.4
v 1.5 3.9 -1.4
v 1.5 4 -1.4
v 1.6 0 -1.4
v 1.6 0.1 -1.4
v 1.6 3.9 -1.4
v 1.6 4 -1.4
v 1.9 0.4 -1.4
v 1.9 0.5 -1.4
v 1.9 3.5 -1.4
v 1.9 3.6 -1.4
v 2 0.4 -1.4
v 2 0.5 -1.4
v 2 3.5 -1.4
v 2 3.6 -1.4
v -2 0.3 -1.5
v -2 0.4 -1.5
v -2 3.6 -1.5
v -2 3.7 -1.5
v -1.9 0.3 -1.5
v -1.9 0.4 -1.5
v -1.9 3.6 -1.5
v -1.9 3.7 -1.5
v -1.7 0 -1.5
v -1.7 0.1 -1.5
v -1.7 3.9 -1.5
v -1.7 4 -1.5
v -1.6 0 -1.5
v -1.6 0.1 -1.5
v -1.6 3.9 -1.5
v -1.6 4 -1.5
v 1.6 0 -1.5
v 1.6 0.1 -1.5
v 1.6 3.9 -1.5
v 1.6 4 -1.5
v 1.7 0 -1.5
v 1.7 0.1 -1.5
v 1.7 3.9 -1.5
v 1.7 4 -1.5
v 1.9 0.3 -1.5
v 1.9 0.4 -1.5
v 1.9 3.6 -1.5
v 1.9 3.7 -1.5
v 2 0.3 -1.5
v 2 0.4 -1.5
v 2 3.6 -1.5
v 2 3.7 -1.5
v -2 0.2 -1.6
v -2 0.3 -1.6
v -2 3.7 -1.6
v -2 3.8 -1.6
v -1.9 0.2 -1.6
v -1.9 0.3 -1.6
v -1.9 3.7 -1.6
v -1.9 3.8 -1.6
v -1.8 0 -1.6
v -1.8 0.1 -1.6
v -1.8 3.9 -1.6
v -1.8 4 -1.6
v -1.7 0 -1.6
v -1.7 0.1 -1.6
v -1.7 3.9 -1.6
v -1.7 4 -1.6
v 1.7 0 -1.6
v 1.7 0.1 -1.6
v 1.7 3.9 -1.6
v 1.7 4 -1.6
v 1.8 0 -1.6
v 1.8 0.1 -1.6
v 1.8 3.9 -1.6
v 1.8 4 -1.6
v 1.9 0.2 -1.6
v 1.9 0.3 -1.6
v 1.9 3.7 -1.6
v 1.9 3.8 -1.6
v 2 0.2 -1.6
v 2 0.3 -1.6
v 2 3.7 -1.6
v 2 3.8 -1.6
v -2 0.4 -1.8
v -2 3.6 -1.8
v -1.9 0.4 -1.8
v -1.9 3.6 -1.8
v -1.6 0 -1.8
v -1.6 0.1 -1.8
v -1.6 3.9 -1.8
v -1.6 4 -1.8
v 1.6 0 -1.8
v 1.6 0.1 -1.8
v 1.6 3.9 -1.8
v 1.6 4 -1.8
v 1.9 0.4 -1.8
v 1.9 3.6 -1.8
v 2 0.4 -1.8
v 2 3.6 -1.8
v -2 0.4 1.8
v -2 3.6 1.8
v -1.9 0.4 1.8
v -1.9 3.6 1.8
v -1.6 0 1.8
v -1.6 0.1 1.8
v -1.6 3.9 1.8
v -1.6 4 1.8
v 1.6 0 1.8
v 1.6 0.1 1.8
v 1.6 3.9 1.8
v 1.6 4 1.8
v 1.9 0.4 1.8
v 1.9 3.6 1.8
v 2 0.4 1.8
v 2 3.6 1.8
v -2 0.2 1.6
v -2 0.3 1.6
v -2 3.7 1.6
v -2 3.8 1.6
v -1.9 0.2 1.6
v -1.9 0.3 1.6
v -1.9 3.7 1.6
v -1.9 3.8 1.6
v -1.8 0 1.6
v -1.8 0.1 1.6
v -1.8 3.9 1.6
v -1.8 4 1.6
v -1.7 0 1.6
v -1.7 0.1 1.6
v -1.7 3.9 1.6
v -1.7 4 1.6
v 1.7 0 1.6
v 1.7 0.1 1.6
v 1.7 3.9 1.6
v 1.7 4 1.6
v 1.8 0 1.6
v 1.8 0.1 1.6
v 1.8 3.9 1.6
v 1.8 4 1.6
v 1.9 0.2 1.6
v 1.9 0.3 1.6
v 1.9 3.7 1.6
v 1.9 3.8 1.6
v 2 0.2 1.6
v 2 0.3 1.6
v 2 3.7 1.6
v 2 3.8 1.6
v -2 0.3 1.5
v -2 0.4 1.5
v -2 3.6 1.5
v -2 3.7 1.5
v -1.9 0.3 1.5
v -1.9 0.4 1.5
v -1.9 3.6 1.5
v -1.9 3.7 1.5
v -1.7 0 1.5
v -1.7 0.1 1.5
v -1.7 3.9 1.5
v -1.7 4 1.5
v -1.6 0 1.5
v -1.6 0.1 1.5
v -1.6 3.9 1.5
v -1.6 4 1.5
v 1.6 0 1.5
v 1.6 0.1 1.5
v 1.6 3.9 1.5
v 1.6 4 1.5
v 1.7 0 1.5
v 1.7 0.1 1.5
v 1.7 3.9 1.5
v 1.7 4 1.5
v 1.9 0.3 1.5
v 1.9 0.4 1.5
v 1.9 3.6 1.5
v 1.9 3.7 1.5
v 2 0.3 1.5
v 2 0.4 1.5
v 2 3.6 1.5
v 2 3.7 1.5
v -2 0.4 1.4
v -2 0.5 1.4
v -2 3.5 1.4
v -2 3.6 1.4
v -1.9 0.4 1.4
v -1.9 0.5 1.4
v -1.9 3.5 1.4
v -1.9 3.6 1.4
v -1.6 0 1.4
v -1.6 0.1 1.4
v -1.6 3.9 1.4
v -1.6 4 1.4
v -1.5 0 1.4
v -1.5 0.1 1.4
v -1.5 3.9 1.4
v -1.5 4 1.4
v 1.5 0 1.4
v 1.5 0.1 1.4
v 1.5 3.9 1.4
v 1.5 4 1.4
v 1.6 0 1.4
v 1.6 0.1 1.4
v 1.6 3.9 1.4
v 1.6 4 1.4
v 1.9 0.4 1.4
v 1.9 0.5 1.4
v 1.9 3.5 1.4
v 1.9 3.6 1.4
v 2 0.4 1.4
v 2 0.5 1.4
v 2 3.5 1.4
v 2 3.6 1.4
v -2 0.5 1.3
v -2 0.6 1.3
v -2 3.4 1.3
v -2 3.5 1.3
v -1.9 0.5 1.3
v -1.9 0.6 1.3
v -1.9 3.4 1.3
v -1.9 3.5 1.3
v -1.5 0 1.3
v -1.5 0.1 1.3
v -1.5 3.9 1.3
v -1.5 4 1.3
v -1.4 0 1.3
v -1.4 0.1 1.3
v -1.4 3.9 1.3
v -1.4 4 1.3
v 1.4 0 1.3
v 1.4 0.1 1.3
v 1.4 3.9 1.3
v 1.4 4 1.3
v 1.5 0 1.3
v 1.5 0.1 1.3
v 1.5 3.9 1.3
v 1.5 4 1.3
v 1.9 0.5 1.3
v 1.9 0.6 1.3
v 1.9 3.4 1.3
v 1.9 3.5 1.3
v 2 0.5 1.3
v 2 0.6 1.3
v 2 3.4 1.3
v 2 3.5 1.3
v -2 0.6 1.2
v -2 0.7 1.2
v -2 3.3 1.2
v -2 3.4 1.2
v -1.9 0.6 1.2
v -1.9 0.7 1.2
v -1.9 3.3 1.2
v -1.9 3.4 1.2
v -1.4 0 1.2
v -1.4 0.1 1.2
v -1.4 3.9 1.2
v -1.4 4 1.2
v -1.3 0 1.2
v -1.3 0.1 1.2
v -1.3 3.9 1.2
v -1.3 4 1.2
v 1.3 0 1.2
v 1.3 0.1 1.2
v 1.3 3.9 1.2
v 1.3 4 1.2
v 1.4 0 1.2
v 1.4 0.1 1.2
v 1.4 3.9 1.2
v 1.4 4 1.2
v 1.9 0.6 1.2
v 1.9 0.7 1.2
v 1.9 3.3 1.2
v 1.9 3.4 1.2
v 2 0.6 1.2
v 2 0.7 1.2
v 2 3.3 1.2
v 2 3.4 1.2
v -2 0.7 1.1
v -2 0.8 1.1
v -2 3.2 1.1
v -2 3.3 1.1
v -1.9 0.7 1.1
v -1.9 0.8 1.1
v -1.9 3.2 1.1
v -1.9 3.3 1.1
v -1.3 0 1.1
v -1.3 0.1 1.1
v -1.3 3.9 1.1
v -1.3 4 1.1
v -1.2 0 1.1
v -1.2 0.1 1.1
v -1.2 3.9 1.1
v -1.2 4 1.1
v 1.2 0 1.1
v 1.2 0.1 1.1
v 1.2 3.9 1.1
v 1.2 4 1.1
v 1.3 0 1.1
v 1.3 0.1 1.1
v 1.3 3.9 1.1
v 1.3 4 1.1
v 1.9 0.7 1.1
v 1.9 0.8 1.1
v 1.9 3.2 1.1
v 1.9 3.3 1.1
v 2 0.7 1.1
v 2 0.8 1.1
v 2 3.2 1.1
v 2 3.3 1.1
v -2 0.8 1
v -2 0.9 1
v -2 3.1 1
v -2 3.2 1
v -1.9 0.8 1
v -1.9 0.9 1
v -1.9 3.1 1
v -1.9 3.2 1
v -1.2 0 1
v -1.2 0.1 1
v -1.2 3.9 1
v -1.2 4 1
v -1.1 0 1
v -1.1 0.1 1
v -1.1 3.9 1
v -1.1 4 1
v 1.1 0 1
v 1.1 0.1 1
v 1.1 3.9 1
v 1.1 4 1
v 1.2 0 1
v 1.2 0.1 1
v 1.2 3.9 1
v 1.2 4 1
v 1.9 0.8 1
v 1.9 0.9 1
v 1.9 3.1 1
v 1.9 3.2 1
v 2 0.8 1
v 2 0.9 1
v 2 3.1 1
v 2 3.2 1
v -2 0.9 0.9
v -2 1 0.9
v -2 3 0.9
v -2 3.1 0.9
v -1.9 0.9 0.9
v -1.9 1 0.9
v -1.9 3 0.9
v -1.9 3.1 0.9
v -1.1 0 0.9
v -1.1 0.1 0.9
v -1.1 3.9 0.9
v -1.1 4 0.9
v -1 0 0.9
v -1 0.1 0.9
v -1 3.9 0.9
v -1 4 0.9
v 1 0 0.9
v 1 0.1 0.9
v 1 3.9 0.9
v 1 4 0.9
v 1.1 0 0.9
v 1.1 0.1 0.9
v 1.1 3.9 0.9
v 1.1 4 0.9
v 1.9 0.9 0.9
v 1.9 1 0.9
v 1.9 3 0.9
v 1.9 3.1 0.9
v 2 0.9 0.9
v 2 1 0.9
v 2 3 0.9
v 2 3.1 0.9
v -2 1 0.8
v -2 1.1 0.8
v -2 2.9 0.8
v -2 3 0.8
v -1.9 1 0.8
v -1.9 1.1 0.8
v -1.9 2.9 0.8
v -1.9 3 0.8
v -1 0 0.8
v -1 0.1 0.8
v -1 3.9 0.8
v -1 4 0.8
v -0.9 0 0.8
v -0.9 0.1 0.8
v -0.9 3.9 0.8
v -0.9 4 0.8
v 0.9 0 0.8
v 0.9 0.1 0.8
v 0.9 3.9 0.8
v 0.9 4 0.8
v 1 0 0.8
v 1 0.1 0.8
v 1 3.9 0.8
v 1 4 0.8
v 1.9 1 0.8
v 1.9 1.1 0.8
v 1.9 2.9 0.8
v 1.9 3 0.8
v 2 1 0.8
v 2 1.1 0.8
v 2 2.9 0.8
v 2 3 0.8
v -2 1.1 0.7
v -2 1.2 0.7
v -2 2.8 0.7
v -2 2.9 0.7
v -1.9 1.1 0.7
v -1.9 1.2 0.7
v -1.9 2.8 0.7
v -1.9 2.9 0.7
v -0.9 0 0.7
v -0.9 0.1 0.7
v -0.9 3.9 0.7
v -0.9 4 0.7
v -0.8 0 0.7
v -0.8 0.1 0.7
v -0.8 3.9 0.7
v -0.8 4 0.7
v 0.8 0 0.7
v 0.8 0.1 0.7
v 0.8 3.9 0.7
v 0.8 4 0.7
v 0.9 0 0.7
v 0.9 0.1 0.7
v 0.9 3.9 0.7
v 0.9 4 0.7
v 1.9 1.1 0.7
v 1.9 1.2 0.7
v 1.9 2.8 0.7
v 1.9 2.9 0.7
v 2 1.1 0.7
v 2 1.2 0.7
v 2 2.8 0.7
v 2 2.9 0.7
v -2 1.2 0.6
v -2 1.3 0.6
v -2 2.7 0.6
v -2 2.8 0.6
v -1.9 1.2 0.6
v -1.9 1.3 0.6
v -1.9 2.7 0.6
v -1.9 2.8 0.6
v -0.8 0 0.6
v -0.8 0.1 0.6
v -0.8 3.9 0.6
v -0.8 4 0.6
v -0.7 0 0.6
v -0.7 0.1 0.6
v -0.7 3.9 0.6
v -0.7 4 0.6
v 0.7 0 0.6
v 0.7 0.1 0.6
v 0.7 3.9 0.6
v 0.7 4 0.6
v 0.8 0 0.6
v 0.8 0.1 0.6
v 0.8 3.9 0.6
v 0.8 4 0.6
v 1.9 1.2 0.6
v 1.9 1.3 0.6
v 1.9 2.7 0.6
v 1.9 2.8 0.6
v 2 1.2 0.6
v 2 1.3 0.6
v 2 2.7 0.6
v 2 2.8 0.6
v -2 1.3 0.5
v -2 1.4 0.5
v -2 2.6 0.5
v -2 2.7 0.5
v -1.9 1.3 0.5
v -1.9 1.4 0.5
v -1.9 2.6 0.5
v -1.9 2.7 0.5
v -0.7 0 0.5
v -0.7 0.1 0.5
v -0.7 3.9 0.5
v -0.7 4 0.5
v -0.6 0 0.5
v -0.6 0.1 0.5
v -0.6 3.9 0.5
v -0.6 4 0.5
v 0.6 0 0.5
v 0.6 0.1 0.5
v 0.6 3.9 0.5
v 0.6 4 0.5
v 0.7 0 0.5
v 0.7 0.1 0.5
v 0.7 3.9 0.5
v 0.7 4 0.5
v 1.9 1.3 0.5
v 1.9 1.4 0.5
v 1.9 2.6 0.5
v 1.9 2.7 0.5
v 2 1.3 0.5
v 2 1.4 0.5
v 2 2.6 0.5
v 2 2.7 0.5
v -2 1.4 0.4
v -2 1.5 0.4
v -2 2.5 0.4
v -2 2.6 0.4
v -1.9 1.4 0.4
v -1.9 1.5 0.4
v -1.9 2.5 0.4
v -1.9 2.6 0.4
v -0.6 0 0.4
v -0.6 0.1 0.4
v -0.6 3.9 0.4
v -0.6 4 0.4
v -0.5 0 0.4
v -0.5 0.1 0.4
v -0.5 3.9 0.4
v -0.5 4 0.4
v 0.5 0 0.4
v 0.5 0.1 0.4
v 0.5 3.9 0.4
v 0.5 4 0.4
v 0.6 0 0.4
v 0.6 0.1 0.4
v 0.6 3.9 0.4
v 0.6 4 0.4
v 1.9 1.4 0.4
v 1.9 1.5 0.4
v 1.9 2.5 0.4
v 1.9 2.6 0.4
v 2 1.4 0.4
v 2 1.5 0.4
v 2 2.5 0.4
v 2 2.6 0.4
v -2 1.5 0.3
v -2 1.6 0.3
v -2 2.4 0.3
v -2 2.5 0.3
v -1.9 1.5 0.3
v -1.9 1.6 0.3
v -1.9 2.4 0.3
v -1.9 2.5 0.3
v -0.5 0 0.3
v -0.5 0.1 0.3
v -0.5 3.9 0.3
v -0.5 4 0.3
v -0.4 0 0.3
v -0.4 0.1 0.3
v -0.4 3.9 0.3
v -0.4 4 0.3
v 0.4 0 0.3
v 0.4 0.1 0.3
v 0.4 3.9 0.3
v 0.4 4 0.3
v 0.5 0 0.3
v 0.5 0.1 0.3
v 0.5 3.9 0.3
v 0.5 4 0.3
v 1.9 1.5 0.3
v 1.9 1.6 0.3
v 1.9 2.4 0.3
v 1.9 2.5 0.3
v 2 1.5 0.3
v 2 1.6 0.3
v 2 2.4 0.3
v 2 2.5 0.3
v -2 1.6 0.2
v -2 1.7 0.2
v -2 2.3 0.2
v -2 2.4 0.2
v -1.9 1.6 0.2
v -1.9 1.7 0.2
v -1.9 2.3 0.2
v -1.9 2.4 0.2
v -0.4 0 0.2
v -0.4 0.1 0.2
v -0.4 3.9 0.2
v -0.4 4 0.2
v -0.3 0 0.2
v -0.3 0.1 0.2
v -0.3 3.9 0.2
v -0.3 4 0.2
v 0.3 0 0.2
v 0.3 0.1 0.2
v 0.3 3.9 0.2
v 0.3 4 0.2
v 0.4 0 0.2
v 0.4 0.1 0.2
v 0.4 3.9 0.2
v 0.4 4 0.2
v 1.9 1.6 0.2
v 1.9 1.7 0.2
v 1.9 2.3 0.2
v 1.9 2.4 0.2
v 2 1.6 0.2
v 2 1.7 0.2
v 2 2.3 0.2
v 2 2.4 0.2
v -2 1.7 0.0999999
v -2 1.8 0.0999999
v -2 2.2 0.0999999
v -2 2.3 0.0999999
v -1.9 1.7 0.0999999
v -1.9 1.8 0.0999999
v -1.9 2.2 0.0999999
v -1.9 2.3 0.0999999
v -0.3 3.9 0.0999999
v -0.3 4 0.0999999
v -0.2 3.9 0.0999999
v -0.2 4 0.0999999
v 0.2 0 0.0999999
v 0.2 0.1 0.0999999
v 0.2 3.9 0.0999999
v 0.2 4 0.0999999
v 0.3 0 0.0999999
v 0.3 0.1 0.0999999
v 0.3 3.9 0.0999999
v 0.3 4 0.0999999
v 1.9 1.7 0.0999999
v 1.9 1.8 0.0999999
v 1.9 2.2 0.0999999
v 1.9 2.3 0.0999999
v 2 1.7 0.0999999
v 2 1.8 0.0999999
v 2 2.2 0.0999999
v 2 2.3 0.0999999
v -0.3 0 -2.38419e-07
v -0.3 0.1 -2.38419e-07
v -0.2 0 -2.38419e-07
v -0.2 0.1 -2.38419e-07
v -2 1.9 -0.2
v -2 2.1 -0.2
v -1.9 1.9 -0.2
v -1.9 2.1 -0.2
v -0.0999999 0 -0.2
v -0.0999999 0.1 -0.2
v -0.0999999 3.9 -0.2
v -0.0999999 4 -0.2
v 0.1 0 -0.2
v 0.1 0.1 -0.2
v 0.1 3.9 -0.2
v 0.1 4 -0.2
v 1.9 1.9 -0.2
v 1.9 2.1 -0.2
v 2 1.9 -0.2
v 2 2.1 -0.2
v -2 1.8 -0.3
v -2 1.9 -0.3
v -2 2.1 -0.3
v -2 2.2 -0.3
v -1.9 1.8 -0.3
v -1.9 1.9 -0.3
v -1.9 2.1 -0.3
v -1.9 2.2 -0.3
v -0.2 0 -0.3
v -0.2 0.1 -0.3
v -0.2 3.9 -0.3
v -0.2 4 -0.3
v -0.0999999 0 -0.3
v -0.0999999 0.1 -0.3
v -0.0999999 3.9 -0.3
v -0.0999999 4 -0.3
v 0.1 0 -0.3
v 0.1 0.1 -0.3
v 0.1 3.9 -0.3
v 0.1 4 -0.3
v 0.2 0 -0.3
v 0.2 0.1 -0.3
v 0.2 3.9 -0.3
v 0.2 4 -0.3
v 1.9 1.8 -0.3
v 1.9 1.9 -0.3
v 1.9 2.1 -0.3
v 1.9 2.2 -0.3
v 2 1.8 -0.3
v 2 1.9 -0.3
v 2 2.1 -0.3
v 2 2.2 -0.3
v -2 1.7 -0.4
v -2 1.8 -0.4
v -2 2.2 -0.4
v -2 2.3 -0.4
v -1.9 1.7 -0.4
v -1.9 1.8 -0.4
v -1.9 2.2 -0.4
v -1.9 2.3 -0.4
v -0.3 0 -0.4
v -0.3 0.1 -0.4
v -0.3 3.9 -0.4
v -0.3 4 -0.4
v -0.2 0 -0.4
v -0.2 0.1 -0.4
v -0.2 3.9 -0.4
v -0.2 4 -0.4
v 0.2 0 -0.4
v 0.2 0.1 -0.4
v 0.2 3.9 -0.4
v 0.2 4 -0.4
v 0.3 0 -0.4
v 0.3 0.1 -0.4
v 0.3 3.9 -0.4
v 0.3 4 -0.4
v 1.9 1.7 -0.4
v 1.9 1.8 -0.4
v 1.9 2.2 -0.4
v 1.9 2.3 -0.4
v 2 1.7 -0.4
v 2 1.8 -0.4
v 2 2.2 -0.4
v 2 2.3 -0.4
v -2 1.6 -0.5
v -2 1.7 -0.5
v -2 2.3 -0.5
v -2 2.4 -0.5
v -1.9 1.6 -0.5
v -1.9 1.7 -0.5
v -1.9 2.3 -0.5
v -1.9 2.4 -0.5
v -0.4 0 -0.5
v -0.4 0.1 -0.5
v -0.4 3.9 -0.5
v -0.4 4 -0.5
v -0.3 0 -0.5
v -0.3 0.1 -0.5
v -0.3 3.9 -0.5
v -0.3 4 -0.5
v 0.3 0 -0.5
v 0.3 0.1 -0.5
v 0.3 3.9 -0.5
v 0.3 4 -0.5
v 0.4 0 -0.5
v 0.4 0.1 -0.5
v 0.4 3.9 -0.5
v 0.4 4 -0.5
v 1.9 1.6 -0.5
v 1.9 1.7 -0.5
v 1.9 2.3 -0.5
v 1.9 2.4 -0.5
v 2 1.6 -0.5
v 2 1.7 -0.5
v 2 2.3 -0.5
v 2 2.4 -0.5
v -2 1.5 -0.6
v -2 1.6 -0.6
v -2 2.4 -0.6
v -2 2.5 -0.6
v -1.9 1.5 -0.6
v -1.9 1.6 -0.6
v -1.9 2.4 -0.6
v -1.9 2.5 -0.6
v -0.5 0 -0.6
v -0.5 0.1 -0.6
v -0.5 3.9 -0.6
v -0.5 4 -0.6
v -0.4 0 -0.6
v -0.4 0.1 -0.6
v -0.4 3.9 -0.6
v -0.4 4 -0.6
v 0.4 0 -0.6
v 0.4 0.1 -0.6
v 0.4 3.9 -0.6
v 0.4 4 -0.6
v 0.5 0 -0.6
v 0.5 0.1 -0.6
v 0.5 3.9 -0.6
v 0.5 4 -0.6
v 1.9 1.5 -0.6
v 1.9 1.6 -0.6
v 1.9 2.4 -0.6
v 1.9 2.5 -0.6
v 2 1.5 -0.6
v 2 1.6 -0.6
v 2 2.4 -0.6
v 2 2.5 -0.6
v -2 1.4 -0.7
v -2 1.5 -0.7
v -2 2.5 -0.7
v -2 2.6 -0.7
v -1.9 1.4 -0.7
v -1.9 1.5 -0.7
v -1.9 2.5 -0.7
v -1.9 2.6 -0.7
v -0.6 0 -0.7
v -0.6 0.1 -0.7
v -0.6 3.9 -0.7
v -0.6 4 -0.7
v -0.5 0 -0.7
v -0.5 0.1 -0.7
v -0.5 3.9 -0.7
v -0.5 4 -0.7
v 0.5 0 -0.7
v 0.5 0.1 -0.7
v 0.5 3.9 -0.7
v 0.5 4 -0.7
v 0.6 0 -0.7
v 0.6 0.1 -0.7
v 0.6 3.9 -0.7
v 0.6 4 -0.7
v 1.9 1.4 -0.7
v 1.9 1.5 -0.7
v 1.9 2.5 -0.7
v 1.9 2.6 -0.7
v 2 1.4 -0.7
v 2 1.5 -0.7
v 2 2.5 -0.7
v 2 2.6 -0.7
v -2 1.3 -0.8
v -2 1.4 -0.8
v -2 2.6 -0.8
v -2 2.7 -0.8
v -1.9 1.3 -0.8
v -1.9 1.4 -0.8
v -1.9 2.6 -0.8
v -1.9 2.7 -0.8
v -0.7 0 -0.8
v -0.7 0.1 -0.8
v -0.7 3.9 -0.8
v -0.7 4 -0.8
v -0.6 0 -0.8
v -0.6 0.1 -0.8
v -0.6 3.9 -0.8
v -0.6 4 -0.8
v 0.6 0 -0.8
v 0.6 0.1 -0.8
v 0.6 3.9 -0.8
v 0.6 4 -0.8
v 0.7 0 -0.8
v 0.7 0.1 -0.8
v 0.7 3.9 -0.8
v 0.7 4 -0.8
v 1.9 1.3 -0.8
v 1.9 1.4 -0.8
v 1.9 2.6 -0.8
v 1.9 2.7 -0.8
v 2 1.3 -0.8
v 2 1.4 -0.8
v 2 2.6 -0.8
v 2 2.7 -0.8
v -2 1.2 -0.9
v -2 1.3 -0.9
v -2 2.7 -0.9
v -2 2.8 -0.9
v -1.9 1.2 -0.9
v -1.9 1.3 -0.9
v -1.9 2.7 -0.9
v -1.9 2.8 -0.9
v -0.8 0 -0.9
v -0.8 0.1 -0.9
v -0.8 3.9 -0.9
v -0.8 4 -0.9
v -0.7 0 -0.9
v -0.7 0.1 -0.9
v -0.7 3.9 -0.9
v -0.7 4 -0.9
v 0.7 0 -0.9
v 0.7 0.1 -0.9
v 0.7 3.9 -0.9
v 0.7 4 -0.9
v 0.8 0 -0.9
v 0.8 0.1 -0.9
v 0.8 3.9 -0.9
v 0.8 4 -0.9
v 1.9 1.2 -0.9
v 1.9 1.3 -0.9
v 1.9 2.7 -0.9
v 1.9 2.8 -0.9
v 2 1.2 -0.9
v 2 1.3 -0.9
v 2 2.7 -0.9
v 2 2.8 -0.9
v -2 1.1 -1
v -2 1.2 -1
v -2 2.8 -1
v -2 2.9 -1
v -1.9 1.1 -1
v -1.9 1.2 -1
v -1.9 2.8 -1
v -1.9 2.9 -1
v -0.9 0 -1
v -0.9 0.1 -1
v -0.9 3.9 -1
v -0.9 4 -1
v -0.8 0 -1
v -0.8 0.1 -1
v -0.8 3.9 -1
v -0.8 4 -1
v 0.8 0 -1
v 0.8 0.1 -1
v 0.8 3.9 -1
v 0.8 4 -1
v 0.9 0 -1
v 0.9 0.1 -1
v 0.9 3.9 -1
v 0.9 4 -1
v 1.9 1.1 -1
v 1.9 1.2 -1
v 1.9 2.8 -1
v 1.9 2.9 -1
v 2 1.1 -1
v 2 1.2 -1
v 2 2.8 -1
v 2 2.9 -1
v -2 1 -1.1
v -2 1.1 -1.1
v -2 2.9 -1.1
v -2 3 -1.1
v -1.9 1 -1.1
v -1.9 1.1 -1.1
v -1.9 2.9 -1.1
v -1.9 3 -1.1
v -1 0 -1.1
v -1 0.1 -1.1
v -1 3.9 -1.1
v -1 4 -1.1
v -0.9 0 -1.1
v -0.9 0.1 -1.1
v -0.9 3.9 -1.1
v -0.9 4 -1.1
v 0.9 0 -1.1
v 0.9 0.1 -1.1
v 0.9 3.9 -1.1
v 0.9 4 -1.1
v 1 0 -1.1
v 1 0.1 -1.1
v 1 3.9 -1.1
v 1 4 -1.1
v 1.9 1 -1.1
v 1.9 1.1 -1.1
v 1.9 2.9 -1.1
v 1.9 3 -1.1
v 2 1 -1.1
v 2 1.1 -1.1
v 2 2.9 -1.1
v 2 3 -1.1
v -2 0.9 -1.2
v -2 1 -1.2
v -2 3 -1.2
v -2 3.1 -1.2
v -1.9 0.9 -1.2
v -1.9 1 -1.2
v -1.9 3 -1.2
v -1.9 3.1 -1.2
v -1.1 0 -1.2
v -1.1 0.1 -1.2
v -1.1 3.9 -1.2
v -1.1 4 -1.2
v -1 0 -1.2
v -1 0.1 -1.2
v -1 3.9 -1.2
v -1 4 -1.2
v 1 0 -1.2
v 1 0.1 -1.2
v 1 3.9 -1.2
v 1 4 -1.2
v 1.1 0 -1.2
v 1.1 0.1 -1.2
v 1.1 3.9 -1.2
v 1.1 4 -1.2
v 1.9 0.9 -1.2
v 1.9 1 -1.2
v 1.9 3 -1.2
v 1.9 3.1 -1.2
v 2 0.9 -1.2
v 2 1 -1.2
v 2 3 -1.2
v 2 3.1 -1.2
v -2 0.8 -1.3
v -2 0.9 -1.3
v -2 3.1 -1.3
v -2 3.2 -1.3
v -1.9 0.8 -1.3
v -1.9 0.9 -1.3
v -1.9 3.1 -1.3
v -1.9 3.2 -1.3
v -1.2 0 -1.3
v -1.2 0.1 -1.3
v -1.2 3.9 -1.3
v -1.2 4 -1.3
v -1.1 0 -1.3
v -1.1 0.1 -1.3
v -1.1 3.9 -1.3
v -1.1 4 -1.3
v 1.1 0 -1.3
v 1.1 0.1 -1.3
v 1.1 3.9 -1.3
v 1.1 4 -1.3
v 1.2 0 -1.3
v 1.2 0.1 -1.3
v 1.2 3.9 -1.3
v 1.2 4 -1.3
v 1.9 0.8 -1.3
v 1.9 0.9 -1.3
v 1.9 3.1 -1.3
v 1.9 3.2 -1.3
v 2 0.8 -1.3
v 2 0.9 -1.3
v 2 3.1 -1.3
v 2 3.2 -1.3
v -2 0.7 -1.4
v -2 0.8 -1.4
v -2 3.2 -1.4
v -2 3.3 -1.4
v -1.9 0.7 -1.4
v -1.9 0.8 -1.4
v -1.9 3.2 -1.4
v -1.9 3.3 -1.4
v -1.3 0 -1.4
v -1.3 0.1 -1.4
v -1.3 3.9 -1.4
v -1.3 4 -1.4
v -1.2 0 -1.4
v -1.2 0.1 -1.4
v -1.2 3.9 -1.4
v -1.2 4 -1.4
v 1.2 0 -1.4
v 1.2 0.1 -1.4
v 1.2 3.9 -1.4
v 1.2 4 -1.4
v 1.3 0 -1.4
v 1.3 0.1 -1.4
v 1.3 3.9 -1.4
v 1.3 4 -1.4
v 1.9 0.7 -1.4
v 1.9 0.8 -1.4
v 1.9 3.2 -1.4
v 1.9 3.3 -1.4
v 2 0.7 -1.4
v 2 0.8 -1.4
v 2 3.2 -1.4
v 2 3.3 -1.4
v -2 0.6 -1.5
v -2 0.7 -1.5
v -2 3.3 -1.5
v -2 3.4 -1.5
v -1.9 0.6 -1.5
v -1.9 0.7 -1.5
v -1.9 3.3 -1.5
v -1.9 3.4 -1.5
v -1.4 0 -1.5
v -1.4 0.1 -1.5
v -1.4 3.9 -1.5
v -1.4 4 -1.5
v -1.3 0 -1.5
v -1.3 0.1 -1.5
v -1.3 3.9 -1.5
v -1.3 4 -1.5
v 1.3 0 -1.5
v 1.3 0.1 -1.5
v 1.3 3.9 -1.5
v 1.3 4 -1.5
v 1.4 0 -1.5
v 1.4 0.1 -1.5
v 1.4 3.9 -1.5
v 1.4 4 -1.5
v 1.9 0.6 -1.5
v 1.9 0.7 -1.5
v 1.9 3.3 -1.5
v 1.9 3.4 -1.5
v 2 0.6 -1.5
v 2 0.7 -1.5
v 2 3.3 -1.5
v 2 3.4 -1.5
v -2 0.5 -1.6
v -2 0.6 -1.6
v -2 3.4 -1.6
v -2 3.5 -1.6
v -1.9 0.5 -1.6
v -1.9 0.6 -1.6
v -1.9 3.4 -1.6
v -1.9 3.5 -1.6
v -1.5 0 -1.6
v -1.5 0.1 -1.6
v -1.5 3.9 -1.6
v -1.5 4 -1.6
v -1.4 0 -1.6
v -1.4 0.1 -1.6
v -1.4 3.9 -1.6
v -1.4 4 -1.6
v 1.4 0 -1.6
v 1.4 0.1 -1.6
v 1.4 3.9 -1.6
v 1.4 4 -1.6
v 1.5 0 -1.6
v 1.5 0.1 -1.6
v 1.5 3.9 -1.6
v 1.5 4 -1.6
v 1.9 0.5 -1.6
v 1.9 0.6 -1.6
v 1.9 3.4 -1.6
v 1.9 3.5 -1.6
v 2 0.5 -1.6
v 2 0.6 -1.6
v 2 3.4 -1.6
v 2 3.5 -1.6
v -2 0.4 -1.7
v -2 0.5 -1.7
v -2 3.5 -1.7
v -2 3.6 -1.7
v -1.9 0.4 -1.7
v -1.9 0.5 -1.7
v -1.9 3.5 -1.7
v -1.9 3.6 -1.7
v -1.6 0 -1.7
v -1.6 0.1 -1.7
v -1.6 3.9 -1.7
v -1.6 4 -1.7
v -1.5 0 -1.7
v -1.5 0.1 -1.7
v -1.5 3.9 -1.7
v -1.5 4 -1.7
v 1.5 0 -1.7
v 1.5 0.1 -1.7
v 1.5 3.9 -1.7
v 1.5 4 -1.7
v 1.6 0 -1.7
v 1.6 0.1 -1.7
v 1.6 3.9 -1.7
v 1.6 4 -1.7
v 1.9 0.4 -1.7
v 1.9 0.5 -1.7
v 1.9 3.5 -1.7
v 1.9 3.6 -1.7
v 2 0.4 -1.7
v 2 0.5 -1.7
v 2 3.5 -1.7
v 2 3.6 -1.7
v -1.8 0.4 -1.9
v -1.8 3.6 -1.9
v -1.7 0.4 -1.9
v -1.7 0.5 -1.9
v -1.7 3.5 -1.9
v -1.7 3.6 -1.9
v -1.6 0.2 -1.9
v -1.6 0.3 -1.9
v -1.6 0.5 -1.9
v -1.6 0.6 -1.9
v -1.6 3.4 -1.9
v -1.6 3.5 -1.9
v -1.6 3.7 -1.9
v -1.6 3.8 -1.9
v -1.5 0.3 -1.9
v -1.5 0.4 -1.9
v -1.5 0.6 -1.9
v -1.5 0.7 -1.9
v -1.5 3.3 -1.9
v -1.5 3.4 -1.9
v -1.5 3.6 -1.9
v -1.5 3.7 -1.9
v -1.4 0.4 -1.9
v -1.4 0.5 -1.9
v -1.4 0.7 -1.9
v -1.4 0.8 -1.9
v -1.4 3.2 -1.9
v -1.4 3.3 -1.9
v -1.4 3.5 -1.9
v -1.4 3.6 -1.9
v -1.3 0.5 -1.9
v -1.3 0.6 -1.9
v -1.3 0.8 -1.9
v -1.3 0.9 -1.9
v -1.3 3.1 -1.9
v -1.3 3.2 -1.9
v -1.3 3.4 -1.9
v -1.3 3.5 -1.9
v -1.2 0.6 -1.9
v -1.2 0.7 -1.9
v -1.2 0.9 -1.9
v -1.2 1 -1.9
v -1.2 3 -1.9
v -1.2 3.1 -1.9
v -1.2 3.3 -1.9
v -1.2 3.4 -1.9
v -1.1 0.7 -1.9
v -1.1 0.8 -1.9
v -1.1 1 -1.9
v -1.1 1.1 -1.9
v -1.1 2.9 -1.9
v -1.1 3 -1.9
v -1.1 3.2 -1.9
v -1.1 3.3 -1.9
v -1 0.8 -1.9
v -1 0.9 -1.9
v -1 1.1 -1.9
v -1 1.2 -1.9
v -1 2.8 -1.9
v -1 2.9 -1.9
v -1 3.1 -1.9
v -1 3.2 -1.9
v -0.9 0.9 -1.9
v -0.9 1 -1.9
v -0.9 1.2 -1.9
v -0.9 1.3 -1.9
v -0.9 2.7 -1.9
v -0.9 2.8 -1.9
v -0.9 3 -1.9
v -0.9 3.1 -1.9
v -0.8 1 -1.9
v -0.8 1.1 -1.9
v -0.8 1.3 -1.9
v -0.8 1.4 -1.9
v -0.8 2.6 -1.9
v -0.8 2.7 -1.9
v -0.8 2.9 -1.9
v -0.8 3 -1.9
v -0.7 1.1 -1.9
v -0.7 1.2 -1.9
v -0.7 1.4 -1.9
v -0.7 1.5 -1.9
v -0.7 2.5 -1.9
v -0.7 2.6 -1.9
v -0.7 2.8 -1.9
v -0.7 2.9 -1.9
v -0.6 1.2 -1.9
v -0.6 1.3 -1.9
v -0.6 1.5 -1.9
v -0.6 1.6 -1.9
v -0.6 2.4 -1.9
v -0.6 2.5 -1.9
v -0.6 2.7 -1.9
v -0.6 2.8 -1.9
v -0.5 1.3 -1.9
v -0.5 1.4 -1.9
v -0.5 1.6 -1.9
v -0.5 1.7 -1.9
v -0.5 2.3 -1.9
v -0.5 2.4 -1.9
v -0.5 2.6 -1.9
v -0.5 2.7 -1.9
v -0.4 1.4 -1.9
v -0.4 1.5 -1.9
v -0.4 1.7 -1.9
v -0.4 1.8 -1.9
v -0.4 2.2 -1.9
v -0.4 2.3 -1.9
v -0.4 2.5 -1.9
v -0.4 2.6 -1.9
v -0.3 1.5 -1.9
v -0.3 1.6 -1.9
v -0.3 1.8 -1.9
v -0.3 1.9 -1.9
v -0.3 2.1 -1.9
v -0.3 2.2 -1.9
v -0.3 2.4 -1.9
v -0.3 2.5 -1.9
v -0.2 1.6 -1.9
v -0.2 1.7 -1.9
v -0.2 1.9 -1.9
v -0.2 2.1 -1.9
v -0.2 2.3 -1.9
v -0.2 2.4 -1.9
v -0.0999999 1.7 -1.9
v -0.0999999 1.8 -1.9
v -0.0999999 2.2 -1.9
v -0.0999999 2.3 -1.9
v 0.1 1.7 -1.9
v 0.1 1.8 -1.9
v 0.1 2.2 -1.9
v 0.1 2.3 -1.9
v 0.2 1.6 -1.9
v 0.2 1.7 -1.9
v 0.2 1.9 -1.9
v 0.2 2.1 -1.9
v 0.2 2.3 -1.9
v 0.2 2.4 -1.9
v 0.3 1.5 -1.9
v 0.3 1.6 -1.9
v 0.3 1.8 -1.9
v 0.3 1.9 -1.9
v 0.3 2.1 -1.9
v 0.3 2.2 -1.9
v 0.3 2.4 -1.9
v 0.3 2.5 -1.9
v 0.4 1.4 -1.9
v 0.4 1.5 -1.9
v 0.4 1.7 -1.9
v 0.4 1.8 -1.9
v 0.4 2.2 -1.9
v 0.4 2.3 -1.9
v 0.4 2.5 -1.9
v 0.4 2.6 -1.9
v 0.5 1.3 -1.9
v 0.5 1.4 -1.9
v 0.5 1.6 -1.9
v 0.5 1.7 -1.9
v 0.5 2.3 -1.9
v 0.5 2.4 -1.9
v 0.5 2.6 -1.9
v 0.5 2.7 -1.9
v 0.6 1.2 -1.9
v 0.6 1.3 -1.9
v 0.6 1.5 -1.9
v 0.6 1.6 -1.9
v 0.6 2.4 -1.9
v 0.6 2.5 -1.9
v 0.6 2.7 -1.9
v 0.6 2.8 -1.9
v 0.7 1.1 -1.9
v 0.7 1.2 -1.9
v 0.7 1.4 -1.9
v 0.7 1.5 -1.9
v 0.7 2.5 -1.9
v 0.7 2.6 -1.9
v 0.7 2.8 -1.9
v 0.7 2.9 -1.9
v 0.8 1 -1.9
v 0.8 1.1 -1.9
v 0.8 1.3 -1.9
v 0.8 1.4 -1.9
v 0.8 2.6 -1.9
v 0.8 2.7 -1.9
v 0.8 2.9 -1.9
v 0.8 3 -1.9
v 0.9 0.9 -1.9
v 0.9 1 -1.9
v 0.9 1.2 -1.9
v 0.9 1.3 -1.9
v 0.9 2.7 -1.9
v 0.9 2.8 -1.9
v 0.9 3 -1.9
v 0.9 3.1 -1.9
v 1 0.8 -1.9
v 1 0.9 -1.9
v 1 1.1 -1.9
v 1 1.2 -1.9
v 1 2.8 -1.9
v 1 2.9 -1.9
v 1 3.1 -1.9
v 1 3.2 -1.9
v 1.1 0.7 -1.9
v 1.1 0.8 -1.9
v 1.1 1 -1.9
v 1.1 1.1 -1.9
v 1.1 2.9 -1.9
v 1.1 3 -1.9
v 1.1 3.2 -1.9
v 1.1 3.3 -1.9
v 1.2 0.6 -1.9
v 1.2 0.7 -1.9
v 1.2 0.9 -1.9
v 1.2 1 -1.9
v 1.2 3 -1.9
v 1.2 3.1 -1.9
v 1.2 3.3 -1.9
v 1.2 3.4 -1.9
v 1.3 0.5 -1.9
v 1.3 0.6 -1.9
v 1.3 0.8 -1.9
v 1.3 0.9 -1.9
v 1.3 3.1 -1.9
v 1.3 3.2 -1.9
v 1.3 3.4 -1.9
v 1.3 3.5 -1.9
v 1.4 0.4 -1.9
v 1.4 0.5 -1.9
v 1.4 0.7 -1.9
v 1.4 0.8 -1.9
v 1.4 3.2 -1.9
v 1.4 3.3 -1.9
v 1.4 3.5 -1.9
v 1.4 3.6 -1.9
v 1.5 0.3 -1.9
v 1.5 0.4 -1.9
v 1.5 0.6 -1.9
v 1.5 0.7 -1.9
v 1.5 3.3 -1.9
v 1.5 3.4 -1.9
v 1.5 3.6 -1.9
v 1.5 3.7 -1.9
v 1.6 0.2 -1.9
v 1.6 0.3 -1.9
v 1.6 0.5 -1.9
v 1.6 0.6 -1.9
v 1.6 3.4 -1.9
v 1.6 3.5 -1.9
v 1.6 3.7 -1.9
v 1.6 3.8 -1.9
v 1.7 0.4 -1.9
v 1.7 0.5 -1.9
v 1.7 3.5 -1.9
v 1.7 3.6 -1.9
v 1.8 0.4 -1.9
v 1.8 3.6 -1.9
v -2 0 -2
v -2 0.1 -2
v -2 0.2 -2
v -2 3.8 -2
v -2 3.9 -2
v -2 4 -2
v -1.8 0.4 -2
v -1.8 3.6 -2
v -1.7 0.4 -2
v -1.7 0.5 -2
v -1.7 3.5 -2
v -1.7 3.6 -2
v -1.6 0.2 -2
v -1.6 0.3 -2
v -1.6 0.5 -2
v -1.6 0.6 -2
v -1.6 3.4 -2
v -1.6 3.5 -2
v -1.6 3.7 -2
v -1.6 3.8 -2
v -1.5 0.3 -2
v -1.5 0.4 -2
v -1.5 0.6 -2
v -1.5 0.7 -2
v -1.5 3.3 -2
v -1.5 3.4 -2
v -1.5 3.6 -2
v -1.5 3.7 -2
v -1.4 0.4 -2
v -1.4 0.5 -2
v -1.4 0.7 -2
v -1.4 0.8 -2
v -1.4 3.2 -2
v -1.4 3.3 -2
v -1.4 3.5 -2
v -1.4 3.6 -2
v -1.3 0.5 -2
v -1.3 0.6 -2
v -1.3 0.8 -2
v -1.3 0.9 -2
v -1.3 3.1 -2
v -1.3 3.2 -2
v -1.3 3.4 -2
v -1.3 3.5 -2
v -1.2 0.6 -2
v -1.2 0.7 -2
v -1.2 0.9 -2
v -1.2 1 -2
v -1.2 3 -2
v -1.2 3.1 -2
v -1.2 3.3 -2
v -1.2 3.4 -2
v -1.1 0.7 -2
v -1.1 0.8 -2
v -1.1 1 -2
v -1.1 1.1 -2
v -1.1 2.9 -2
v -1.1 3 -2
v -1.1 3.2 -2
v -1.1 3.3 -2
v -1 0.8 -2
v -1 0.9 -2
v -1 1.1 -2
v -1 1.2 -2
v -1 2.8 -2
v -1 2.9 -2
v -1 3.1 -2
v -1 3.2 -2
v -0.9 0.9 -2
v -0.9 1 -2
v -0.9 1.2 -2
v -0.9 1.3 -2
v -0.9 2.7 -2
v -0.9 2.8 -2
v -0.9 3 -2
v -0.9 3.1 -2
v -0.8 1 -2
v -0.8 1.1 -2
v -0.8 1.3 -2
v -0.8 1.4 -2
v -0.8 2.6 -2
v -0.8 2.7 -2
v -0.8 2.9 -2
v -0.8 3 -2
v -0.7 1.1 -2
v -0.7 1.2 -2
v -0.7 1.4 -2
v -0.7 1.5 -2
v -0.7 2.5 -2
v -0.7 2.6 -2
v -0.7 2.8 -2
v -0.7 2.9 -2
v -0.6 1.2 -2
v -0.6 1.3 -2
v -0.6 1.5 -2
v -0.6 1.6 -2
v -0.6 2.4 -2
v -0.6 2.5 -2
v -0.6 2.7 -2
v -0.6 2.8 -2
v -0.5 1.3 -2
v -0.5 1.4 -2
v -0.5 1.6 -2
v -0.5 1.7 -2
v -0.5 2.3 -2
v -0.5 2.4 -2
v -0.5 2.6 -2
v -0.5 2.7 -2
v -0.4 1.4 -2
v -0.4 1.5 -2
v -0.4 1.7 -2
v -0.4 1.8 -2
v -0.4 2.2 -2
v -0.4 2.3 -2
v -0.4 2.5 -2
v -0.4 2.6 -2
v -0.3 1.5 -2
v -0.3 1.6 -2
v -0.3 1.8 -2
v -0.3 1.9 -2
v -0.3 2.1 -2
v -0.3 2.2 -2
v -0.3 2.4 -2
v -0.3 2.5 -2
v -0.2 1.6 -2
v -0.2 1.7 -2
v -0.2 1.9 -2
v -0.2 2.1 -2
v -0.2 2.3 -2
v -0.2 2.4 -2
v -0.0999999 1.7 -2
v -0.0999999 1.8 -2
v -0.0999999 2.2 -2
v -0.0999999 2.3 -2
v 0.1 1.7 -2
v 0.1 1.8 -2
v 0.1 2.2 -2
v 0.1 2.3 -2
v 0.2 1.6 -2
v 0.2 1.7 -2
v 0.2 1.9 -2
v 0.2 2.1 -2
v 0.2 2.3 -2
v 0.2 2.4 -2
v 0.3 1.5 -2
v 0.3 1.6 -2
v 0.3 1.8 -2
v 0.3 1.9 -2
v 0.3 2.1 -2
v 0.3 2.2 -2
v 0.3 2.4 -2
v 0.3 2.5 -2
v 0.4 1.4 -2
v 0.4 1.5 -2
v 0.4 1.7 -2
v 0.4 1.8 -2
v 0.4 2.2 -2
v 0.4 2.3 -2
v 0.4 2.5 -2
v 0.4 2.6 -2
v 0.5 1.3 -2
v 0.5 1.4 -2
v 0.5 1.6 -2
v 0.5 1.7 -2
v 0.5 2.3 -2
v 0.5 2.4 -2
v 0.5 2.6 -2
v 0.5 2.7 -2
v 0.6 1.2 -2
v 0.6 1.3 -2
v 0.6 1.5 -2
v 0.6 1.6 -2
v 0.6 2.4 -2
v 0.6 2.5 -2
v 0.6 2.7 -2
v 0.6 2.8 -2
v 0.7 1.1 -2
v 0.7 1.2 -2
v 0.7 1.4 -2
v 0.7 1.5 -2
v 0.7 2.5 -2
v 0.7 2.6 -2
v 0.7 2.8 -2
v 0.7 2.9 -2
v 0.8 1 -2
v 0.8 1.1 -2
v 0.8 1.3 -2
v 0.8 1.4 -2
v 0.8 2.6 -2
v 0.8 2.7 -2
v 0.8 2.9 -2
v 0.8 3 -2
v 0.9 0.9 -2
v 0.9 1 -2
v 0.9 1.2 -2
v 0.9 1.3 -2
v 0.9 2.7 -2
v 0.9 2.8 -2
v 0.9 3 -2
v 0.9 3.1 -2
v 1 0.8 -2
v 1 0.9 -2
v 1 1.1 -2
v 1 1.2 -2
v 1 2.8 -2
v 1 2.9 -2
v 1 3.1 -2
v 1 3.2 -2
v 1.1 0.7 -2
v 1.1 0.8 -2
v 1.1 1 -2
v 1.1 1.1 -2
v 1.1 2.9 -2
v 1.1 3 -2
v 1.1 3.2 -2
v 1.1 3.3 -2
v 1.2 0.6 -2
v 1.2 0.7 -2
v 1.2 0.9 -2
v 1.2 1 -2
v 1.2 3 -2
v 1.2 3.1 -2
v 1.2 3.3 -2
v 1.2 3.4 -2
v 1.3 0.5 -2
v 1.3 0.6 -2
v 1.3 0.8 -2
v 1.3 0.9 -2
v 1.3 3.1 -2
v 1.3 3.2 -2
v 1.3 3.4 -2
v 1.3 3.5 -2
v 1.4 0.4 -2
v 1.4 0.5 -2
v 1.4 0.7 -2
v 1.4 0.8 -2
v 1.4 3.2 -2
v 1.4 3.3 -2
v 1.4 3.5 -2
v 1.4 3.6 -2
v 1.5 0.3 -2
v 1.5 0.4 -2
v 1.5 0.6 -2
v 1.5 0.7 -2
v 1.5 3.3 -2
v 1.5 3.4 -2
v 1.5 3.6 -2
v 1.5 3.7 -2
v 1.6 0.2 -2
v 1.6 0.3 -2
v 1.6 0.5 -2
v 1.6 0.6 -2
v 1.6 3.4 -2
v 1.6 3.5 -2
v 1.6 3.7 -2
v 1.6 3.8 -2
v 1.7 0.4 -2
v 1.7 0.5 -2
v 1.7 3.5 -2
v 1.7 3.6 -2
v 1.8 0.2 -2
v 1.8 0.4 -2
v 1.8 3.6 -2
v 1.8 3.8 -2
v 1.9 0.2 -2
v 1.9 3.8 -2
v 2 0 -2
v 2 0.1 -2
v 2 0.2 -2
v 2 3.8 -2
v 2 3.9 -2
v 2 4 -2
v -2 0 2
v 2 0 2
v -1.6 0 1.8
v 1.6 0 1.8
v -1.6 0 1.7
v -1.5 0 1.7
v 1.5 0 1.7
v 1.6 0 1.7
v -1.8 0 1.6
v -1.7 0 1.6
v -1.5 0 1.6
v -1.4 0 1.6
v 1.4 0 1.6
v 1.5 0 1.6
v 1.7 0 1.6
v 1.8 0 1.6
v -1.7 0 1.5
v -1.6 0 1.5
v -1.4 0 1.5
v -1.3 0 1.5
v 1.3 0 1.5
v 1.4 0 1.5
v 1.6 0 1.5
v 1.7 0 1.5
v -1.6 0 1.4
v -1.5 0 1.4
v -1.3 0 1.4
v -1.2 0 1.4
v 1.2 0 1.4
v 1.3 0 1.4
v 1.5 0 1.4
v 1.6 0 1.4
v -1.5 0 1.3
v -1.4 0 1.3
v -1.2 0 1.3
v -1.1 0 1.3
v 1.1 0 1.3
v 1.2 0 1.3
v 1.4 0 1.3
v 1.5 0 1.3
v -1.4 0 1.2
v -1.3 0 1.2
v -1.1 0 1.2
v -1 0 1.2
v 1 0 1.2
v 1.1 0 1.2
v 1.3 0 1.2
v 1.4 0 1.2
v -1.3 0 1.1
v -1.2 0 1.1
v -1 0 1.1
v -0.9 0 1.1
v 0.9 0 1.1
v 1 0 1.1
v 1.2 0 1.1
v 1.3 0 1.1
v -1.2 0 1
v -1.1 0 1
v -0.9 0 1
v -0.8 0 1
v 0.8 0 1
v 0.9 0 1
v 1.1 0 1
v 1.2 0 1
v -1.1 0 0.9
v -1 0 0.9
v -0.8 0 0.9
v -0.7 0 0.9
v 0.7 0 0.9
v 0.8 0 0.9
v 1 0 0.9
v 1.1 0 0.9
v -1 0 0.8
v -0.9 0 0.8
v -0.7 0 0.8
v -0.6 0 0.8
v 0.6 0 0.8
v 0.7 0 0.8
v 0.9 0 0.8
v 1 0 0.8
v -0.9 0 0.7
v -0.8 0 0.7
v -0.6 0 0.7
v -0.5 0 0.7
v 0.5 0 0.7
v 0.6 0 0.7
v 0.8 0 0.7
v 0.9 0 0.7
v -0.8 0 0.6
v -0.7 0 0.6
v -0.5 0 0.6
v -0.4 0 0.6
v 0.4 0 0.6
v 0.5 0 0.6
v 0.7 0 0.6
v 0.8 0 0.6
v -0.7 0 0.5
v -0.6 0 0.5
v -0.4 0 0.5
v -0.3 0 0.5
v 0.3 0 0.5
v 0.4 0 0.5
v 0.6 0 0.5
v 0.7 0 0.5
v -0.6 0 0.4
v -0.5 0 0.4
v -0.3 0 0.4
v -0.2 0 0.4
v 0.2 0 0.4
v 0.3 0 0.4
v 0.5 0 0.4
v 0.6 0 0.4
v -0.5 0 0.3
v -0.4 0 0.3
v -0.2 0 0.3
v -0.0999999 0 0.3
v 0.1 0 0.3
v 0.2 0 0.3
v 0.4 0 0.3
v 0.5 0 0.3
v -0.4 0 0.2
v -0.3 0 0.2
v -0.0999999 0 0.2
v 0.1 0 0.2
v 0.3 0 0.2
v 0.4 0 0.2
v 0.2 0 0.0999999
v 0.3 0 0.0999999
v -0.3 0 -2.38419e-07
v -0.2 0 -2.38419e-07
v -0.3 0 -0.1
v -0.2 0 -0.1
v 0.2 0 -0.1
v 0.3 0 -0.1
v -0.4 0 -0.2
v -0.3 0 -0.2
v -0.0999999 0 -0.2
v 0.1 0 -0.2
v 0.3 0 -0.2
v 0.4 0 -0.2
v -0.5 0 -0.3
v -0.4 0 -0.3
v -0.2 0 -0.3
v -0.0999999 0 -0.3
v 0.1 0 -0.3
v 0.2 0 -0.3
v 0.4 0 -0.3
v 0.5 0 -0.3
v -0.6 0 -0.4
v -0.5 0 -0.4
v -0.3 0 -0.4
v -0.2 0 -0.4
v 0.2 0 -0.4
v 0.3 0 -0.4
v 0.5 0 -0.4
v 0.6 0 -0.4
v -0.7 0 -0.5
v -0.6 0 -0.5
v -0.4 0 -0.5
v -0.3 0 -0.5
v 0.3 0 -0.5
v 0.4 0 -0.5
v 0.6 0 -0.5
v 0.7 0 -0.5
v -0.8 0 -0.6
v -0.7 0 -0.6
v -0.5 0 -0.6
v -0.4 0 -0.6
v 0.4 0 -0.6
v 0.5 0 -0.6
v 0.7 0 -0.6
v 0.8 0 -0.6
v -0.9 0 -0.7
v -0.8 0 -0.7
v -0.6 0 -0.7
v -0.5 0 -0.7
v 0.5 0 -0.7
v 0.6 0 -0.7
v 0.8 0 -0.7
v 0.9 0 -0.7
v -1 0 -0.8
v -0.9 0 -0.8
v -0.7 0 -0.8
v -0.6 0 -0.8
v 0.6 0 -0.8
v 0.7 0 -0.8
v 0.9 0 -0.8
v 1 0 -0.8
v -1.1 0 -0.9
v -1 0 -0.9
v -0.8 0 -0.9
v -0.7 0 -0.9
v 0.7 0 -0.9
v 0.8 0 -0.9
v 1 0 -0.9
v 1.1 0 -0.9
v -1.2 0 -1
v -1.1 0 -1
v -0.9 0 -1
v -0.8 0 -1
v 0.8 0 -1
v 0.9 0 -1
v 1.1 0 -1
v 1.2 0 -1
v -1.3 0 -1.1
v -1.2 0 -1.1
v -1 0 -1.1
v -0.9 0 -1.1
v 0.9 0 -1.1
v 1 0 -1.1
v 1.2 0 -1.1
v 1.3 0 -1.1
v -1.4 0 -1.2
v -1.3 0 -1.2
v -1.1 0 -1.2
v -1 0 -1.2
v 1 0 -1.2
v 1.1 0 -1.2
v 1.3 0 -1.2
v 1.4 0 -1.2
v -1.5 0 -1.3
v -1.4 0 -1.3
v -1.2 0 -1.3
v -1.1 0 -1.3
v 1.1 0 -1.3
v 1.2 0 -1.3
v 1.4 0 -1.3
v 1.5 0 -1.3
v -1.6 0 -1.4
v -1.5 0 -1.4
v -1.3 0 -1.4
v -1.2 0 -1.4
v 1.2 0 -1.4
v 1.3 0 -1.4
v 1.5 0 -1.4
v 1.6 0 -1.4
v -1.7 0 -1.5
v -1.6 0 -1.5
v -1.4 0 -1.5
v -1.3 0 -1.5
v 1.3 0 -1.5
v 1.4 0 -1.5
v 1.6 0 -1.5
v 1.7 0 -1.5
v -1.8 0 -1.6
v -1.7 0 -1.6
v -1.5 0 -1.6
v -1.4 0 -1.6
v 1.4 0 -1.6
v 1.5 0 -1.6
v 1.7 0 -1.6
v 1.8 0 -1.6
v -1.6 0 -1.7
v -1.5 0 -1.7
v 1.5 0 -1.7
v 1.6 0 -1.7
v -1.6 0 -1.8
v 1.6 0 -1.8
v -2 0 -2
v 2 0 -2
v -1.6 0.1 1.8
v 1.6 0.1 1.8
v -1.6 0.1 1.7
v -1.5 0.1 1.7
v 1.5 0.1 1.7
v 1.6 0.1 1.7
v -1.8 0.1 1.6
v -1.7 0.1 1.6
v -1.5 0.1 1.6
v -1.4 0.1 1.6
v 1.4 0.1 1.6
v 1.5 0.1 1.6
v 1.7 0.1 1.6
v 1.8 0.1 1.6
v -1.7 0.1 1.5
v -1.6 0.1 1.5
v -1.4 0.1 1.5
v -1.3 0.1 1.5
v 1.3 0.1 1.5
v 1.4 0.1 1.5
v 1.6 0.1 1.5
v 1.7 0.1 1.5
v -1.6 0.1 1.4
v -1.5 0.1 1.4
v -1.3 0.1 1.4
v -1.2 0.1 1.4
v 1.2 0.1 1.4
v 1.3 0.1 1.4
v 1.5 0.1 1.4
v 1.6 0.1 1.4
v -1.5 0.1 1.3
v -1.4 0.1 1.3
v -1.2 0.1 1.3
v -1.1 0.1 1.3
v 1.1 0.1 1.3
v 1.2 0.1 1.3
v 1.4 0.1 1.3
v 1.5 0.1 1.3
v -1.4 0.1 1.2
v -1.3 0.1 1.2
v -1.1 0.1 1.2
v -1 0.1 1.2
v 1 0.1 1.2
v 1.1 0.1 1.2
v 1.3 0.1 1.2
v 1.4 0.1 1.2
v -1.3 0.1 1.1
v -1.2 0.1 1.1
v -1 0.1 1.1
v -0.9 0.1 1.1
v 0.9 0.1 1.1
v 1 0.1 1.1
v 1.2 0.1 1.1
v 1.3 0.1 1.1
v -1.2 0.1 1
v -1.1 0.1 1
v -0.9 0.1 1
v -0.8 0.1 1
v 0.8 0.1 1
v 0.9 0.1 1
v 1.1 0.1 1
v 1.2 0.1 1
v -1.1 0.1 0.9
v -1 0.1 0.9
v -0.8 0.1 0.9
v -0.7 0.1 0.9
v 0.7 0.1 0.9
v 0.8 0.1 0.9
v 1 0.1 0.9
v 1.1 0.1 0.9
v -1 0.1 0.8
v -0.9 0.1 0.8
v -0.7 0.1 0.8
v -0.6 0.1 0.8
v 0.6 0.1 0.8
v 0.7 0.1 0.8
v 0.9 0.1 0.8
v 1 0.1 0.8
v -0.9 0.1 0.7
v -0.8 0.1 0.7
v -0.6 0.1 0.7
v -0.5 0.1 0.7
v 0.5 0.1 0.7
v 0.6 0.1 0.7
v 0.8 0.1 0.7
v 0.9 0.1 0.7
v -0.8 0.1 0.6
v -0.7 0.1 0.6
v -0.5 0.1 0.6
v -0.4 0.1 0.6
v 0.4 0.1 0.6
v 0.5 0.1 0.6
v 0.7 0.1 0.6
v 0.8 0.1 0.6
v -0.7 0.1 0.5
v -0.6 0.1 0.5
v -0.4 0.1 0.5
v -0.3 0.1 0.5
v 0.3 0.1 0.5
v 0.4 0.1 0.5
v 0.6 0.1 0.5
v 0.7 0.1 0.5
v -0.6 0.1 0.4
v -0.5 0.1 0.4
v -0.3 0.1 0.4
v -0.2 0.1 0.4
v 0.2 0.1 0.4
v 0.3 0.1 0.4
v 0.5 0.1 0.4
v 0.6 0.1 0.4
v -0.5 0.1 0.3
v -0.4 0.1 0.3
v -0.2 0.1 0.3
v -0.0999999 0.1 0.3
v 0.1 0.1 0.3
v 0.2 0.1 0.3
v 0.4 0.1 0.3
v 0.5 0.1 0.3
v -0.4 0.1 0.2
v -0.3 0.1 0.2
v -0.0999999 0.1 0.2
v 0.1 0.1 0.2
v 0.3 0.1 0.2
v 0.4 0.1 0.2
v 0.2 0.1 0.0999999
v 0.3 0.1 0.0999999
v -0.3 0.1 -2.38419e-07
v -0.2 0.1 -2.38419e-07
v -0.3 0.1 -0.1
v -0.2 0.1 -0.1
v 0.2 0.1 -0.1
v 0.3 0.1 -0.1
v -0.4 0.1 -0.2
v -0.3 0.1 -0.2
v -0.0999999 0.1 -0.2
v 0.1 0.1 -0.2
v 0.3 0.1 -0.2
v 0.4 0.1 -0.2
v -0.5 0.1 -0.3
v -0.4 0.1 -0.3
v -0.2 0.1 -0.3
v -0.0999999 0.1 -0.3
v 0.1 0.1 -0.3
v 0.2 0.1 -0.3
v 0.4 0.1 -0.3
v 0.5 0.1 -0.3
v -0.6 0.1 -0.4
v -0.5 0.1 -0.4
v -0.3 0.1 -0.4
v -0.2 0.1 -0.4
v 0.2 0.1 -0.4
v 0.3 0.1 -0.4
v 0.5 0.1 -0.4
v 0.6 0.1 -0.4
v -0.7 0.1 -0.5
v -0.6 0.1 -0.5
v -0.4 0.1 -0.5
v -0.3 0.1 -0.5
v 0.3 0.1 -0.5
v 0.4 0.1 -0.5
v 0.6 0.1 -0.5
v 0.7 0.1 -0.5
v -0.8 0.1 -0.6
v -0.7 0.1 -0.6
v -0.5 0.1 -0.6
v -0.4 0.1 -0.6
v 0.4 0.1 -0.6
v 0.5 0.1 -0.6
v 0.7 0.1 -0.6
v 0.8 0.1 -0.6
v -0.9 0.1 -0.7
v -0.8 0.1 -0.7
v -0.6 0.1 -0.7
v -0.5 0.1 -0.7
v 0.5 0.1 -0.7
v 0.6 0.1 -0.7
v 0.8 0.1 -0.7
v 0.9 0.1 -0.7
v -1 0.1 -0.8
v -0.9 0.1 -0.8
v -0.7 0.1 -0.8
v -0.6 0.1 -0.8
v 0.6 0.1 -0.8
v 0.7 0.1 -0.8
v 0.9 0.1 -0.8
v 1 0.1 -0.8
v -1.1 0.1 -0.9
v -1 0.1 -0.9
v -0.8 0.1 -0.9
v -0.7 0.1 -0.9
v 0.7 0.1 -0.9
v 0.8 0.1 -0.9
v 1 0.1 -0.9
v 1.1 0.1 -0.9
v -1.2 0.1 -1
v -1.1 0.1 -1
v -0.9 0.1 -1
v -0.8 0.1 -1
v 0.8 0.1 -1
v 0.9 0.1 -1
v 1.1 0.1 -1
v 1.2 0.1 -1
v -1.3 0.1 -1.1
v -1.2 0.1 -1.1
v -1 0.1 -1.1
v -0.9 0.1 -1.1
v 0.9 0.1 -1.1
v 1 0.1 -1.1
v 1.2 0.1 -1.1
v 1.3 0.1 -1.1
v -1.4 0.1 -1.2
v -1.3 0.1 -1.2
v -1.1 0.1 -1.2
v -1 0.1 -1.2
v 1 0.1 -1.2
v 1.1 0.1 -1.2
v 1.3 0.1 -1.2
v 1.4 0.1 -1.2
v -1.5 0.1 -1.3
v -1.4 0.1 -1.3
v -1.2 0.1 -1.3
v -1.1 0.1 -1.3
v 1.1 0.1 -1.3
v 1.2 0.1 -1.3
v 1.4 0.1 -1.3
v 1.5 0.1 -1.3
v -1.6 0.1 -1.4
v -1.5 0.1 -1.4
v -1.3 0.1 -1.4
v -1.2 0.1 -1.4
v 1.2 0.1 -1.4
v 1.3 0.1 -1.4
v 1.5 0.1 -1.4
v 1.6 0.1 -1.4
v -1.7 0.1 -1.5
v -1.6 0.1 -1.5
v -1.4 0.1 -1.5
v -1.3 0.1 -1.5
v 1.3 0.1 -1.5
v 1.4 0.1 -1.5
v 1.6 0.1 -1.5
v 1.7 0.1 -1.5
v -1.8 0.1 -1.6
v -1.7 0.1 -1.6
v -1.5 0.1 -1.6
v -1.4 0.1 -1.6
v 1.4 0.1 -1.6
v 1.5 0.1 -1.6
v 1.7 0.1 -1.6
v 1.8 0.1 -1.6
v -1.6 0.1 -1.7
v -1.5 0.1 -1.7
v 1.5 0.1 -1.7
v 1.6 0.1 -1.7
v -1.6 0.1 -1.8
v 1.6 0.1 -1.8
v -1.6 0.3 2
v -1.5 0.3 2
v 1.5 0.3 2
v 1.6 0.3 2
v -1.6 0.3 1.9
v -1.5 0.3 1.9
v 1.5 0.3 1.9
v 1.6 0.3 1.9
v -2 0.3 1.6
v -1.9 0.3 1.6
v 1.9 0.3 1.6
v 2 0.3 1.6
v -2 0.3 1.5
v -1.9 0.3 1.5
v 1.9 0.3 1.5
v 2 0.3 1.5
v -2 0.3 -1.5
v -1.9 0.3 -1.5
v 1.9 0.3 -1.5
v 2 0.3 -1.5
v -2 0.3 -1.6
v -1.9 0.3 -1.6
v 1.9 0.3 -1.6
v 2 0.3 -1.6
v -1.6 0.3 -1.9
v -1.5 0.3 -1.9
v 1.5 0.3 -1.9
v 1.6 0.3 -1.9
v -1.6 0.3 -2
v -1.5 0.3 -2
v 1.5 0.3 -2
v 1.6 0.3 -2
v -1.5 0.4 2
v -1.4 0.4 2
v 1.4 0.4 2
v 1.5 0.4 2
v -1.5 0.4 1.9
v -1.4 0.4 1.9
v 1.4 0.4 1.9
v 1.5 0.4 1.9
v -2 0.4 1.5
v -1.9 0.4 1.5
v 1.9 0.4 1.5
v 2 0.4 1.5
v -2 0.4 1.4
v -1.9 0.4 1.4
v 1.9 0.4 1.4
v 2 0.4 1.4
v -2 0.4 -1.4
v -1.9 0.4 -1.4
v 1.9 0.4 -1.4
v 2 0.4 -1.4
v -2 0.4 -1.5
v -1.9 0.4 -1.5
v 1.9 0.4 -1.5
v 2 0.4 -1.5
v -1.5 0.4 -1.9
v -1.4 0.4 -1.9
v 1.4 0.4 -1.9
v 1.5 0.4 -1.9
v -1.5 0.4 -2
v -1.4 0.4 -2
v 1.4 0.4 -2
v 1.5 0.4 -2
v -1.4 0.5 2
v -1.3 0.5 2
v 1.3 0.5 2
v 1.4 0.5 2
v -1.4 0.5 1.9
v -1.3 0.5 1.9
v 1.3 0.5 1.9
v 1.4 0.5 1.9
v -2 0.5 1.4
v -1.9 0.5 1.4
v 1.9 0.5 1.4
v 2 0.5 1.4
v -2 0.5 1.3
v -1.9 0.5 1.3
v 1.9 0.5 1.3
v 2 0.5 1.3
v -2 0.5 -1.3
v -1.9 0.5 -1.3
v 1.9 0.5 -1.3
v 2 0.5 -1.3
v -2 0.5 -1.4
v -1.9 0.5 -1.4
v 1.9 0.5 -1.4
v 2 0.5 -1.4
v -1.4 0.5 -1.9
v -1.3 0.5 -1.9
v 1.3 0.5 -1.9
v 1.4 0.5 -1.9
v -1.4 0.5 -2
v -1.3 0.5 -2
v 1.3 0.5 -2
v 1.4 0.5 -2
v -1.3 0.6 2
v -1.2 0.6 2
v 1.2 0.6 2
v 1.3 0.6 2
v -1.3 0.6 1.9
v -1.2 0.6 1.9
v 1.2 0.6 1.9
v 1.3 0.6 1.9
v -2 0.6 1.3
v -1.9 0.6 1.3
v 1.9 0.6 1.3
v 2 0.6 1.3
v -2 0.6 1.2
v -1.9 0.6 1.2
v 1.9 0.6 1.2
v 2 0.6 1.2
v -2 0.6 -1.2
v -1.9 0.6 -1.2
v 1.9 0.6 -1.2
v 2 0.6 -1.2
v -2 0.6 -1.3
v -1.9 0.6 -1.3
v 1.9 0.6 -1.3
v 2 0.6 -1.3
v -1.3 0.6 -1.9
v -1.2 0.6 -1.9
v 1.2 0.6 -1.9
v 1.3 0.6 -1.9
v -1.3 0.6 -2
v -1.2 0.6 -2
v 1.2 0.6 -2
v 1.3 0.6 -2
v -1.2 0.7 2
v -1.1 0.7 2
v 1.1 0.7 2
v 1.2 0.7 2
v -1.2 0.7 1.9
v -1.1 0.7 1.9
v 1.1 0.7 1.9
v 1.2 0.7 1.9
v -2 0.7 1.2
v -1.9 0.7 1.2
v 1.9 0.7 1.2
v 2 0.7 1.2
v -2 0.7 1.1
v -1.9 0.7 1.1
v 1.9 0.7 1.1
v 2 0.7 1.1
v -2 0.7 -1.1
v -1.9 0.7 -1.1
v 1.9 0.7 -1.1
v 2 0.7 -1.1
v -2 0.7 -1.2
v -1.9 0.7 -1.2
v 1.9 0.7 -1.2
v 2 0.7 -1.2
v -1.2 0.7 -1.9
v -1.1 0.7 -1.9
v 1.1 0.7 -1.9
v 1.2 0.7 -1.9
v -1.2 0.7 -2
v -1.1 0.7 -2
v 1.1 0.7 -2
v 1.2 0.7 -2
v -1.1 0.8 2
v -1 0.8 2
v 1 0.8 2
v 1.1 0.8 2
v -1.1 0.8 1.9
v -1 0.8 1.9
v 1 0.8 1.9
v 1.1 0.8 1.9
v -2 0.8 1.1
v -1.9 0.8 1.1
v 1.9 0.8 1.1
v 2 0.8 1.1
v -2 0.8 1
v -1.9 0.8 1
v 1.9 0.8 1
v 2 0.8 1
v -2 0.8 -1
v -1.9 0.8 -1
v 1.9 0.8 -1
v 2 0.8 -1
v -2 0.8 -1.1
v -1.9 0.8 -1.1
v 1.9 0.8 -1.1
v 2 0.8 -1.1
v -1.1 0.8 -1.9
v -1 0.8 -1.9
v 1 0.8 -1.9
v 1.1 0.8 -1.9
v -1.1 0.8 -2
v -1 0.8 -2
v 1 0.8 -2
v 1.1 0.8 -2
v -1 0.9 2
v -0.9 0.9 2
v 0.9 0.9 2
v 1 0.9 2
v -1 0.9 1.9
v -0.9 0.9 1.9
v 0.9 0.9 1.9
v 1 0.9 1.9
v -2 0.9 1
v -1.9 0.9 1
v 1.9 0.9 1
v 2 0.9 1
v -2 0.9 0.9
v -1.9 0.9 0.9
v 1.9 0.9 0.9
v 2 0.9 0.9
v -2 0.9 -0.9
v -1.9 0.9 -0.9
v 1.9 0.9 -0.9
v 2 0.9 -0.9
v -2 0.9 -1
v -1.9 0.9 -1
v 1.9 0.9 -1
v 2 0.9 -1
v -1 0.9 -1.9
v -0.9 0.9 -1.9
v 0.9 0.9 -1.9
v 1 0.9 -1.9
v -1 0.9 -2
v -0.9 0.9 -2
v 0.9 0.9 -2
v 1 0.9 -2
v -0.9 1 2
v -0.8 1 2
v 0.8 1 2
v 0.9 1 2
v -0.9 1 1.9
v -0.8 1 1.9
v 0.8 1 1.9
v 0.9 1 1.9
v -2 1 0.9
v -1.9 1 0.9
v 1.9 1 0.9
v 2 1 0.9
v -2 1 0.8
v -1.9 1 0.8
v 1.9 1 0.8
v 2 1 0.8
v -2 1 -0.8
v -1.9 1 -0.8
v 1.9 1 -0.8
v 2 1 -0.8
v -2 1 -0.9
v -1.9 1 -0.9
v 1.9 1 -0.9
v 2 1 -0.9
v -0.9 1 -1.9
v -0.8 1 -1.9
v 0.8 1 -1.9
v 0.9 1 -1.9
v -0.9 1 -2
v -0.8 1 -2
v 0.8 1 -2
v 0.9 1 -2
v -0.8 1.1 2
v -0.7 1.1 2
v 0.7 1.1 2
v 0.8 1.1 2
v -0.8 1.1 1.9
v -0.7 1.1 1.9
v 0.7 1.1 1.9
v 0.8 1.1 1.9
v -2 1.1 0.8
v -1.9 1.1 0.8
v 1.9 1.1 0.8
v 2 1.1 0.8
v -2 1.1 0.7
v -1.9 1.1 0.7
v 1.9 1.1 0.7
v 2 1.1 0.7
v -2 1.1 -0.7
v -1.9 1.1 -0.7
v 1.9 1.1 -0.7
v 2 1.1 -0.7
v -2 1.1 -0.8
v -1.9 1.1 -0.8
v 1.9 1.1 -0.8
v 2 1.1 -0.8
v -0.8 1.1 -1.9
v -0.7 1.1 -1.9
v 0.7 1.1 -1.9
v 0.8 1.1 -1.9
v -0.8 1.1 -2
v -0.7 1.1 -2
v 0.7 1.1 -2
v 0.8 1.1 -2
v -0.7 1.2 2
v -0.6 1.2 2
v 0.6 1.2 2
v 0.7 1.2 2
v -0.7 1.2 1.9
v -0.6 1.2 1.9
v 0.6 1.2 1.9
v 0.7 1.2 1.9
v -2 1.2 0.7
v -1.9 1.2 0.7
v 1.9 1.2 0.7
v 2 1.2 0.7
v -2 1.2 0.6
v -1.9 1.2 0.6
v 1.9 1.2 0.6
v 2 1.2 0.6
v -2 1.2 -0.6
v -1.9 1.2 -0.6
v 1.9 1.2 -0.6
v 2 1.2 -0.6
v -2 1.2 -0.7
v -1.9 1.2 -0.7
v 1.9 1.2 -0.7
v 2 1.2 -0.7
v -0.7 1.2 -1.9
v -0.6 1.2 -1.9
v 0.6 1.2 -1.9
v 0.7 1.2 -1.9
v -0.7 1.2 -2
v -0.6 1.2 -2
v 0.6 1.2 -2
v 0.7 1.2 -2
v -0.6 1.3 2
v -0.5 1.3 2
v 0.5 1.3 2
v 0.6 1.3 2
v -0.6 1.3 1.9
v -0.5 1.3 1.9
v 0.5 1.3 1.9
v 0.6 1.3 1.9
v -2 1.3 0.6
v -1.9 1.3 0.6
v 1.9 1.3 0.6
v 2 1.3 0.6
v -2 1.3 0.5
v -1.9 1.3 0.5
v 1.9 1.3 0.5
v 2 1.3 0.5
v -2 1.3 -0.5
v -1.9 1.3 -0.5
v 1.9 1.3 -0.5
v 2 1.3 -0.5
v -2 1.3 -0.6
v -1.9 1.3 -0.6
v 1.9 1.3 -0.6
v 2 1.3 -0.6
v -0.6 1.3 -1.9
v -0.5 1.3 -1.9
v 0.5 1.3 -1.9
v 0.6 1.3 -1.9
v -0.6 1.3 -2
v -0.5 1.3 -2
v 0.5 1.3 -2
v 0.6 1.3 -2
v -0.5 1.4 2
v -0.4 1.4 2
v 0.4 1.4 2
v 0.5 1.4 2
v -0.5 1.4 1.9
v -0.4 1.4 1.9
v 0.4 1.4 1.9
v 0.5 1.4 1.9
v -2 1.4 0.5
v -1.9 1.4 0.5
v 1.9 1.4 0.5
v 2 1.4 0.5
v -2 1.4 0.4
v -1.9 1.4 0.4
v 1.9 1.4 0.4
v 2 1.4 0.4
v -2 1.4 -0.4
v -1.9 1.4 -0.4
v 1.9 1.4 -0.4
v 2 1.4 -0.4
v -2 1.4 -0.5
v -1.9 1.4 -0.5
v 1.9 1.4 -0.5
v 2 1.4 -0.5
v -0.5 1.4 -1.9
v -0.4 1.4 -1.9
v 0.4 1.4 -1.9
v 0.5 1.4 -1.9
v -0.5 1.4 -2
v -0.4 1.4 -2
v 0.4 1.4 -2
v 0.5 1.4 -2
v -0.4 1.5 2
v -0.3 1.5 2
v 0.3 1.5 2
v 0.4 1.5 2
v -0.4 1.5 1.9
v -0.3 1.5 1.9
v 0.3 1.5 1.9
v 0.4 1.5 1.9
v -2 1.5 0.4
v -1.9 1.5 0.4
v 1.9 1.5 0.4
v 2 1.5 0.4
v -2 1.5 0.3
v -1.9 1.5 0.3
v 1.9 1.5 0.3
v 2 1.5 0.3
v -2 1.5 -0.3
v -1.9 1.5 -0.3
v 1.9 1.5 -0.3
v 2 1.5 -0.3
v -2 1.5 -0.4
v -1.9 1.5 -0.4
v 1.9 1.5 -0.4
v 2 1.5 -0.4
v -0.4 1.5 -1.9
v -0.3 1.5 -1.9
v 0.3 1.5 -1.9
v 0.4 1.5 -1.9
v -0.4 1.5 -2
v -0.3 1.5 -2
v 0.3 1.5 -2
v 0.4 1.5 -2
v -0.3 1.6 2
v -0.2 1.6 2
v 0.2 1.6 2
v 0.3 1.6 2
v -0.3 1.6 1.9
v -0.2 1.6 1.9
v 0.2 1.6 1.9
v 0.3 1.6 1.9
v -2 1.6 0.3
v -1.9 1.6 0.3
v 1.9 1.6 0.3
v 2 1.6 0.3
v -2 1.6 0.2
v -1.9 1.6 0.2
v 1.9 1.6 0.2
v 2 1.6 0.2
v -2 1.6 -0.2
v -1.9 1.6 -0.2
v 1.9 1.6 -0.2
v 2 1.6 -0.2
v -2 1.6 -0.3
v -1.9 1.6 -0.3
v 1.9 1.6 -0.3
v 2 1.6 -0.3
v -0.3 1.6 -1.9
v -0.2 1.6 -1.9
v 0.2 1.6 -1.9
v 0.3 1.6 -1.9
v -0.3 1.6 -2
v -0.2 1.6 -2
v 0.2 1.6 -2
v 0.3 1.6 -2
v -0.2 1.7 2
v -0.0999999 1.7 2
v 0.1 1.7 2
v 0.2 1.7 2
v -0.2 1.7 1.9
v -0.0999999 1.7 1.9
v 0.1 1.7 1.9
v 0.2 1.7 1.9
v -2 1.7 0.2
v -1.9 1.7 0.2
v 1.9 1.7 0.2
v 2 1.7 0.2
v -2 1.7 0.0999999
v -1.9 1.7 0.0999999
v 1.9 1.7 0.0999999
v 2 1.7 0.0999999
v -2 1.7 -0.1
v -1.9 1.7 -0.1
v 1.9 1.7 -0.1
v 2 1.7 -0.1
v -2 1.7 -0.2
v -1.9 1.7 -0.2
v 1.9 1.7 -0.2
v 2 1.7 -0.2
v -0.2 1.7 -1.9
v -0.0999999 1.7 -1.9
v 0.1 1.7 -1.9
v 0.2 1.7 -1.9
v -0.2 1.7 -2
v -0.0999999 1.7 -2
v 0.1 1.7 -2
v 0.2 1.7 -2
v -0.0999999 1.8 2
v 0.1 1.8 2
v -0.0999999 1.8 1.9
v 0.1 1.8 1.9
v -2 1.8 0.0999999
v -1.9 1.8 0.0999999
v 1.9 1.8 0.0999999
v 2 1.8 0.0999999
v -2 1.8 -0.1
v -1.9 1.8 -0.1
v 1.9 1.8 -0.1
v 2 1.8 -0.1
v -0.0999999 1.8 -1.9
v 0.1 1.8 -1.9
v -0.0999999 1.8 -2
v 0.1 1.8 -2
v -0.3 2.1 2
v -0.2 2.1 2
v 0.2 2.1 2
v 0.3 2.1 2
v -0.3 2.1 1.9
v -0.2 2.1 1.9
v 0.2 2.1 1.9
v 0.3 2.1 1.9
v -2 2.1 0.3
v -1.9 2.1 0.3
v 1.9 2.1 0.3
v 2 2.1 0.3
v -2 2.1 0.2
v -1.9 2.1 0.2
v 1.9 2.1 0.2
v 2 2.1 0.2
v -2 2.1 -0.2
v -1.9 2.1 -0.2
v 1.9 2.1 -0.2
v 2 2.1 -0.2
v -2 2.1 -0.3
v -1.9 2.1 -0.3
v 1.9 2.1 -0.3
v 2 2.1 -0.3
v -0.3 2.1 -1.9
v -0.2 2.1 -1.9
v 0.2 2.1 -1.9
v 0.3 2.1 -1.9
v -0.3 2.1 -2
v -0.2 2.1 -2
v 0.2 2.1 -2
v 0.3 2.1 -2
v -0.4 2.2 2
v -0.3 2.2 2
v 0.3 2.2 2
v 0.4 2.2 2
v -0.4 2.2 1.9
v -0.3 2.2 1.9
v 0.3 2.2 1.9
v 0.4 2.2 1.9
v -2 2.2 0.4
v -1.9 2.2 0.4
v 1.9 2.2 0.4
v 2 2.2 0.4
v -2 2.2 0.3
v -1.9 2.2 0.3
v 1.9 2.2 0.3
v 2 2.2 0.3
v -2 2.2 -0.3
v -1.9 2.2 -0.3
v 1.9 2.2 -0.3
v 2 2.2 -0.3
v -2 2.2 -0.4
v -1.9 2.2 -0.4
v 1.9 2.2 -0.4
v 2 2.2 -0.4
v -0.4 2.2 -1.9
v -0.3 2.2 -1.9
v 0.3 2.2 -1.9
v 0.4 2.2 -1.9
v -0.4 2.2 -2
v -0.3 2.2 -2
v 0.3 2.2 -2
v 0.4 2.2 -2
v -0.5 2.3 2
v -0.4 2.3 2
v 0.4 2.3 2
v 0.5 2.3 2
v -0.5 2.3 1.9
v -0.4 2.3 1.9
v 0.4 2.3 1.9
v 0.5 2.3 1.9
v -2 2.3 0.5
v -1.9 2.3 0.5
v 1.9 2.3 0.5
v 2 2.3 0.5
v -2 2.3 0.4
v -1.9 2.3 0.4
v 1.9 2.3 0.4
v 2 2.3 0.4
v -2 2.3 -0.4
v -1.9 2.3 -0.4
v 1.9 2.3 -0.4
v 2 2.3 -0.4
v -2 2.3 -0.5
v -1.9 2.3 -0.5
v 1.9 2.3 -0.5
v 2 2.3 -0.5
v -0.5 2.3 -1.9
v -0.4 2.3 -1.9
v 0.4 2.3 -1.9
v 0.5 2.3 -1.9
v -0.5 2.3 -2
v -0.4 2.3 -2
v 0.4 2.3 -2
v 0.5 2.3 -2
v -0.6 2.4 2
v -0.5 2.4 2
v 0.5 2.4 2
v 0.6 2.4 2
v -0.6 2.4 1.9
v -0.5 2.4 1.9
v 0.5 2.4 1.9
v 0.6 2.4 1.9
v -2 2.4 0.6
v -1.9 2.4 0.6
v 1.9 2.4 0.6
v 2 2.4 0.6
v -2 2.4 0.5
v -1.9 2.4 0.5
v 1.9 2.4 0.5
v 2 2.4 0.5
v -2 2.4 -0.5
v -1.9 2.4 -0.5
v 1.9 2.4 -0.5
v 2 2.4 -0.5
v -2 2.4 -0.6
v -1.9 2.4 -0.6
v 1.9 2.4 -0.6
v 2 2.4 -0.6
v -0.6 2.4 -1.9
v -0.5 2.4 -1.9
v 0.5 2.4 -1.9
v 0.6 2.4 -1.9
v -0.6 2.4 -2
v -0.5 2.4 -2
v 0.5 2.4 -2
v 0.6 2.4 -2
v -0.7 2.5 2
v -0.6 2.5 2
v 0.6 2.5 2
v 0.7 2.5 2
v -0.7 2.5 1.9
v -0.6 2.5 1.9
v 0.6 2.5 1.9
v 0.7 2.5 1.9
v -2 2.5 0.7
v -1.9 2.5 0.7
v 1.9 2.5 0.7
v 2 2.5 0.7
v -2 2.5 0.6
v -1.9 2.5 0.6
v 1.9 2.5 0.6
v 2 2.5 0.6
v -2 2.5 -0.6
v -1.9 2.5 -0.6
v 1.9 2.5 -0.6
v 2 2.5 -0.6
v -2 2.5 -0.7
v -1.9 2.5 -0.7
v 1.9 2.5 -0.7
v 2 2.5 -0.7
v -0.7 2.5 -1.9
v -0.6 2.5 -1.9
v 0.6 2.5 -1.9
v 0.7 2.5 -1.9
v -0.7 2.5 -2
v -0.6 2.5 -2
v 0.6 2.5 -2
v 0.7 2.5 -2
v -0.8 2.6 2
v -0.7 2.6 2
v 0.7 2.6 2
v 0.8 2.6 2
v -0.8 2.6 1.9
v -0.7 2.6 1.9
v 0.7 2.6 1.9
v 0.8 2.6 1.9
v -2 2.6 0.8
v -1.9 2.6 0.8
v 1.9 2.6 0.8
v 2 2.6 0.8
v -2 2.6 0.7
v -1.9 2.6 0.7
v 1.9 2.6 0.7
v 2 2.6 0.7
v -2 2.6 -0.7
v -1.9 2.6 -0.7
v 1.9 2.6 -0.7
v 2 2.6 -0.7
v -2 2.6 -0.8
v -1.9 2.6 -0.8
v 1.9 2.6 -0.8
v 2 2.6 -0.8
v -0.8 2.6 -1.9
v -0.7 2.6 -1.9
v 0.7 2.6 -1.9
v 0.8 2.6 -1.9
v -0.8 2.6 -2
v -0.7 2.6 -2
v 0.7 2.6 -2
v 0.8 2.6 -2
v -0.9 2.7 2
v -0.8 2.7 2
v 0.8 2.7 2
v 0.9 2.7 2
v -0.9 2.7 1.9
v -0.8 2.7 1.9
v 0.8 2.7 1.9
v 0.9 2.7 1.9
v -2 2.7 0.9
v -1.9 2.7 0.9
v 1.9 2.7 0.9
v 2 2.7 0.9
v -2 2.7 0.8
v -1.9 2.7 0.8
v 1.9 2.7 0.8
v 2 2.7 0.8
v -2 2.7 -0.8
v -1.9 2.7 -0.8
v 1.9 2.7 -0.8
v 2 2.7 -0.8
v -2 2.7 -0.9
v -1.9 2.7 -0.9
v 1.9 2.7 -0.9
v 2 2.7 -0.9
v -0.9 2.7 -1.9
v -0.8 2.7 -1.9
v 0.8 2.7 -1.9
v 0.9 2.7 -1.9
v -0.9 2.7 -2
v -0.8 2.7 -2
v 0.8 2.7 -2
v 0.9 2.7 -2
v -1 2.8 2
v -0.9 2.8 2
v 0.9 2.8 2
v 1 2.8 2
v -1 2.8 1.9
v -0.9 2.8 1.9
v 0.9 2.8 1.9
v 1 2.8 1.9
v -2 2.8 1
v -1.9 2.8 1
v 1.9 2.8 1
v 2 2.8 1
v -2 2.8 0.9
v -1.9 2.8 0.9
v 1.9 2.8 0.9
v 2 2.8 0.9
v -2 2.8 -0.9
v -1.9 2.8 -0.9
v 1.9 2.8 -0.9
v 2 2.8 -0.9
v -2 2.8 -1
v -1.9 2.8 -1
v 1.9 2.8 -1
v 2 2.8 -1
v -1 2.8 -1.9
v -0.9 2.8 -1.9
v 0.9 2.8 -1.9
v 1 2.8 -1.9
v -1 2.8 -2
v -0.9 2.8 -2
v 0.9 2.8 -2
v 1 2.8 -2
v -1.1 2.9 2
v -1 2.9 2
v 1 2.9 2
v 1.1 2.9 2
v -1.1 2.9 1.9
v -1 2.9 1.9
v 1 2.9 1.9
v 1.1 2.9 1.9
v -2 2.9 1.1
v -1.9 2.9 1.1
v 1.9 2.9 1.1
v 2 2.9 1.1
v -2 2.9 1
v -1.9 2.9 1
v 1.9 2.9 1
v 2 2.9 1
v -2 2.9 -1
v -1.9 2.9 -1
v 1.9 2.9 -1
v 2 2.9 -1
v -2 2.9 -1.1
v -1.9 2.9 -1.1
v 1.9 2.9 -1.1
v 2 2.9 -1.1
v -1.1 2.9 -1.9
v -1 2.9 -1.9
v 1 2.9 -1.9
v 1.1 2.9 -1.9
v -1.1 2.9 -2
v -1 2.9 -2
v 1 2.9 -2
v 1.1 2.9 -2
v -1.2 3 2
v -1.1 3 2
v 1.1 3 2
v 1.2 3 2
v -1.2 3 1.9
v -1.1 3 1.9
v 1.1 3 1.9
v 1.2 3 1.9
v -2 3 1.2
v -1.9 3 1.2
v 1.9 3 1.2
v 2 3 1.2
v -2 3 1.1
v -1.9 3 1.1
v 1.9 3 1.1
v 2 3 1.1
v -2 3 -1.1
v -1.9 3 -1.1
v 1.9 3 -1.1
v 2 3 -1.1
v -2 3 -1.2
v -1.9 3 -1.2
v 1.9 3 -1.2
v 2 3 -1.2
v -1.2 3 -1.9
v -1.1 3 -1.9
v 1.1 3 -1.9
v 1.2 3 -1.9
v -1.2 3 -2
v -1.1 3 -2
v 1.1 3 -2
v 1.2 3 -2
v -1.3 3.1 2
v -1.2 3.1 2
v 1.2 3.1 2
v 1.3 3.1 2
v -1.3 3.1 1.9
v -1.2 3.1 1.9
v 1.2 3.1 1.9
v 1.3 3.1 1.9
v -2 3.1 1.3
v -1.9 3.1 1.3
v 1.9 3.1 1.3
v 2 3.1 1.3
v -2 3.1 1.2
v -1.9 3.1 1.2
v 1.9 3.1 1.2
v 2 3.1 1.2
v -2 3.1 -1.2
v -1.9 3.1 -1.2
v 1.9 3.1 -1.2
v 2 3.1 -1.2
v -2 3.1 -1.3
v -1.9 3.1 -1.3
v 1.9 3.1 -1.3
v 2 3.1 -1.3
v -1.3 3.1 -1.9
v -1.2 3.1 -1.9
v 1.2 3.1 -1.9
v 1.3 3.1 -1.9
v -1.3 3.1 -2
v -1.2 3.1 -2
v 1.2 3.1 -2
v 1.3 3.1 -2
v -1.4 3.2 2
v -1.3 3.2 2
v 1.3 3.2 2
v 1.4 3.2 2
v -1.4 3.2 1.9
v -1.3 3.2 1.9
v 1.3 3.2 1.9
v 1.4 3.2 1.9
v -2 3.2 1.4
v -1.9 3.2 1.4
v 1.9 3.2 1.4
v 2 3.2 1.4
v -2 3.2 1.3
v -1.9 3.2 1.3
v 1.9 3.2 1.3
v 2 3.2 1.3
v -2 3.2 -1.3
v -1.9 3.2 -1.3
v 1.9 3.2 -1.3
v 2 3.2 -1.3
v -2 3.2 -1.4
v -1.9 3.2 -1.4
v 1.9 3.2 -1.4
v 2 3.2 -1.4
v -1.4 3.2 -1.9
v -1.3 3.2 -1.9
v 1.3 3.2 -1.9
v 1.4 3.2 -1.9
v -1.4 3.2 -2
v -1.3 3.2 -2
v 1.3 3.2 -2
v 1.4 3.2 -2
v -1.5 3.3 2
v -1.4 3.3 2
v 1.4 3.3 2
v 1.5 3.3 2
v -1.5 3.3 1.9
v -1.4 3.3 1.9
v 1.4 3.3 1.9
v 1.5 3.3 1.9
v -2 3.3 1.5
v -1.9 3.3 1.5
v 1.9 3.3 1.5
v 2 3.3 1.5
v -2 3.3 1.4
v -1.9 3.3 1.4
v 1.9 3.3 1.4
v 2 3.3 1.4
v -2 3.3 -1.4
v -1.9 3.3 -1.4
v 1.9 3.3 -1.4
v 2 3.3 -1.4
v -2 3.3 -1.5
v -1.9 3.3 -1.5
v 1.9 3.3 -1.5
v 2 3.3 -1.5
v -1.5 3.3 -1.9
v -1.4 3.3 -1.9
v 1.4 3.3 -1.9
v 1.5 3.3 -1.9
v -1.5 3.3 -2
v -1.4 3.3 -2
v 1.4 3.3 -2
v 1.5 3.3 -2
v -1.6 3.4 2
v -1.5 3.4 2
v 1.5 3.4 2
v 1.6 3.4 2
v -1.6 3.4 1.9
v -1.5 3.4 1.9
v 1.5 3.4 1.9
v 1.6 3.4 1.9
v -2 3.4 1.6
v -1.9 3.4 1.6
v 1.9 3.4 1.6
v 2 3.4 1.6
v -2 3.4 1.5
v -1.9 3.4 1.5
v 1.9 3.4 1.5
v 2 3.4 1.5
v -2 3.4 -1.5
v -1.9 3.4 -1.5
v 1.9 3.4 -1.5
v 2 3.4 -1.5
v -2 3.4 -1.6
v -1.9 3.4 -1.6
v 1.9 3.4 -1.6
v 2 3.4 -1.6
v -1.6 3.4 -1.9
v -1.5 3.4 -1.9
v 1.5 3.4 -1.9
v 1.6 3.4 -1.9
v -1.6 3.4 -2
v -1.5 3.4 -2
v 1.5 3.4 -2
v 1.6 3.4 -2
v -1.7 3.5 2
v -1.6 3.5 2
v 1.6 3.5 2
v 1.7 3.5 2
v -1.7 3.5 1.9
v -1.6 3.5 1.9
v 1.6 3.5 1.9
v 1.7 3.5 1.9
v -2 3.5 1.7
v -1.9 3.5 1.7
v 1.9 3.5 1.7
v 2 3.5 1.7
v -2 3.5 1.6
v -1.9 3.5 1.6
v 1.9 3.5 1.6
v 2 3.5 1.6
v -2 3.5 -1.6
v -1.9 3.5 -1.6
v 1.9 3.5 -1.6
v 2 3.5 -1.6
v -2 3.5 -1.7
v -1.9 3.5 -1.7
v 1.9 3.5 -1.7
v 2 3.5 -1.7
v -1.7 3.5 -1.9
v -1.6 3.5 -1.9
v 1.6 3.5 -1.9
v 1.7 3.5 -1.9
v -1.7 3.5 -2
v -1.6 3.5 -2
v 1.6 3.5 -2
v 1.7 3.5 -2
v -1.8 3.6 2
v -1.7 3.6 2
v 1.7 3.6 2
v 1.8 3.6 2
v -1.8 3.6 1.9
v -1.7 3.6 1.9
v 1.7 3.6 1.9
v 1.8 3.6 1.9
v -2 3.6 1.8
v -1.9 3.6 1.8
v 1.9 3.6 1.8
v 2 3.6 1.8
v -2 3.6 1.7
v -1.9 3.6 1.7
v 1.9 3.6 1.7
v 2 3.6 1.7
v -2 3.6 -1.7
v -1.9 3.6 -1.7
v 1.9 3.6 -1.7
v 2 3.6 -1.7
v -2 3.6 -1.8
v -1.9 3.6 -1.8
v 1.9 3.6 -1.8
v 2 3.6 -1.8
v -1.8 3.6 -1.9
v -1.7 3.6 -1.9
v 1.7 3.6 -1.9
v 1.8 3.6 -1.9
v -1.8 3.6 -2
v -1.7 3.6 -2
v 1.7 3.6 -2
v 1.8 3.6 -2
v -1.6 3.8 2
v 1.6 3.8 2
v -1.6 3.8 1.9
v 1.6 3.8 1.9
v -2 3.8 1.6
v -1.9 3.8 1.6
v 1.9 3.8 1.6
v 2 3.8 1.6
v -2 3.8 -1.6
v -1.9 3.8 -1.6
v 1.9 3.8 -1.6
v 2 3.8 -1.6
v -1.6 3.8 -1.9
v 1.6 3.8 -1.9
v -1.6 3.8 -2
v 1.6 3.8 -2
v -1.6 0.2 2
v 1.6 0.2 2
v -1.6 0.2 1.9
v 1.6 0.2 1.9
v -2 0.2 1.6
v -1.9 0.2 1.6
v 1.9 0.2 1.6
v 2 0.2 1.6
v -2 0.2 -1.6
v -1.9 0.2 -1.6
v 1.9 0.2 -1.6
v 2 0.2 -1.6
v -1.6 0.2 -1.9
v 1.6 0.2 -1.9
v -1.6 0.2 -2
v 1.6 0.2 -2
v -1.8 0.4 2
v -1.7 0.4 2
v 1.7 0.4 2
v 1.8 0.4 2
v -1.8 0.4 1.9
v -1.7 0.4 1.9
v 1.7 0.4 1.9
v 1.8 0.4 1.9
v -2 0.4 1.8
v -1.9 0.4 1.8
v 1.9 0.4 1.8
v 2 0.4 1.8
v -2 0.4 1.7
v -1.9 0.4 1.7
v 1.9 0.4 1.7
v 2 0.4 1.7
v -2 0.4 -1.7
v -1.9 0.4 -1.7
v 1.9 0.4 -1.7
v 2 0.4 -1.7
v -2 0.4 -1.8
v -1.9 0.4 -1.8
v 1.9 0.4 -1.8
v 2 0.4 -1.8
v -1.8 0.4 -1.9
v -1.7 0.4 -1.9
v 1.7 0.4 -1.9
v 1.8 0.4 -1.9
v -1.8 0.4 -2
v -1.7 0.4 -2
v 1.7 0.4 -2
v 1.8 0.4 -2
v -1.7 0.5 2
v -1.6 0.5 2
v 1.6 0.5 2
v 1.7 0.5 2
v -1.7 0.5 1.9
v -1.6 0.5 1.9
v 1.6 0.5 1.9
v 1.7 0.5 1.9
v -2 0.5 1.7
v -1.9 0.5 1.7
v 1.9 0.5 1.7
v 2 0.5 1.7
v -2 0.5 1.6
v -1.9 0.5 1.6
v 1.9 0.5 1.6
v 2 0.5 1.6
v -2 0.5 -1.6
v -1.9 0.5 -1.6
v 1.9 0.5 -1.6
v 2 0.5 -1.6
v -2 0.5 -1.7
v -1.9 0.5 -1.7
v 1.9 0.5 -1.7
v 2 0.5 -1.7
v -1.7 0.5 -1.9
v -1.6 0.5 -1.9
v 1.6 0.5 -1.9
v 1.7 0.5 -1.9
v -1.7 0.5 -2
v -1.6 0.5 -2
v 1.6 0.5 -2
v 1.7 0.5 -2
v -1.6 0.6 2
v -1.5 0.6 2
v 1.5 0.6 2
v 1.6 0.6 2
v -1.6 0.6 1.9
v -1.5 0.6 1.9
v 1.5 0.6 1.9
v 1.6 0.6 1.9
v -2 0.6 1.6
v -1.9 0.6 1.6
v 1.9 0.6 1.6
v 2 0.6 1.6
v -2 0.6 1.5
v -1.9 0.6 1.5
v 1.9 0.6 1.5
v 2 0.6 1.5
v -2 0.6 -1.5
v -1.9 0.6 -1.5
v 1.9 0.6 -1.5
v 2 0.6 -1.5
v -2 0.6 -1.6
v -1.9 0.6 -1.6
v 1.9 0.6 -1.6
v 2 0.6 -1.6
v -1.6 0.6 -1.9
v -1.5 0.6 -1.9
v 1.5 0.6 -1.9
v 1.6 0.6 -1.9
v -1.6 0.6 -2
v -1.5 0.6 -2
v 1.5 0.6 -2
v 1.6 0.6 -2
v -1.5 0.7 2
v -1.4 0.7 2
v 1.4 0.7 2
v 1.5 0.7 2
v -1.5 0.7 1.9
v -1.4 0.7 1.9
v 1.4 0.7 1.9
v 1.5 0.7 1.9
v -2 0.7 1.5
v -1.9 0.7 1.5
v 1.9 0.7 1.5
v 2 0.7 1.5
v -2 0.7 1.4
v -1.9 0.7 1.4
v 1.9 0.7 1.4
v 2 0.7 1.4
v -2 0.7 -1.4
v -1.9 0.7 -1.4
v 1.9 0.7 -1.4
v 2 0.7 -1.4
v -2 0.7 -1.5
v -1.9 0.7 -1.5
v 1.9 0.7 -1.5
v 2 0.7 -1.5
v -1.5 0.7 -1.9
v -1.4 0.7 -1.9
v 1.4 0.7 -1.9
v 1.5 0.7 -1.9
v -1.5 0.7 -2
v -1.4 0.7 -2
v 1.4 0.7 -2
v 1.5 0.7 -2
v -1.4 0.8 2
v -1.3 0.8 2
v 1.3 0.8 2
v 1.4 0.8 2
v -1.4 0.8 1.9
v -1.3 0.8 1.9
v 1.3 0.8 1.9
v 1.4 0.8 1.9
v -2 0.8 1.4
v -1.9 0.8 1.4
v 1.9 0.8 1.4
v 2 0.8 1.4
v -2 0.8 1.3
v -1.9 0.8 1.3
v 1.9 0.8 1.3
v 2 0.8 1.3
v -2 0.8 -1.3
v -1.9 0.8 -1.3
v 1.9 0.8 -1.3
v 2 0.8 -1.3
v -2 0.8 -1.4
v -1.9 0.8 -1.4
v 1.9 0.8 -1.4
v 2 0.8 -1.4
v -1.4 0.8 -1.9
v -1.3 0.8 -1.9
v 1.3 0.8 -1.9
v 1.4 0.8 -1.9
v -1.4 0.8 -2
v -1.3 0.8 -2
v 1.3 0.8 -2
v 1.4 0.8 -2
v -1.3 0.9 2
v -1.2 0.9 2
v 1.2 0.9 2
v 1.3 0.9 2
v -1.3 0.9 1.9
v -1.2 0.9 1.9
v 1.2 0.9 1.9
v 1.3 0.9 1.9
v -2 0.9 1.3
v -1.9 0.9 1.3
v 1.9 0.9 1.3
v 2 0.9 1.3
v -2 0.9 1.2
v -1.9 0.9 1.2
v 1.9 0.9 1.2
v 2 0.9 1.2
v -2 0.9 -1.2
v -1.9 0.9 -1.2
v 1.9 0.9 -1.2
v 2 0.9 -1.2
v -2 0.9 -1.3
v -1.9 0.9 -1.3
v 1.9 0.9 -1.3
v 2 0.9 -1.3
v -1.3 0.9 -1.9
v -1.2 0.9 -1.9
v 1.2 0.9 -1.9
v 1.3 0.9 -1.9
v -1.3 0.9 -2
v -1.2 0.9 -2
v 1.2 0.9 -2
v 1.3 0.9 -2
v -1.2 1 2
v -1.1 1 2
v 1.1 1 2
v 1.2 1 2
v -1.2 1 1.9
v -1.1 1 1.9
v 1.1 1 1.9
v 1.2 1 1.9
v -2 1 1.2
v -1.9 1 1.2
v 1.9 1 1.2
v 2 1 1.2
v -2 1 1.1
v -1.9 1 1.1
v 1.9 1 1.1
v 2 1 1.1
v -2 1 -1.1
v -1.9 1 -1.1
v 1.9 1 -1.1
v 2 1 -1.1
v -2 1 -1.2
v -1.9 1 -1.2
v 1.9 1 -1.2
v 2 1 -1.2
v -1.2 1 -1.9
v -1.1 1 -1.9
v 1.1 1 -1.9
v 1.2 1 -1.9
v -1.2 1 -2
v -1.1 1 -2
v 1.1 1 -2
v 1.2 1 -2
v -1.1 1.1 2
v -1 1.1 2
v 1 1.1 2
v 1.1 1.1 2
v -1.1 1.1 1.9
v -1 1.1 1.9
v 1 1.1 1.9
v 1.1 1.1 1.9
v -2 1.1 1.1
v -1.9 1.1 1.1
v 1.9 1.1 1.1
v 2 1.1 1.1
v -2 1.1 1
v -1.9 1.1 1
v 1.9 1.1 1
v 2 1.1 1
v -2 1.1 -1
v -1.9 1.1 -1
v 1.9 1.1 -1
v 2 1.1 -1
v -2 1.1 -1.1
v -1.9 1.1 -1.1
v 1.9 1.1 -1.1
v 2 1.1 -1.1
v -1.1 1.1 -1.9
v -1 1.1 -1.9
v 1 1.1 -1.9
v 1.1 1.1 -1.9
v -1.1 1.1 -2
v -1 1.1 -2
v 1 1.1 -2
v 1.1 1.1 -2
v -1 1.2 2
v -0.9 1.2 2
v 0.9 1.2 2
v 1 1.2 2
v -1 1.2 1.9
v -0.9 1.2 1.9
v 0.9 1.2 1.9
v 1 1.2 1.9
v -2 1.2 1
v -1.9 1.2 1
v 1.9 1.2 1
v 2 1.2 1
v -2 1.2 0.9
v -1.9 1.2 0.9
v 1.9 1.2 0.9
v 2 1.2 0.9
v -2 1.2 -0.9
v -1.9 1.2 -0.9
v 1.9 1.2 -0.9
v 2 1.2 -0.9
v -2 1.2 -1
v -1.9 1.2 -1
v 1.9 1.2 -1
v 2 1.2 -1
v -1 1.2 -1.9
v -0.9 1.2 -1.9
v 0.9 1.2 -1.9
v 1 1.2 -1.9
v -1 1.2 -2
v -0.9 1.2 -2
v 0.9 1.2 -2
v 1 1.2 -2
v -0.9 1.3 2
v -0.8 1.3 2
v 0.8 1.3 2
v 0.9 1.3 2
v -0.9 1.3 1.9
v -0.8 1.3 1.9
v 0.8 1.3 1.9
v 0.9 1.3 1.9
v -2 1.3 0.9
v -1.9 1.3 0.9
v 1.9 1.3 0.9
v 2 1.3 0.9
v -2 1.3 0.8
v -1.9 1.3 0.8
v 1.9 1.3 0.8
v 2 1.3 0.8
v -2 1.3 -0.8
v -1.9 1.3 -0.8
v 1.9 1.3 -0.8
v 2 1.3 -0.8
v -2 1.3 -0.9
v -1.9 1.3 -0.9
v 1.9 1.3 -0.9
v 2 1.3 -0.9
v -0.9 1.3 -1.9
v -0.8 1.3 -1.9
v 0.8 1.3 -1.9
v 0.9 1.3 -1.9
v -0.9 1.3 -2
v -0.8 1.3 -2
v 0.8 1.3 -2
v 0.9 1.3 -2
v -0.8 1.4 2
v -0.7 1.4 2
v 0.7 1.4 2
v 0.8 1.4 2
v -0.8 1.4 1.9
v -0.7 1.4 1.9
v 0.7 1.4 1.9
v 0.8 1.4 1.9
v -2 1.4 0.8
v -1.9 1.4 0.8
v 1.9 1.4 0.8
v 2 1.4 0.8
v -2 1.4 0.7
v -1.9 1.4 0.7
v 1.9 1.4 0.7
v 2 1.4 0.7
v -2 1.4 -0.7
v -1.9 1.4 -0.7
v 1.9 1.4 -0.7
v 2 1.4 -0.7
v -2 1.4 -0.8
v -1.9 1.4 -0.8
v 1.9 1.4 -0.8
v 2 1.4 -0.8
v -0.8 1.4 -1.9
v -0.7 1.4 -1.9
v 0.7 1.4 -1.9
v 0.8 1.4 -1.9
v -0.8 1.4 -2
v -0.7 1.4 -2
v 0.7 1.4 -2
v 0.8 1.4 -2
v -0.7 1.5 2
v -0.6 1.5 2
v 0.6 1.5 2
v 0.7 1.5 2
v -0.7 1.5 1.9
v -0.6 1.5 1.9
v 0.6 1.5 1.9
v 0.7 1.5 1.9
v -2 1.5 0.7
v -1.9 1.5 0.7
v 1.9 1.5 0.7
v 2 1.5 0.7
v -2 1.5 0.6
v -1.9 1.5 0.6
v 1.9 1.5 0.6
v 2 1.5 0.6
v -2 1.5 -0.6
v -1.9 1.5 -0.6
v 1.9 1.5 -0.6
v 2 1.5 -0.6
v -2 1.5 -0.7
v -1.9 1.5 -0.7
v 1.9 1.5 -0.7
v 2 1.5 -0.7
v -0.7 1.5 -1.9
v -0.6 1.5 -1.9
v 0.6 1.5 -1.9
v 0.7 1.5 -1.9
v -0.7 1.5 -2
v -0.6 1.5 -2
v 0.6 1.5 -2
v 0.7 1.5 -2
v -0.6 1.6 2
v -0.5 1.6 2
v 0.5 1.6 2
v 0.6 1.6 2
v -0.6 1.6 1.9
v -0.5 1.6 1.9
v 0.5 1.6 1.9
v 0.6 1.6 1.9
v -2 1.6 0.6
v -1.9 1.6 0.6
v 1.9 1.6 0.6
v 2 1.6 0.6
v -2 1.6 0.5
v -1.9 1.6 0.5
v 1.9 1.6 0.5
v 2 1.6 0.5
v -2 1.6 -0.5
v -1.9 1.6 -0.5
v 1.9 1.6 -0.5
v 2 1.6 -0.5
v -2 1.6 -0.6
v -1.9 1.6 -0.6
v 1.9 1.6 -0.6
v 2 1.6 -0.6
v -0.6 1.6 -1.9
v -0.5 1.6 -1.9
v 0.5 1.6 -1.9
v 0.6 1.6 -1.9
v -0.6 1.6 -2
v -0.5 1.6 -2
v 0.5 1.6 -2
v 0.6 1.6 -2
v -0.5 1.7 2
v -0.4 1.7 2
v 0.4 1.7 2
v 0.5 1.7 2
v -0.5 1.7 1.9
v -0.4 1.7 1.9
v 0.4 1.7 1.9
v 0.5 1.7 1.9
v -2 1.7 0.5
v -1.9 1.7 0.5
v 1.9 1.7 0.5
v 2 1.7 0.5
v -2 1.7 0.4
v -1.9 1.7 0.4
v 1.9 1.7 0.4
v 2 1.7 0.4
v -2 1.7 -0.4
v -1.9 1.7 -0.4
v 1.9 1.7 -0.4
v 2 1.7 -0.4
v -2 1.7 -0.5
v -1.9 1.7 -0.5
v 1.9 1.7 -0.5
v 2 1.7 -0.5
v -0.5 1.7 -1.9
v -0.4 1.7 -1.9
v 0.4 1.7 -1.9
v 0.5 1.7 -1.9
v -0.5 1.7 -2
v -0.4 1.7 -2
v 0.4 1.7 -2
v 0.5 1.7 -2
v -0.4 1.8 2
v -0.3 1.8 2
v 0.3 1.8 2
v 0.4 1.8 2
v -0.4 1.8 1.9
v -0.3 1.8 1.9
v 0.3 1.8 1.9
v 0.4 1.8 1.9
v -2 1.8 0.4
v -1.9 1.8 0.4
v 1.9 1.8 0.4
v 2 1.8 0.4
v -2 1.8 0.3
v -1.9 1.8 0.3
v 1.9 1.8 0.3
v 2 1.8 0.3
v -2 1.8 -0.3
v -1.9 1.8 -0.3
v 1.9 1.8 -0.3
v 2 1.8 -0.3
v -2 1.8 -0.4
v -1.9 1.8 -0.4
v 1.9 1.8 -0.4
v 2 1.8 -0.4
v -0.4 1.8 -1.9
v -0.3 1.8 -1.9
v 0.3 1.8 -1.9
v 0.4 1.8 -1.9
v -0.4 1.8 -2
v -0.3 1.8 -2
v 0.3 1.8 -2
v 0.4 1.8 -2
v -0.3 1.9 2
v -0.2 1.9 2
v 0.2 1.9 2
v 0.3 1.9 2
v -0.3 1.9 1.9
v -0.2 1.9 1.9
v 0.2 1.9 1.9
v 0.3 1.9 1.9
v -2 1.9 0.3
v -1.9 1.9 0.3
v 1.9 1.9 0.3
v 2 1.9 0.3
v -2 1.9 0.2
v -1.9 1.9 0.2
v 1.9 1.9 0.2
v 2 1.9 0.2
v -2 1.9 -0.2
v -1.9 1.9 -0.2
v 1.9 1.9 -0.2
v 2 1.9 -0.2
v -2 1.9 -0.3
v -1.9 1.9 -0.3
v 1.9 1.9 -0.3
v 2 1.9 -0.3
v -0.3 1.9 -1.9
v -0.2 1.9 -1.9
v 0.2 1.9 -1.9
v 0.3 1.9 -1.9
v -0.3 1.9 -2
v -0.2 1.9 -2
v 0.2 1.9 -2
v 0.3 1.9 -2
v -0.0999999 2.2 2
v 0.1 2.2 2
v -0.0999999 2.2 1.9
v 0.1 2.2 1.9
v -2 2.2 0.0999999
v -1.9 2.2 0.0999999
v 1.9 2.2 0.0999999
v 2 2.2 0.0999999
v -2 2.2 -0.1
v -1.9 2.2 -0.1
v 1.9 2.2 -0.1
v 2 2.2 -0.1
v -0.0999999 2.2 -1.9
v 0.1 2.2 -1.9
v -0.0999999 2.2 -2
v 0.1 2.2 -2
v -0.2 2.3 2
v -0.0999999 2.3 2
v 0.1 2.3 2
v 0.2 2.3 2
v -0.2 2.3 1.9
v -0.0999999 2.3 1.9
v 0.1 2.3 1.9
v 0.2 2.3 1.9
v -2 2.3 0.2
v -1.9 2.3 0.2
v 1.9 2.3 0.2
v 2 2.3 0.2
v -2 2.3 0.0999999
v -1.9 2.3 0.0999999
v 1.9 2.3 0.0999999
v 2 2.3 0.0999999
v -2 2.3 -0.1
v -1.9 2.3 -0.1
v 1.9 2.3 -0.1
v 2 2.3 -0.1
v -2 2.3 -0.2
v -1.9 2.3 -0.2
v 1.9 2.3 -0.2
v 2 2.3 -0.2
v -0.2 2.3 -1.9
v -0.0999999 2.3 -1.9
v 0.1 2.3 -1.9
v 0.2 2.3 -1.9
v -0.2 2.3 -2
v -0.0999999 2.3 -2
v 0.1 2.3 -2
v 0.2 2.3 -2
v -0.3 2.4 2
v -0.2 2.4 2
v 0.2 2.4 2
v 0.3 2.4 2
v -0.3 2.4 1.9
v -0.2 2.4 1.9
v 0.2 2.4 1.9
v 0.3 2.4 1.9
v -2 2.4 0.3
v -1.9 2.4 0.3
v 1.9 2.4 0.3
v 2 2.4 0.3
v -2 2.4 0.2
v -1.9 2.4 0.2
v 1.9 2.4 0.2
v 2 2.4 0.2
v -2 2.4 -0.2
v -1.9 2.4 -0.2
v 1.9 2.4 -0.2
v 2 2.4 -0.2
v -2 2.4 -0.3
v -1.9 2.4 -0.3
v 1.9 2.4 -0.3
v 2 2.4 -0.3
v -0.3 2.4 -1.9
v -0.2 2.4 -1.9
v 0.2 2.4 -1.9
v 0.3 2.4 -1.9
v -0.3 2.4 -2
v -0.2 2.4 -2
v 0.2 2.4 -2
v 0.3 2.4 -2
v -0.4 2.5 2
v -0.3 2.5 2
v 0.3 2.5 2
v 0.4 2.5 2
v -0.4 2.5 1.9
v -0.3 2.5 1.9
v 0.3 2.5 1.9
v 0.4 2.5 1.9
v -2 2.5 0.4
v -1.9 2.5 0.4
v 1.9 2.5 0.4
v 2 2.5 0.4
v -2 2.5 0.3
v -1.9 2.5 0.3
v 1.9 2.5 0.3
v 2 2.5 0.3
v -2 2.5 -0.3
v -1.9 2.5 -0.3
v 1.9 2.5 -0.3
v 2 2.5 -0.3
v -2 2.5 -0.4
v -1.9 2.5 -0.4
v 1.9 2.5 -0.4
v 2 2.5 -0.4
v -0.4 2.5 -1.9
v -0.3 2.5 -1.9
v 0.3 2.5 -1.9
v 0.4 2.5 -1.9
v -0.4 2.5 -2
v -0.3 2.5 -2
v 0.3 2.5 -2
v 0.4 2.5 -2
v -0.5 2.6 2
v -0.4 2.6 2
v 0.4 2.6 2
v 0.5 2.6 2
v -0.5 2.6 1.9
v -0.4 2.6 1.9
v 0.4 2.6 1.9
v 0.5 2.6 1.9
v -2 2.6 0.5
v -1.9 2.6 0.5
v 1.9 2.6 0.5
v 2 2.6 0.5
v -2 2.6 0.4
v -1.9 2.6 0.4
v 1.9 2.6 0.4
v 2 2.6 0.4
v -2 2.6 -0.4
v -1.9 2.6 -0.4
v 1.9 2.6 -0.4
v 2 2.6 -0.4
v -2 2.6 -0.5
v -1.9 2.6 -0.5
v 1.9 2.6 -0.5
v 2 2.6 -0.5
v -0.5 2.6 -1.9
v -0.4 2.6 -1.9
v 0.4 2.6 -1.9
v 0.5 2.6 -1.9
v -0.5 2.6 -2
v -0.4 2.6 -2
v 0.4 2.6 -2
v 0.5 2.6 -2
v -0.6 2.7 2
v -0.5 2.7 2
v 0.5 2.7 2
v 0.6 2.7 2
v -0.6 2.7 1.9
v -0.5 2.7 1.9
v 0.5 2.7 1.9
v 0.6 2.7 1.9
v -2 2.7 0.6
v -1.9 2.7 0.6
v 1.9 2.7 0.6
v 2 2.7 0.6
v -2 2.7 0.5
v -1.9 2.7 0.5
v 1.9 2.7 0.5
v 2 2.7 0.5
v -2 2.7 -0.5
v -1.9 2.7 -0.5
v 1.9 2.7 -0.5
v 2 2.7 -0.5
v -2 2.7 -0.6
v -1.9 2.7 -0.6
v 1.9 2.7 -0.6
v 2 2.7 -0.6
v -0.6 2.7 -1.9
v -0.5 2.7 -1.9
v 0.5 2.7 -1.9
v 0.6 2.7 -1.9
v -0.6 2.7 -2
v -0.5 2.7 -2
v 0.5 2.7 -2
v 0.6 2.7 -2
v -0.7 2.8 2
v -0.6 2.8 2
v 0.6 2.8 2
v 0.7 2.8 2
v -0.7 2.8 1.9
v -0.6 2.8 1.9
v 0.6 2.8 1.9
v 0.7 2.8 1.9
v -2 2.8 0.7
v -1.9 2.8 0.7
v 1.9 2.8 0.7
v 2 2.8 0.7
v -2 2.8 0.6
v -1.9 2.8 0.6
v 1.9 2.8 0.6
v 2 2.8 0.6
v -2 2.8 -0.6
v -1.9 2.8 -0.6
v 1.9 2.8 -0.6
v 2 2.8 -0.6
v -2 2.8 -0.7
v -1.9 2.8 -0.7
v 1.9 2.8 -0.7
v 2 2.8 -0.7
v -0.7 2.8 -1.9
v -0.6 2.8 -1.9
v 0.6 2.8 -1.9
v 0.7 2.8 -1.9
v -0.7 2.8 -2
v -0.6 2.8 -2
v 0.6 2.8 -2
v 0.7 2.8 -2
v -0.8 2.9 2
v -0.7 2.9 2
v 0.7 2.9 2
v 0.8 2.9 2
v -0.8 2.9 1.9
v -0.7 2.9 1.9
v 0.7 2.9 1.9
v 0.8 2.9 1.9
v -2 2.9 0.8
v -1.9 2.9 0.8
v 1.9 2.9 0.8
v 2 2.9 0.8
v -2 2.9 0.7
v -1.9 2.9 0.7
v 1.9 2.9 0.7
v 2 2.9 0.7
v -2 2.9 -0.7
v -1.9 2.9 -0.7
v 1.9 2.9 -0.7
v 2 2.9 -0.7
v -2 2.9 -0.8
v -1.9 2.9 -0.8
v 1.9 2.9 -0.8
v 2 2.9 -0.8
v -0.8 2.9 -1.9
v -0.7 2.9 -1.9
v 0.7 2.9 -1.9
v 0.8 2.9 -1.9
v -0.8 2.9 -2
v -0.7 2.9 -2
v 0.7 2.9 -2
v 0.8 2.9 -2
v -0.9 3 2
v -0.8 3 2
v 0.8 3 2
v 0.9 3 2
v -0.9 3 1.9
v -0.8 3 1.9
v 0.8 3 1.9
v 0.9 3 1.9
v -2 3 0.9
v -1.9 3 0.9
v 1.9 3 0.9
v 2 3 0.9
v -2 3 0.8
v -1.9 3 0.8
v 1.9 3 0.8
v 2 3 0.8
v -2 3 -0.8
v -1.9 3 -0.8
v 1.9 3 -0.8
v 2 3 -0.8
v -2 3 -0.9
v -1.9 3 -0.9
v 1.9 3 -0.9
v 2 3 -0.9
v -0.9 3 -1.9
v -0.8 3 -1.9
v 0.8 3 -1.9
v 0.9 3 -1.9
v -0.9 3 -2
v -0.8 3 -2
v 0.8 3 -2
v 0.9 3 -2
v -1 3.1 2
v -0.9 3.1 2
v 0.9 3.1 2
v 1 3.1 2
v -1 3.1 1.9
v -0.9 3.1 1.9
v 0.9 3.1 1.9
v 1 3.1 1.9
v -2 3.1 1
v -1.9 3.1 1
v 1.9 3.1 1
v 2 3.1 1
v -2 3.1 0.9
v -1.9 3.1 0.9
v 1.9 3.1 0.9
v 2 3.1 0.9
v -2 3.1 -0.9
v -1.9 3.1 -0.9
v 1.9 3.1 -0.9
v 2 3.1 -0.9
v -2 3.1 -1
v -1.9 3.1 -1
v 1.9 3.1 -1
v 2 3.1 -1
v -1 3.1 -1.9
v -0.9 3.1 -1.9
v 0.9 3.1 -1.9
v 1 3.1 -1.9
v -1 3.1 -2
v -0.9 3.1 -2
v 0.9 3.1 -2
v 1 3.1 -2
v -1.1 3.2 2
v -1 3.2 2
v 1 3.2 2
v 1.1 3.2 2
v -1.1 3.2 1.9
v -1 3.2 1.9
v 1 3.2 1.9
v 1.1 3.2 1.9
v -2 3.2 1.1
v -1.9 3.2 1.1
v 1.9 3.2 1.1
v 2 3.2 1.1
v -2 3.2 1
v -1.9 3.2 1
v 1.9 3.2 1
v 2 3.2 1
v -2 3.2 -1
v -1.9 3.2 -1
v 1.9 3.2 -1
v 2 3.2 -1
v -2 3.2 -1.1
v -1.9 3.2 -1.1
v 1.9 3.2 -1.1
v 2 3.2 -1.1
v -1.1 3.2 -1.9
v -1 3.2 -1.9
v 1 3.2 -1.9
v 1.1 3.2 -1.9
v -1.1 3.2 -2
v -1 3.2 -2
v 1 3.2 -2
v 1.1 3.2 -2
v -1.2 3.3 2
v -1.1 3.3 2
v 1.1 3.3 2
v 1.2 3.3 2
v -1.2 3.3 1.9
v -1.1 3.3 1.9
v 1.1 3.3 1.9
v 1.2 3.3 1.9
v -2 3.3 1.2
v -1.9 3.3 1.2
v 1.9 3.3 1.2
v 2 3.3 1.2
v -2 3.3 1.1
v -1.9 3.3 1.1
v 1.9 3.3 1.1
v 2 3.3 1.1
v -2 3.3 -1.1
v -1.9 3.3 -1.1
v 1.9 3.3 -1.1
v 2 3.3 -1.1
v -2 3.3 -1.2
v -1.9 3.3 -1.2
v 1.9 3.3 -1.2
v 2 3.3 -1.2
v -1.2 3.3 -1.9
v -1.1 3.3 -1.9
v 1.1 3.3 -1.9
v 1.2 3.3 -1.9
v -1.2 3.3 -2
v -1.1 3.3 -2
v 1.1 3.3 -2
v 1.2 3.3 -2
v -1.3 3.4 2
v -1.2 3.4 2
v 1.2 3.4 2
v 1.3 3.4 2
v -1.3 3.4 1.9
v -1.2 3.4 1.9
v 1.2 3.4 1.9
v 1.3 3.4 1.9
v -2 3.4 1.3
v -1.9 3.4 1.3
v 1.9 3.4 1.3
v 2 3.4 1.3
v -2 3.4 1.2
v -1.9 3.4 1.2
v 1.9 3.4 1.2
v 2 3.4 1.2
v -2 3.4 -1.2
v -1.9 3.4 -1.2
v 1.9 3.4 -1.2
v 2 3.4 -1.2
v -2 3.4 -1.3
v -1.9 3.4 -1.3
v 1.9 3.4 -1.3
v 2 3.4 -1.3
v -1.3 3.4 -1.9
v -1.2 3.4 -1.9
v 1.2 3.4 -1.9
v 1.3 3.4 -1.9
v -1.3 3.4 -2
v -1.2 3.4 -2
v 1.2 3.4 -2
v 1.3 3.4 -2
v -1.4 3.5 2
v -1.3 3.5 2
v 1.3 3.5 2
v 1.4 3.5 2
v -1.4 3.5 1.9
v -1.3 3.5 1.9
v 1.3 3.5 1.9
v 1.4 3.5 1.9
v -2 3.5 1.4
v -1.9 3.5 1.4
v 1.9 3.5 1.4
v 2 3.5 1.4
v -2 3.5 1.3
v -1.9 3.5 1.3
v 1.9 3.5 1.3
v 2 3.5 1.3
v -2 3.5 -1.3
v -1.9 3.5 -1.3
v 1.9 3.5 -1.3
v 2 3.5 -1.3
v -2 3.5 -1.4
v -1.9 3.5 -1.4
v 1.9 3.5 -1.4
v 2 3.5 -1.4
v -1.4 3.5 -1.9
v -1.3 3.5 -1.9
v 1.3 3.5 -1.9
v 1.4 3.5 -1.9
v -1.4 3.5 -2
v -1.3 3.5 -2
v 1.3 3.5 -2
v 1.4 3.5 -2
v -1.5 3.6 2
v -1.4 3.6 2
v 1.4 3.6 2
v 1.5 3.6 2
v -1.5 3.6 1.9
v -1.4 3.6 1.9
v 1.4 3.6 1.9
v 1.5 3.6 1.9
v -2 3.6 1.5
v -1.9 3.6 1.5
v 1.9 3.6 1.5
v 2 3.6 1.5
v -2 3.6 1.4
v -1.9 3.6 1.4
v 1.9 3.6 1.4
v 2 3.6 1.4
v -2 3.6 -1.4
v -1.9 3.6 -1.4
v 1.9 3.6 -1.4
v 2 3.6 -1.4
v -2 3.6 -1.5
v -1.9 3.6 -1.5
v 1.9 3.6 -1.5
v 2 3.6 -1.5
v -1.5 3.6 -1.9
v -1.4 3.6 -1.9
v 1.4 3.6 -1.9
v 1.5 3.6 -1.9
v -1.5 3.6 -2
v -1.4 3.6 -2
v 1.4 3.6 -2
v 1.5 3.6 -2
v -1.6 3.7 2
v -1.5 3.7 2
v 1.5 3.7 2
v 1.6 3.7 2
v -1.6 3.7 1.9
v -1.5 3.7 1.9
v 1.5 3.7 1.9
v 1.6 3.7 1.9
v -2 3.7 1.6
v -1.9 3.7 1.6
v 1.9 3.7 1.6
v 2 3.7 1.6
v -2 3.7 1.5
v -1.9 3.7 1.5
v 1.9 3.7 1.5
v 2 3.7 1.5
v -2 3.7 -1.5
v -1.9 3.7 -1.5
v 1.9 3.7 -1.5
v 2 3.7 -1.5
v -2 3.7 -1.6
v -1.9 3.7 -1.6
v 1.9 3.7 -1.6
v 2 3.7 -1.6
v -1.6 3.7 -1.9
v -1.5 3.7 -1.9
v 1.5 3.7 -1.9
v 1.6 3.7 -1.9
v -1.6 3.7 -2
v -1.5 3.7 -2
v 1.5 3.7 -2
v 1.6 3.7 -2
v -1.6 3.9 1.8
v 1.6 3.9 1.8
v -1.6 3.9 1.7
v -1.5 3.9 1.7
v 1.5 3.9 1.7
v 1.6 3.9 1.7
v -1.8 3.9 1.6
v -1.7 3.9 1.6
v -1.5 3.9 1.6
v -1.4 3.9 1.6
v 1.4 3.9 1.6
v 1.5 3.9 1.6
v 1.7 3.9 1.6
v 1.8 3.9 1.6
v -1.7 3.9 1.5
v -1.6 3.9 1.5
v -1.4 3.9 1.5
v -1.3 3.9 1.5
v 1.3 3.9 1.5
v 1.4 3.9 1.5
v 1.6 3.9 1.5
v 1.7 3.9 1.5
v -1.6 3.9 1.4
v -1.5 3.9 1.4
v -1.3 3.9 1.4
v -1.2 3.9 1.4
v 1.2 3.9 1.4
v 1.3 3.9 1.4
v 1.5 3.9 1.4
v 1.6 3.9 1.4
v -1.5 3.9 1.3
v -1.4 3.9 1.3
v -1.2 3.9 1.3
v -1.1 3.9 1.3
v 1.1 3.9 1.3
v 1.2 3.9 1.3
v 1.4 3.9 1.3
v 1.5 3.9 1.3
v -1.4 3.9 1.2
v -1.3 3.9 1.2
v -1.1 3.9 1.2
v -1 3.9 1.2
v 1 3.9 1.2
v 1.1 3.9 1.2
v 1.3 3.9 1.2
v 1.4 3.9 1.2
v -1.3 3.9 1.1
v -1.2 3.9 1.1
v -1 3.9 1.1
v -0.9 3.9 1.1
v 0.9 3.9 1.1
v 1 3.9 1.1
v 1.2 3.9 1.1
v 1.3 3.9 1.1
v -1.2 3.9 1
v -1.1 3.9 1
v -0.9 3.9 1
v -0.8 3.9 1
v 0.8 3.9 1
v 0.9 3.9 1
v 1.1 3.9 1
v 1.2 3.9 1
v -1.1 3.9 0.9
v -1 3.9 0.9
v -0.8 3.9 0.9
v -0.7 3.9 0.9
v 0.7 3.9 0.9
v 0.8 3.9 0.9
v 1 3.9 0.9
v 1.1 3.9 0.9
v -1 3.9 0.8
v -0.9 3.9 0.8
v -0.7 3.9 0.8
v -0.6 3.9 0.8
v 0.6 3.9 0.8
v 0.7 3.9 0.8
v 0.9 3.9 0.8
v 1 3.9 0.8
v -0.9 3.9 0.7
v -0.8 3.9 0.7
v -0.6 3.9 0.7
v -0.5 3.9 0.7
v 0.5 3.9 0.7
v 0.6 3.9 0.7
v 0.8 3.9 0.7
v 0.9 3.9 0.7
v -0.8 3.9 0.6
v -0.7 3.9 0.6
v -0.5 3.9 0.6
v -0.4 3.9 0.6
v 0.4 3.9 0.6
v 0.5 3.9 0.6
v 0.7 3.9 0.6
v 0.8 3.9 0.6
v -0.7 3.9 0.5
v -0.6 3.9 0.5
v -0.4 3.9 0.5
v -0.3 3.9 0.5
v 0.3 3.9 0.5
v 0.4 3.9 0.5
v 0.6 3.9 0.5
v 0.7 3.9 0.5
v -0.6 3.9 0.4
v -0.5 3.9 0.4
v -0.3 3.9 0.4
v -0.2 3.9 0.4
v 0.2 3.9 0.4
v 0.3 3.9 0.4
v 0.5 3.9 0.4
v 0.6 3.9 0.4
v -0.5 3.9 0.3
v -0.4 3.9 0.3
v -0.2 3.9 0.3
v -0.0999999 3.9 0.3
v 0.1 3.9 0.3
v 0.2 3.9 0.3
v 0.4 3.9 0.3
v 0.5 3.9 0.3
v -0.4 3.9 0.2
v -0.3 3.9 0.2
v -0.0999999 3.9 0.2
v 0.1 3.9 0.2
v 0.3 3.9 0.2
v 0.4 3.9 0.2
v -0.3 3.9 0.0999999
v -0.2 3.9 0.0999999
v 0.2 3.9 0.0999999
v 0.3 3.9 0.0999999
v -0.3 3.9 -0.1
v -0.2 3.9 -0.1
v 0.2 3.9 -0.1
v 0.3 3.9 -0.1
v -0.4 3.9 -0.2
v -0.3 3.9 -0.2
v -0.0999999 3.9 -0.2
v 0.1 3.9 -0.2
v 0.3 3.9 -0.2
v 0.4 3.9 -0.2
v -0.5 3.9 -0.3
v -0.4 3.9 -0.3
v -0.2 3.9 -0.3
v -0.0999999 3.9 -0.3
v 0.1 3.9 -0.3
v 0.2 3.9 -0.3
v 0.4 3.9 -0.3
v 0.5 3.9 -0.3
v -0.6 3.9 -0.4
v -0.5 3.9 -0.4
v -0.3 3.9 -0.4
v -0.2 3.9 -0.4
v 0.2 3.9 -0.4
v 0.3 3.9 -0.4
v 0.5 3.9 -0.4
v 0.6 3.9 -0.4
v -0.7 3.9 -0.5
v -0.6 3.9 -0.5
v -0.4 3.9 -0.5
v -0.3 3.9 -0.5
v 0.3 3.9 -0.5
v 0.4 3.9 -0.5
v 0.6 3.9 -0.5
v 0.7 3.9 -0.5
v -0.8 3.9 -0.6
v -0.7 3.9 -0.6
v -0.5 3.9 -0.6
v -0.4 3.9 -0.6
v 0.4 3.9 -0.6
v 0.5 3.9 -0.6
v 0.7 3.9 -0.6
v 0.8 3.9 -0.6
v -0.9 3.9 -0.7
v -0.8 3.9 -0.7
v -0.6 3.9 -0.7
v -0.5 3.9 -0.7
v 0.5 3.9 -0.7
v 0.6 3.9 -0.7
v 0.8 3.9 -0.7
v 0.9 3.9 -0.7
v -1 3.9 -0.8
v -0.9 3.9 -0.8
v -0.7 3.9 -0.8
v -0.6 3.9 -0.8
v 0.6 3.9 -0.8
v 0.7 3.9 -0.8
v 0.9 3.9 -0.8
v 1 3.9 -0.8
v -1.1 3.9 -0.9
v -1 3.9 -0.9
v -0.8 3.9 -0.9
v -0.7 3.9 -0.9
v 0.7 3.9 -0.9
v 0.8 3.9 -0.9
v 1 3.9 -0.9
v 1.1 3.9 -0.9
v -1.2 3.9 -1
v -1.1 3.9 -1
v -0.9 3.9 -1
v -0.8 3.9 -1
v 0.8 3.9 -1
v 0.9 3.9 -1
v 1.1 3.9 -1
v 1.2 3.9 -1
v -1.3 3.9 -1.1
v -1.2 3.9 -1.1
v -1 3.9 -1.1
v -0.9 3.9 -1.1
v 0.9 3.9 -1.1
v 1 3.9 -1.1
v 1.2 3.9 -1.1
v 1.3 3.9 -1.1
v -1.4 3.9 -1.2
v -1.3 3.9 -1.2
v -1.1 3.9 -1.2
v -1 3.9 -1.2
v 1 3.9 -1.2
v 1.1 3.9 -1.2
v 1.3 3.9 -1.2
v 1.4 3.9 -1.2
v -1.5 3.9 -1.3
v -1.4 3.9 -1.3
v -1.2 3.9 -1.3
v -1.1 3.9 -1.3
v 1.1 3.9 -1.3
v 1.2 3.9 -1.3
v 1.4 3.9 -1.3
v 1.5 3.9 -1.3
v -1.6 3.9 -1.4
v -1.5 3.9 -1.4
v -1.3 3.9 -1.4
v -1.2 3.9 -1.4
v 1.2 3.9 -1.4
v 1.3 3.9 -1.4
v 1.5 3.9 -1.4
v 1.6 3.9 -1.4
v -1.7 3.9 -1.5
v -1.6 3.9 -1.5
v -1.4 3.9 -1.5
v -1.3 3.9 -1.5
v 1.3 3.9 -1.5
v 1.4 3.9 -1.5
v 1.6 3.9 -1.5
v 1.7 3.9 -1.5
v -1.8 3.9 -1.6
v -1.7 3.9 -1.6
v -1.5 3.9 -1.6
v -1.4 3.9 -1.6
v 1.4 3.9 -1.6
v 1.5 3.9 -1.6
v 1.7 3.9 -1.6
v 1.8 3.9 -1.6
v -1.6 3.9 -1.7
v -1.5 3.9 -1.7
v 1.5 3.9 -1.7
v 1.6 3.9 -1.7
v -1.6 3.9 -1.8
v 1.6 3.9 -1.8
v -2 4 2
v 2 4 2
v -1.6 4 1.8
v 1.6 4 1.8
v -1.6 4 1.7
v -1.5 4 1.7
v 1.5 4 1.7
v 1.6 4 1.7
v -1.8 4 1.6
v -1.7 4 1.6
v -1.5 4 1.6
v -1.4 4 1.6
v 1.4 4 1.6
v 1.5 4 1.6
v 1.7 4 1.6
v 1.8 4 1.6
v -1.7 4 1.5
v -1.6 4 1.5
v -1.4 4 1.5
v -1.3 4 1.5
v 1.3 4 1.5
v 1.4 4 1.5
v 1.6 4 1.5
v 1.7 4 1.5
v -1.6 4 1.4
v -1.5 4 1.4
v -1.3 4 1.4
v -1.2 4 1.4
v 1.2 4 1.4
v 1.3 4 1.4
v 1.5 4 1.4
v 1.6 4 1.4
v -1.5 4 1.3
v -1.4 4 1.3
v -1.2 4 1.3
v -1.1 4 1.3
v 1.1 4 1.3
v 1.2 4 1.3
v 1.4 4 1.3
v 1.5 4 1.3
v -1.4 4 1.2
v -1.3 4 1.2
v -1.1 4 1.2
v -1 4 1.2
v 1 4 1.2
v 1.1 4 1.2
v 1.3 4 1.2
v 1.4 4 1.2
v -1.3 4 1.1
v -1.2 4 1.1
v -1 4 1.1
v -0.9 4 1.1
v 0.9 4 1.1
v 1 4 1.1
v 1.2 4 1.1
v 1.3 4 1.1
v -1.2 4 1
v -1.1 4 1
v -0.9 4 1
v -0.8 4 1
v 0.8 4 1
v 0.9 4 1
v 1.1 4 1
v 1.2 4 1
v -1.1 4 0.9
v -1 4 0.9
v -0.8 4 0.9
v -0.7 4 0.9
v 0.7 4 0.9
v 0.8 4 0.9
v 1 4 0.9
v 1.1 4 0.9
v -1 4 0.8
v -0.9 4 0.8
v -0.7 4 0.8
v -0.6 4 0.8
v 0.6 4 0.8
v 0.7 4 0.8
v 0.9 4 0.8
v 1 4 0.8
v -0.9 4 0.7
v -0.8 4 0.7
v -0.6 4 0.7
v -0.5 4 0.7
v 0.5 4 0.7
v 0.6 4 0.7
v 0.8 4 0.7
v 0.9 4 0.7
v -0.8 4 0.6
v -0.7 4 0.6
v -0.5 4 0.6
v -0.4 4 0.6
v 0.4 4 0.6
v 0.5 4 0.6
v 0.7 4 0.6
v 0.8 4 0.6
v -0.7 4 0.5
v -0.6 4 0.5
v -0.4 4 0.5
v -0.3 4 0.5
v 0.3 4 0.5
v 0.4 4 0.5
v 0.6 4 0.5
v 0.7 4 0.5
v -0.6 4 0.4
v -0.5 4 0.4
v -0.3 4 0.4
v -0.2 4 0.4
v 0.2 4 0.4
v 0.3 4 0.4
v 0.5 4 0.4
v 0.6 4 0.4
v -0.5 4 0.3
v -0.4 4 0.3
v -0.2 4 0.3
v -0.0999999 4 0.3
v 0.1 4 0.3
v 0.2 4 0.3
v 0.4 4 0.3
v 0.5 4 0.3
v -0.4 4 0.2
v -0.3 4 0.2
v -0.0999999 4 0.2
v 0.1 4 0.2
v 0.3 4 0.2
v 0.4 4 0.2
v -0.3 4 0.0999999
v -0.2 4 0.0999999
v 0.2 4 0.0999999
v 0.3 4 0.0999999
v -0.3 4 -0.1
v -0.2 4 -0.1
v 0.2 4 -0.1
v 0.3 4 -0.1
v -0.4 4 -0.2
v -0.3 4 -0.2
v -0.0999999 4 -0.2
v 0.1 4 -0.2
v 0.3 4 -0.2
v 0.4 4 -0.2
v -0.5 4 -0.3
v -0.4 4 -0.3
v -0.2 4 -0.3
v -0.0999999 4 -0.3
v 0.1 4 -0.3
v 0.2 4 -0.3
v 0.4 4 -0.3
v 0.5 4 -0.3
v -0.6 4 -0.4
v -0.5 4 -0.4
v -0.3 4 -0.4
v -0.2 4 -0.4
v 0.2 4 -0.4
v 0.3 4 -0.4
v 0.5 4 -0.4
v 0.6 4 -0.4
v -0.7 4 -0.5
v -0.6 4 -0.5
v -0.4 4 -0.5
v -0.3 4 -0.5
v 0.3 4 -0.5
v 0.4 4 -0.5
v 0.6 4 -0.5
v 0.7 4 -0.5
v -0.8 4 -0.6
v -0.7 4 -0.6
v -0.5 4 -0.6
v -0.4 4 -0.6
v 0.4 4 -0.6
v 0.5 4 -0.6
v 0.7 4 -0.6
v 0.8 4 -0.6
v -0.9 4 -0.7
v -0.8 4 -0.7
v -0.6 4 -0.7
v -0.5 4 -0.7
v 0.5 4 -0.7
v 0.6 4 -0.7
v 0.8 4 -0.7
v 0.9 4 -0.7
v -1 4 -0.8
v -0.9 4 -0.8
v -0.7 4 -0.8
v -0.6 4 -0.8
v 0.6 4 -0.8
v 0.7 4 -0.8
v 0.9 4 -0.8
v 1 4 -0.8
v -1.1 4 -0.9
v -1 4 -0.9
v -0.8 4 -0.9
v -0.7 4 -0.9
v 0.7 4 -0.9
v 0.8 4 -0.9
v 1 4 -0.9
v 1.1 4 -0.9
v -1.2 4 -1
v -1.1 4 -1
v -0.9 4 -1
v -0.8 4 -1
v 0.8 4 -1
v 0.9 4 -1
v 1.1 4 -1
v 1.2 4 -1
v -1.3 4 -1.1
v -1.2 4 -1.1
v -1 4 -1.1
v -0.9 4 -1.1
v 0.9 4 -1.1
v 1 4 -1.1
v 1.2 4 -1.1
v 1.3 4 -1.1
v -1.4 4 -1.2
v -1.3 4 -1.2
v -1.1 4 -1.2
v -1 4 -1.2
v 1 4 -1.2
v 1.1 4 -1.2
v 1.3 4 -1.2
v 1.4 4 -1.2
v -1.5 4 -1.3
v -1.4 4 -1.3
v -1.2 4 -1.3
v -1.1 4 -1.3
v 1.1 4 -1.3
v 1.2 4 -1.3
v 1.4 4 -1.3
v 1.5 4 -1.3
v -1.6 4 -1.4
v -1.5 4 -1.4
v -1.3 4 -1.4
v -1.2 4 -1.4
v 1.2 4 -1.4
v 1.3 4 -1.4
v 1.5 4 -1.4
v 1.6 4 -1.4
v -1.7 4 -1.5
v -1.6 4 -1.5
v -1.4 4 -1.5
v -1.3 4 -1.5
v 1.3 4 -1.5
v 1.4 4 -1.5
v 1.6 4 -1.5
v 1.7 4 -1.5
v -1.8 4 -1.6
v -1.7 4 -1.6
v -1.5 4 -1.6
v -1.4 4 -1.6
v 1.4 4 -1.6
v 1.5 4 -1.6
v 1.7 4 -1.6
v 1.8 4 -1.6
v -1.6 4 -1.7
v -1.5 4 -1.7
v 1.5 4 -1.7
v 1.6 4 -1.7
v -1.6 4 -1.8
v 1.6 4 -1.8
v -2 4 -2
v 2 4 -2

# faces
f 3/2/1 2/2/1 1/2/1
f 4/2/1 2/2/1 3/2/1
f 5/3/1 4/3/1 3/3/1
f 6/3/1 4/3/1 5/3/1
f 7/3/1 4/3/1 6/3/1
f 8/3/1 4/3/1 7/3/1
f 9/2/1 6/2/1 5/2/1
f 12/2/1 8/2/1 7/2/1
f 13/2/1 10/2/1 9/2/1
f 13/2/1 9/2/1 5/2/1
f 14/2/1 10/2/1 13/2/1
f 15/2/1 10/2/1 14/2/1
f 18/2/1 12/2/1 11/2/1
f 19/2/1 8/2/1 12/2/1
f 19/2/1 12/2/1 18/2/1
f 20/2/1 8/2/1 19/2/1
f 21/2/1 16/2/1 15/2/1
f 21/2/1 15/2/1 14/2/1
f 22/2/1 16/2/1 21/2/1
f 23/2/1 16/2/1 22/2/1
f 26/2/1 18/2/1 17/2/1
f 26/2/1 19/2/1 18/2/1
f 27/2/1 19/2/1 26/2/1
f 28/2/1 19/2/1 27/2/1
f 29/2/1 24/2/1 23/2/1
f 29/2/1 23/2/1 22/2/1
f 30/2/1 24/2/1 29/2/1
f 31/2/1 24/2/1 30/2/1
f 34/2/1 27/2/1 26/2/1
f 34/2/1 26/2/1 25/2/1
f 35/2/1 27/2/1 34/2/1
f 36/2/1 27/2/1 35/2/1
f 37/2/1 32/2/1 31/2/1
f 37/2/1 31/2/1 30/2/1
f 38/2/1 32/2/1 37/2/1
f 39/2/1 32/2/1 38/2/1
f 42/2/1 35/2/1 34/2/1
f 42/2/1 34/2/1 33/2/1
f 43/2/1 35/2/1 42/2/1
f 44/2/1 35/2/1 43/2/1
f 45/2/1 40/2/1 39/2/1
f 45/2/1 39/2/1 38/2/1
f 46/2/1 40/2/1 45/2/1
f 47/2/1 40/2/1 46/2/1
f 50/2/1 43/2/1 42/2/1
f 50/2/1 42/2/1 41/2/1
f 51/2/1 43/2/1 50/2/1
f 52/2/1 43/2/1 51/2/1
f 53/2/1 48/2/1 47/2/1
f 53/2/1 47/2/1 46/2/1
f 54/2/1 48/2/1 53/2/1
f 55/2/1 48/2/1 54/2/1
f 58/2/1 51/2/1 50/2/1
f 58/2/1 50/2/1 49/2/1
f 59/2/1 51/2/1 58/2/1
f 60/2/1 51/2/1 59/2/1
f 61/2/1 56/2/1 55/2/1
f 61/2/1 55/2/1 54/2/1
f 62/2/1 56/2/1 61/2/1
f 63/2/1 56/2/1 62/2/1
f 66/2/1 59/2/1 58/2/1
f 66/2/1 58/2/1 57/2/1
f 67/2/1 59/2/1 66/2/1
f 68/2/1 59/2/1 67/2/1
f 69/2/1 64/2/1 63/2/1
f 69/2/1 63/2/1 62/2/1
f 70/2/1 64/2/1 69/2/1
f 71/2/1 64/2/1 70/2/1
f 74/2/1 67/2/1 66/2/1
f 74/2/1 66/2/1 65/2/1
f 75/2/1 67/2/1 74/2/1
f 76/2/1 67/2/1 75/2/1
f 77/2/1 72/2/1 71/2/1
f 77/2/1 71/2/1 70/2/1
f 78/2/1 72/2/1 77/2/1
f 79/2/1 72/2/1 78/2/1
f 82/2/1 75/2/1 74/2/1
f 82/2/1 74/2/1 73/2/1
f 83/2/1 75/2/1 82/2/1
f 84/2/1 75/2/1 83/2/1
f 85/2/1 80/2/1 79/2/1
f 85/2/1 79/2/1 78/2/1
f 86/2/1 80/2/1 85/2/1
f 87/2/1 80/2/1 86/2/1
f 90/2/1 83/2/1 82/2/1
f 90/2/1 82/2/1 81/2/1
f 91/2/1 83/2/1 90/2/1
f 92/2/1 83/2/1 91/2/1
f 93/2/1 88/2/1 87/2/1
f 93/2/1 87/2/1 86/2/1
f 94/2/1 88/2/1 93/2/1
f 95/2/1 88/2/1 94/2/1
f 98/2/1 91/2/1 90/2/1
f 98/2/1 90/2/1 89/2/1
f 99/2/1 91/2/1 98/2/1
f 100/2/1 91/2/1 99/2/1
f 101/2/1 96/2/1 95/2/1
f 101/2/1 95/2/1 94/2/1
f 102/2/1 96/2/1 101/2/1
f 103/2/1 96/2/1 102/2/1
f 106/2/1 99/2/1 98/2/1
f 106/2/1 98/2/1 97/2/1
f 107/2/1 99/2/1 106/2/1
f 108/2/1 99/2/1 107/2/1
f 109/2/1 104/2/1 103/2/1
f 109/2/1 103/2/1 102/2/1
f 110/2/1 104/2/1 109/2/1
f 111/2/1 104/2/1 110/2/1
f 114/2/1 107/2/1 106/2/1
f 114/2/1 106/2/1 105/2/1
f 115/2/1 107/2/1 114/2/1
f 116/2/1 107/2/1 115/2/1
f 117/2/1 112/2/1 111/2/1
f 117/2/1 111/2/1 110/2/1
f 118/2/1 112/2/1 117/2/1
f 119/2/1 112/2/1 118/2/1
f 122/2/1 115/2/1 114/2/1
f 122/2/1 114/2/1 113/2/1
f 123/2/1 115/2/1 122/2/1
f 124/2/1 115/2/1 123/2/1
f 125/2/1 120/2/1 119/2/1
f 125/2/1 119/2/1 118/2/1
f 126/2/1 120/2/1 125/2/1
f 127/2/1 120/2/1 126/2/1
f 128/2/1 123/2/1 122/2/1
f 128/2/1 122/2/1 121/2/1
f 129/2/1 123/2/1 128/2/1
f 130/2/1 123/2/1 129/2/1
f 131/2/1 127/2/1 126/2/1
f 131/2/1 129/2/1 128/2/1
f 131/2/1 128/2/1 127/2/1
f 132/2/1 129/2/1 131/2/1
f 133/2/1 129/2/1 132/2/1
f 134/2/1 129/2/1 133/2/1
f 136/2/1 133/2/1 132/2/1
f 137/2/1 133/2/1 136/2/1
f 140/2/1 136/2/1 135/2/1
f 140/2/1 138/2/1 137/2/1
f 140/2/1 137/2/1 136/2/1
f 141/2/1 138/2/1 140/2/1
f 142/2/1 138/2/1 141/2/1
f 143/2/1 138/2/1 142/2/1
f 146/2/1 140/2/1 139/2/1
f 146/2/1 141/2/1 140/2/1
f 147/2/1 141/2/1 146/2/1
f 148/2/1 141/2/1 147/2/1
f 149/2/1 143/2/1 142/2/1
f 149/2/1 144/2/1 143/2/1
f 150/2/1 144/2/1 149/2/1
f 151/2/1 144/2/1 150/2/1
f 154/2/1 147/2/1 146/2/1
f 154/2/1 146/2/1 145/2/1
f 155/2/1 147/2/1 154/2/1
f 156/2/1 147/2/1 155/2/1
f 157/2/1 151/2/1 150/2/1
f 157/2/1 152/2/1 151/2/1
f 158/2/1 152/2/1 157/2/1
f 159/2/1 152/2/1 158/2/1
f 162/2/1 155/2/1 154/2/1
f 162/2/1 154/2/1 153/2/1
f 163/2/1 155/2/1 162/2/1
f 164/2/1 155/2/1 163/2/1
f 165/2/1 159/2/1 158/2/1
f 165/2/1 160/2/1 159/2/1
f 166/2/1 160/2/1 165/2/1
f 167/2/1 160/2/1 166/2/1
f 170/2/1 163/2/1 162/2/1
f 170/2/1 162/2/1 161/2/1
f 171/2/1 163/2/1 170/2/1
f 172/2/1 163/2/1 171/2/1
f 173/2/1 167/2/1 166/2/1
f 173/2/1 168/2/1 167/2/1
f 174/2/1 168/2/1 173/2/1
f 175/2/1 168/2/1 174/2/1
f 178/2/1 171/2/1 170/2/1
f 178/2/1 170/2/1 169/2/1
f 179/2/1 171/2/1 178/2/1
f 180/2/1 171/2/1 179/2/1
f 181/2/1 175/2/1 174/2/1
f 181/2/1 176/2/1 175/2/1
f 182/2/1 176/2/1 181/2/1
f 183/2/1 176/2/1 182/2/1
f 186/2/1 179/2/1 178/2/1
f 186/2/1 178/2/1 177/2/1
f 187/2/1 179/2/1 186/2/1
f 188/2/1 179/2/1 187/2/1
f 189/2/1 183/2/1 182/2/1
f 189/2/1 184/2/1 183/2/1
f 190/2/1 184/2/1 189/2/1
f 191/2/1 184/2/1 190/2/1
f 194/2/1 187/2/1 186/2/1
f 194/2/1 186/2/1 185/2/1
f 195/2/1 187/2/1 194/2/1
f 196/2/1 187/2/1 195/2/1
f 197/2/1 191/2/1 190/2/1
f 197/2/1 192/2/1 191/2/1
f 198/2/1 192/2/1 197/2/1
f 199/2/1 192/2/1 198/2/1
f 202/2/1 195/2/1 194/2/1
f 202/2/1 194/2/1 193/2/1
f 203/2/1 195/2/1 202/2/1
f 204/2/1 195/2/1 203/2/1
f 205/2/1 199/2/1 198/2/1
f 205/2/1 200/2/1 199/2/1
f 206/2/1 200/2/1 205/2/1
f 207/2/1 200/2/1 206/2/1
f 210/2/1 203/2/1 202/2/1
f 210/2/1 202/2/1 201/2/1
f 211/2/1 203/2/1 210/2/1
f 212/2/1 203/2/1 211/2/1
f 213/2/1 207/2/1 206/2/1
f 213/2/1 208/2/1 207/2/1
f 214/2/1 208/2/1 213/2/1
f 215/2/1 208/2/1 214/2/1
f 218/2/1 211/2/1 210/2/1
f 218/2/1 210/2/1 209/2/1
f 219/2/1 211/2/1 218/2/1
f 220/2/1 211/2/1 219/2/1
f 221/2/1 215/2/1 214/2/1
f 221/2/1 216/2/1 215/2/1
f 222/2/1 216/2/1 221/2/1
f 223/2/1 216/2/1 222/2/1
f 226/2/1 219/2/1 218/2/1
f 226/2/1 218/2/1 217/2/1
f 227/2/1 219/2/1 226/2/1
f 228/2/1 219/2/1 227/2/1
f 229/2/1 223/2/1 222/2/1
f 229/2/1 224/2/1 223/2/1
f 230/2/1 224/2/1 229/2/1
f 231/2/1 224/2/1 230/2/1
f 234/2/1 227/2/1 226/2/1
f 234/2/1 226/2/1 225/2/1
f 235/2/1 227/2/1 234/2/1
f 236/2/1 227/2/1 235/2/1
f 237/2/1 231/2/1 230/2/1
f 237/2/1 232/2/1 231/2/1
f 238/2/1 232/2/1 237/2/1
f 239/2/1 232/2/1 238/2/1
f 242/2/1 235/2/1 234/2/1
f 242/2/1 234/2/1 233/2/1
f 243/2/1 235/2/1 242/2/1
f 244/2/1 235/2/1 243/2/1
f 245/2/1 239/2/1 238/2/1
f 245/2/1 240/2/1 239/2/1
f 246/2/1 240/2/1 245/2/1
f 247/2/1 240/2/1 246/2/1
f 249/2/1 13/2/1 5/2/1
f 250/2/1 243/2/1 242/2/1
f 250/2/1 242/2/1 241/2/1
f 251/2/1 243/2/1 250/2/1
f 252/2/1 243/2/1 251/2/1
f 253/2/1 248/2/1 247/2/1
f 253/2/1 247/2/1 246/2/1
f 254/2/1 248/2/1 253/2/1
f 255/2/1 248/2/1 254/2/1
f 256/2/1 8/2/1 20/2/1
f 257/2/1 251/2/1 250/2/1
f 257/2/1 250/2/1 249/2/1
f 258/2/1 251/2/1 257/2/1
f 259/2/1 255/2/1 254/2/1
f 259/2/1 256/2/1 255/2/1
f 260/2/1 256/2/1 259/2/1
f 261/2/1 257/2/1 249/2/1
f 261/2/1 249/2/1 5/2/1
f 262/2/1 257/2/1 261/2/1
f 263/2/1 256/2/1 260/2/1
f 264/2/1 8/2/1 256/2/1
f 264/2/1 256/2/1 263/2/1
f 265/3/1 262/3/1 261/3/1
f 265/3/1 263/3/1 262/3/1
f 265/3/1 264/3/1 263/3/1
f 266/3/1 264/3/1 265/3/1
f 267/2/1 266/2/1 265/2/1
f 268/2/1 266/2/1 267/2/1
f 271/3/1 270/3/1 269/3/1
f 272/3/1 270/3/1 271/3/1
f 273/3/1 270/3/1 272/3/1
f 274/3/1 270/3/1 273/3/1
f 277/3/1 273/3/1 272/3/1
f 278/3/1 273/3/1 277/3/1
f 279/3/1 273/3/1 278/3/1
f 280/3/1 273/3/1 279/3/1
f 283/3/1 276/3/1 275/3/1
f 285/3/1 279/3/1 278/3/1
f 286/3/1 279/3/1 285/3/1
f 287/3/1 279/3/1 286/3/1
f 288/3/1 279/3/1 287/3/1
f 290/3/1 282/3/1 281/3/1
f 291/3/1 284/3/1 283/3/1
f 293/3/1 287/3/1 286/3/1
f 294/3/1 287/3/1 293/3/1
f 295/3/1 287/3/1 294/3/1
f 296/3/1 287/3/1 295/3/1
f 298/3/1 290/3/1 289/3/1
f 299/3/1 292/3/1 291/3/1
f 301/3/1 295/3/1 294/3/1
f 302/3/1 295/3/1 301/3/1
f 303/3/1 295/3/1 302/3/1
f 304/3/1 295/3/1 303/3/1
f 306/3/1 298/3/1 297/3/1
f 307/3/1 300/3/1 299/3/1
f 309/3/1 303/3/1 302/3/1
f 310/3/1 303/3/1 309/3/1
f 311/3/1 303/3/1 310/3/1
f 312/3/1 303/3/1 311/3/1
f 314/3/1 306/3/1 305/3/1
f 315/3/1 308/3/1 307/3/1
f 317/3/1 311/3/1 310/3/1
f 318/3/1 311/3/1 317/3/1
f 319/3/1 311/3/1 318/3/1
f 320/3/1 311/3/1 319/3/1
f 322/3/1 314/3/1 313/3/1
f 323/3/1 316/3/1 315/3/1
f 325/3/1 319/3/1 318/3/1
f 326/3/1 319/3/1 325/3/1
f 327/3/1 319/3/1 326/3/1
f 328/3/1 319/3/1 327/3/1
f 330/3/1 322/3/1 321/3/1
f 331/3/1 324/3/1 323/3/1
f 333/3/1 327/3/1 326/3/1
f 334/3/1 327/3/1 333/3/1
f 335/3/1 327/3/1 334/3/1
f 336/3/1 327/3/1 335/3/1
f 338/3/1 330/3/1 329/3/1
f 339/3/1 332/3/1 331/3/1
f 341/3/1 335/3/1 334/3/1
f 342/3/1 335/3/1 341/3/1
f 343/3/1 335/3/1 342/3/1
f 344/3/1 335/3/1 343/3/1
f 346/3/1 338/3/1 337/3/1
f 347/3/1 340/3/1 339/3/1
f 349/3/1 343/3/1 342/3/1
f 350/3/1 343/3/1 349/3/1
f 351/3/1 343/3/1 350/3/1
f 352/3/1 343/3/1 351/3/1
f 354/3/1 346/3/1 345/3/1
f 355/3/1 348/3/1 347/3/1
f 357/3/1 351/3/1 350/3/1
f 358/3/1 351/3/1 357/3/1
f 359/3/1 351/3/1 358/3/1
f 360/3/1 351/3/1 359/3/1
f 362/3/1 354/3/1 353/3/1
f 363/3/1 356/3/1 355/3/1
f 365/3/1 359/3/1 358/3/1
f 366/3/1 359/3/1 365/3/1
f 367/3/1 359/3/1 366/3/1
f 368/3/1 359/3/1 367/3/1
f 370/3/1 362/3/1 361/3/1
f 371/3/1 364/3/1 363/3/1
f 373/3/1 367/3/1 366/3/1
f 374/3/1 367/3/1 373/3/1
f 375/3/1 367/3/1 374/3/1
f 376/3/1 367/3/1 375/3/1
f 378/3/1 370/3/1 369/3/1
f 379/3/1 372/3/1 371/3/1
f 381/3/1 375/3/1 374/3/1
f 382/3/1 375/3/1 381/3/1
f 383/3/1 375/3/1 382/3/1
f 384/3/1 375/3/1 383/3/1
f 386/3/1 378/3/1 377/3/1
f 387/3/1 380/3/1 379/3/1
f 389/3/1 383/3/1 382/3/1
f 390/3/1 383/3/1 389/3/1
f 392/3/1 386/3/1 385/3/1
f 393/3/1 388/3/1 387/3/1
f 396/3/1 392/3/1 391/3/1
f 397/3/1 394/3/1 393/3/1
f 397/3/1 393/3/1 387/3/1
f 398/3/1 394/3/1 397/3/1
f 399/3/1 396/3/1 395/3/1
f 400/3/1 392/3/1 396/3/1
f 400/3/1 396/3/1 399/3/1
f 401/3/1 387/3/1 379/3/1
f 401/3/1 397/3/1 387/3/1
f 402/3/1 397/3/1 401/3/1
f 405/3/1 392/3/1 400/3/1
f 406/3/1 386/3/1 392/3/1
f 406/3/1 392/3/1 405/3/1
f 407/3/1 379/3/1 371/3/1
f 407/3/1 401/3/1 379/3/1
f 408/3/1 401/3/1 407/3/1
f 410/3/1 404/3/1 403/3/1
f 411/3/1 404/3/1 410/3/1
f 413/3/1 386/3/1 406/3/1
f 414/3/1 378/3/1 386/3/1
f 414/3/1 386/3/1 413/3/1
f 415/3/1 371/3/1 363/3/1
f 415/3/1 407/3/1 371/3/1
f 416/3/1 407/3/1 415/3/1
f 418/3/1 411/3/1 410/3/1
f 418/3/1 412/3/1 411/3/1
f 418/3/1 410/3/1 409/3/1
f 419/3/1 412/3/1 418/3/1
f 421/3/1 378/3/1 414/3/1
f 422/3/1 370/3/1 378/3/1
f 422/3/1 378/3/1 421/3/1
f 423/3/1 363/3/1 355/3/1
f 423/3/1 415/3/1 363/3/1
f 424/3/1 415/3/1 423/3/1
f 426/3/1 420/3/1 419/3/1
f 426/3/1 419/3/1 418/3/1
f 426/3/1 418/3/1 417/3/1
f 427/3/1 420/3/1 426/3/1
f 429/3/1 370/3/1 422/3/1
f 430/3/1 362/3/1 370/3/1
f 430/3/1 370/3/1 429/3/1
f 431/3/1 355/3/1 347/3/1
f 431/3/1 423/3/1 355/3/1
f 432/3/1 423/3/1 431/3/1
f 434/3/1 427/3/1 426/3/1
f 434/3/1 428/3/1 427/3/1
f 434/3/1 426/3/1 425/3/1
f 435/3/1 428/3/1 434/3/1
f 437/3/1 362/3/1 430/3/1
f 438/3/1 354/3/1 362/3/1
f 438/3/1 362/3/1 437/3/1
f 439/3/1 347/3/1 339/3/1
f 439/3/1 431/3/1 347/3/1
f 440/3/1 431/3/1 439/3/1
f 442/3/1 436/3/1 435/3/1
f 442/3/1 435/3/1 434/3/1
f 442/3/1 434/3/1 433/3/1
f 443/3/1 436/3/1 442/3/1
f 445/3/1 354/3/1 438/3/1
f 446/3/1 346/3/1 354/3/1
f 446/3/1 354/3/1 445/3/1
f 447/3/1 339/3/1 331/3/1
f 447/3/1 439/3/1 339/3/1
f 448/3/1 439/3/1 447/3/1
f 450/3/1 443/3/1 442/3/1
f 450/3/1 444/3/1 443/3/1
f 450/3/1 442/3/1 441/3/1
f 451/3/1 444/3/1 450/3/1
f 453/3/1 346/3/1 446/3/1
f 454/3/1 338/3/1 346/3/1
f 454/3/1 346/3/1 453/3/1
f 455/3/1 331/3/1 323/3/1
f 455/3/1 447/3/1 331/3/1
f 456/3/1 447/3/1 455/3/1
f 458/3/1 452/3/1 451/3/1
f 458/3/1 451/3/1 450/3/1
f 458/3/1 450/3/1 449/3/1
f 459/3/1 452/3/1 458/3/1
f 461/3/1 338/3/1 454/3/1
f 462/3/1 330/3/1 338/3/1
f 462/3/1 338/3/1 461/3/1
f 463/3/1 323/3/1 315/3/1
f 463/3/1 455/3/1 323/3/1
f 464/3/1 455/3/1 463/3/1
f 466/3/1 459/3/1 458/3/1
f 466/3/1 460/3/1 459/3/1
f 466/3/1 458/3/1 457/3/1
f 467/3/1 460/3/1 466/3/1
f 469/3/1 330/3/1 462/3/1
f 470/3/1 322/3/1 330/3/1
f 470/3/1 330/3/1 469/3/1
f 471/3/1 315/3/1 307/3/1
f 471/3/1 463/3/1 315/3/1
f 472/3/1 463/3/1 471/3/1
f 474/3/1 468/3/1 467/3/1
f 474/3/1 467/3/1 466/3/1
f 474/3/1 466/3/1 465/3/1
f 475/3/1 468/3/1 474/3/1
f 477/3/1 322/3/1 470/3/1
f 478/3/1 314/3/1 322/3/1
f 478/3/1 322/3/1 477/3/1
f 479/3/1 307/3/1 299/3/1
f 479/3/1 471/3/1 307/3/1
f 480/3/1 471/3/1 479/3/1
f 482/3/1 475/3/1 474/3/1
f 482/3/1 476/3/1 475/3/1
f 482/3/1 474/3/1 473/3/1
f 483/3/1 476/3/1 482/3/1
f 485/3/1 314/3/1 478/3/1
f 486/3/1 306/3/1 314/3/1
f 486/3/1 314/3/1 485/3/1
f 487/3/1 299/3/1 291/3/1
f 487/3/1 479/3/1 299/3/1
f 488/3/1 479/3/1 487/3/1
f 490/3/1 484/3/1 483/3/1
f 490/3/1 483/3/1 482/3/1
f 490/3/1 482/3/1 481/3/1
f 491/3/1 484/3/1 490/3/1
f 493/3/1 306/3/1 486/3/1
f 494/3/1 298/3/1 306/3/1
f 494/3/1 306/3/1 493/3/1
f 495/3/1 291/3/1 283/3/1
f 495/3/1 487/3/1 291/3/1
f 496/3/1 487/3/1 495/3/1
f 498/3/1 491/3/1 490/3/1
f 498/3/1 492/3/1 491/3/1
f 498/3/1 490/3/1 489/3/1
f 499/3/1 492/3/1 498/3/1
f 501/3/1 298/3/1 494/3/1
f 502/3/1 290/3/1 298/3/1
f 502/3/1 298/3/1 501/3/1
f 503/3/1 283/3/1 275/3/1
f 503/3/1 495/3/1 283/3/1
f 504/3/1 495/3/1 503/3/1
f 506/3/1 500/3/1 499/3/1
f 506/3/1 499/3/1 498/3/1
f 506/3/1 498/3/1 497/3/1
f 507/3/1 500/3/1 506/3/1
f 509/3/1 290/3/1 502/3/1
f 510/3/1 282/3/1 290/3/1
f 510/3/1 290/3/1 509/3/1
f 511/3/1 503/3/1 275/3/1
f 512/3/1 503/3/1 511/3/1
f 514/3/1 508/3/1 507/3/1
f 514/3/1 507/3/1 506/3/1
f 514/3/1 506/3/1 505/3/1
f 515/3/1 508/3/1 514/3/1
f 517/3/1 282/3/1 510/3/1
f 518/3/1 282/3/1 517/3/1
f 520/3/1 516/3/1 515/3/1
f 520/3/1 514/3/1 513/3/1
f 520/3/1 515/3/1 514/3/1
f 521/3/1 516/3/1 520/3/1
f 523/3/1 520/3/1 519/3/1
f 523/3/1 522/3/1 521/3/1
f 523/3/1 521/3/1 520/3/1
f 524/3/1 522/3/1 523/3/1
f 529/2/1 526/2/1 525/2/1
f 530/2/1 526/2/1 529/2/1
f 531/2/1 528/2/1 527/2/1
f 532/2/1 528/2/1 531/2/1
f 537/2/1 534/2/1 533/2/1
f 538/2/1 534/2/1 537/2/1
f 539/2/1 536/2/1 535/2/1
f 540/2/1 536/2/1 539/2/1
f 545/2/1 542/2/1 541/2/1
f 546/2/1 542/2/1 545/2/1
f 547/2/1 544/2/1 543/2/1
f 548/2/1 544/2/1 547/2/1
f 553/2/1 550/2/1 549/2/1
f 554/2/1 550/2/1 553/2/1
f 555/2/1 552/2/1 551/2/1
f 556/2/1 552/2/1 555/2/1
f 561/2/1 558/2/1 557/2/1
f 562/2/1 558/2/1 561/2/1
f 563/2/1 560/2/1 559/2/1
f 564/2/1 560/2/1 563/2/1
f 569/2/1 566/2/1 565/2/1
f 570/2/1 566/2/1 569/2/1
f 571/2/1 568/2/1 567/2/1
f 572/2/1 568/2/1 571/2/1
f 577/2/1 574/2/1 573/2/1
f 578/2/1 574/2/1 577/2/1
f 579/2/1 576/2/1 575/2/1
f 580/2/1 576/2/1 579/2/1
f 585/2/1 582/2/1 581/2/1
f 586/2/1 582/2/1 585/2/1
f 587/2/1 584/2/1 583/2/1
f 588/2/1 584/2/1 587/2/1
f 593/2/1 590/2/1 589/2/1
f 594/2/1 590/2/1 593/2/1
f 595/2/1 592/2/1 591/2/1
f 596/2/1 592/2/1 595/2/1
f 601/2/1 598/2/1 597/2/1
f 602/2/1 598/2/1 601/2/1
f 603/2/1 600/2/1 599/2/1
f 604/2/1 600/2/1 603/2/1
f 609/2/1 606/2/1 605/2/1
f 610/2/1 606/2/1 609/2/1
f 611/2/1 608/2/1 607/2/1
f 612/2/1 608/2/1 611/2/1
f 617/2/1 614/2/1 613/2/1
f 618/2/1 614/2/1 617/2/1
f 619/2/1 616/2/1 615/2/1
f 620/2/1 616/2/1 619/2/1
f 625/2/1 622/2/1 621/2/1
f 626/2/1 622/2/1 625/2/1
f 627/2/1 624/2/1 623/2/1
f 628/2/1 624/2/1 627/2/1
f 633/2/1 630/2/1 629/2/1
f 634/2/1 630/2/1 633/2/1
f 635/2/1 632/2/1 631/2/1
f 636/2/1 632/2/1 635/2/1
f 641/2/1 638/2/1 637/2/1
f 642/2/1 638/2/1 641/2/1
f 643/2/1 640/2/1 639/2/1
f 644/2/1 640/2/1 643/2/1
f 649/2/1 646/2/1 645/2/1
f 650/2/1 646/2/1 649/2/1
f 651/2/1 648/2/1 647/2/1
f 652/2/1 648/2/1 651/2/1
f 657/2/1 654/2/1 653/2/1
f 658/2/1 654/2/1 657/2/1
f 659/2/1 656/2/1 655/2/1
f 660/2/1 656/2/1 659/2/1
f 665/2/1 662/2/1 661/2/1
f 666/2/1 662/2/1 665/2/1
f 667/2/1 664/2/1 663/2/1
f 668/2/1 664/2/1 667/2/1
f 673/2/1 670/2/1 669/2/1
f 674/2/1 670/2/1 673/2/1
f 675/2/1 672/2/1 671/2/1
f 676/2/1 672/2/1 675/2/1
f 681/2/1 678/2/1 677/2/1
f 682/2/1 678/2/1 681/2/1
f 683/2/1 680/2/1 679/2/1
f 684/2/1 680/2/1 683/2/1
f 689/2/1 686/2/1 685/2/1
f 690/2/1 686/2/1 689/2/1
f 691/2/1 688/2/1 687/2/1
f 692/2/1 688/2/1 691/2/1
f 697/2/1 694/2/1 693/2/1
f 698/2/1 694/2/1 697/2/1
f 699/2/1 696/2/1 695/2/1
f 700/2/1 696/2/1 699/2/1
f 705/2/1 702/2/1 701/2/1
f 706/2/1 702/2/1 705/2/1
f 707/2/1 704/2/1 703/2/1
f 708/2/1 704/2/1 707/2/1
f 713/2/1 710/2/1 709/2/1
f 714/2/1 710/2/1 713/2/1
f 715/2/1 712/2/1 711/2/1
f 716/2/1 712/2/1 715/2/1
f 721/2/1 718/2/1 717/2/1
f 722/2/1 718/2/1 721/2/1
f 723/2/1 720/2/1 719/2/1
f 724/2/1 720/2/1 723/2/1
f 729/2/1 726/2/1 725/2/1
f 730/2/1 726/2/1 729/2/1
f 731/2/1 728/2/1 727/2/1
f 732/2/1 728/2/1 731/2/1
f 737/2/1 734/2/1 733/2/1
f 738/2/1 734/2/1 737/2/1
f 739/2/1 736/2/1 735/2/1
f 740/2/1 736/2/1 739/2/1
f 745/2/1 742/2/1 741/2/1
f 746/2/1 742/2/1 745/2/1
f 747/2/1 744/2/1 743/2/1
f 748/2/1 744/2/1 747/2/1
f 753/2/1 750/2/1 749/2/1
f 754/2/1 750/2/1 753/2/1
f 755/2/1 752/2/1 751/2/1
f 756/2/1 752/2/1 755/2/1
f 761/2/1 758/2/1 757/2/1
f 762/2/1 758/2/1 761/2/1
f 763/2/1 760/2/1 759/2/1
f 764/2/1 760/2/1 763/2/1
f 769/2/1 766/2/1 765/2/1
f 770/2/1 766/2/1 769/2/1
f 771/2/1 768/2/1 767/2/1
f 772/2/1 768/2/1 771/2/1
f 777/2/1 774/2/1 773/2/1
f 778/2/1 774/2/1 777/2/1
f 779/2/1 776/2/1 775/2/1
f 780/2/1 776/2/1 779/2/1
f 785/2/1 782/2/1 781/2/1
f 786/2/1 782/2/1 785/2/1
f 787/2/1 784/2/1 783/2/1
f 788/2/1 784/2/1 787/2/1
f 793/2/1 790/2/1 789/2/1
f 794/2/1 790/2/1 793/2/1
f 795/2/1 792/2/1 791/2/1
f 796/2/1 792/2/1 795/2/1
f 801/2/1 798/2/1 797/2/1
f 802/2/1 798/2/1 801/2/1
f 803/2/1 800/2/1 799/2/1
f 804/2/1 800/2/1 803/2/1
f 809/2/1 806/2/1 805/2/1
f 810/2/1 806/2/1 809/2/1
f 811/2/1 808/2/1 807/2/1
f 812/2/1 808/2/1 811/2/1
f 817/2/1 814/2/1 813/2/1
f 818/2/1 814/2/1 817/2/1
f 819/2/1 816/2/1 815/2/1
f 820/2/1 816/2/1 819/2/1
f 825/2/1 822/2/1 821/2/1
f 826/2/1 822/2/1 825/2/1
f 827/2/1 824/2/1 823/2/1
f 828/2/1 824/2/1 827/2/1
f 833/2/1 830/2/1 829/2/1
f 834/2/1 830/2/1 833/2/1
f 835/2/1 832/2/1 831/2/1
f 836/2/1 832/2/1 835/2/1
f 841/2/1 838/2/1 837/2/1
f 842/2/1 838/2/1 841/2/1
f 843/2/1 840/2/1 839/2/1
f 844/2/1 840/2/1 843/2/1
f 849/2/1 846/2/1 845/2/1
f 850/2/1 846/2/1 849/2/1
f 851/2/1 848/2/1 847/2/1
f 852/2/1 848/2/1 851/2/1
f 857/2/1 854/2/1 853/2/1
f 858/2/1 854/2/1 857/2/1
f 859/2/1 856/2/1 855/2/1
f 860/2/1 856/2/1 859/2/1
f 865/2/1 862/2/1 861/2/1
f 866/2/1 862/2/1 865/2/1
f 867/2/1 864/2/1 863/2/1
f 868/2/1 864/2/1 867/2/1
f 873/2/1 870/2/1 869/2/1
f 874/2/1 870/2/1 873/2/1
f 875/2/1 872/2/1 871/2/1
f 876/2/1 872/2/1 875/2/1
f 881/2/1 878/2/1 877/2/1
f 882/2/1 878/2/1 881/2/1
f 883/2/1 880/2/1 879/2/1
f 884/2/1 880/2/1 883/2/1
f 889/2/1 886/2/1 885/2/1
f 890/2/1 886/2/1 889/2/1
f 891/2/1 888/2/1 887/2/1
f 892/2/1 888/2/1 891/2/1
f 897/2/1 894/2/1 893/2/1
f 898/2/1 894/2/1 897/2/1
f 899/2/1 896/2/1 895/2/1
f 900/2/1 896/2/1 899/2/1
f 905/2/1 902/2/1 901/2/1
f 906/2/1 902/2/1 905/2/1
f 907/2/1 904/2/1 903/2/1
f 908/2/1 904/2/1 907/2/1
f 913/2/1 910/2/1 909/2/1
f 914/2/1 910/2/1 913/2/1
f 915/2/1 912/2/1 911/2/1
f 916/2/1 912/2/1 915/2/1
f 921/2/1 918/2/1 917/2/1
f 922/2/1 918/2/1 921/2/1
f 923/2/1 920/2/1 919/2/1
f 924/2/1 920/2/1 923/2/1
f 929/2/1 926/2/1 925/2/1
f 930/2/1 926/2/1 929/2/1
f 931/2/1 928/2/1 927/2/1
f 932/2/1 928/2/1 931/2/1
f 937/2/1 934/2/1 933/2/1
f 938/2/1 934/2/1 937/2/1
f 939/2/1 936/2/1 935/2/1
f 940/2/1 936/2/1 939/2/1
f 945/2/1 942/2/1 941/2/1
f 946/2/1 942/2/1 945/2/1
f 947/2/1 944/2/1 943/2/1
f 948/2/1 944/2/1 947/2/1
f 953/2/1 950/2/1 949/2/1
f 954/2/1 950/2/1 953/2/1
f 955/2/1 952/2/1 951/2/1
f 956/2/1 952/2/1 955/2/1
f 961/2/1 958/2/1 957/2/1
f 962/2/1 958/2/1 961/2/1
f 963/2/1 960/2/1 959/2/1
f 964/2/1 960/2/1 963/2/1
f 969/2/1 966/2/1 965/2/1
f 970/2/1 966/2/1 969/2/1
f 971/2/1 968/2/1 967/2/1
f 972/2/1 968/2/1 971/2/1
f 977/2/1 974/2/1 973/2/1
f 978/2/1 974/2/1 977/2/1
f 979/2/1 976/2/1 975/2/1
f 980/2/1 976/2/1 979/2/1
f 985/2/1 982/2/1 981/2/1
f 986/2/1 982/2/1 985/2/1
f 987/2/1 984/2/1 983/2/1
f 988/2/1 984/2/1 987/2/1
f 993/2/1 990/2/1 989/2/1
f 994/2/1 990/2/1 993/2/1
f 995/2/1 992/2/1 991/2/1
f 996/2/1 992/2/1 995/2/1
f 1001/2/1 998/2/1 997/2/1
f 1002/2/1 998/2/1 1001/2/1
f 1003/2/1 1000/2/1 999/2/1
f 1004/2/1 1000/2/1 1003/2/1
f 1007/2/1 1006/2/1 1005/2/1
f 1008/2/1 1006/2/1 1007/2/1
f 1013/2/1 1010/2/1 1009/2/1
f 1014/2/1 1010/2/1 1013/2/1
f 1015/2/1 1012/2/1 1011/2/1
f 1016/2/1 1012/2/1 1015/2/1
f 1019/2/1 1018/2/1 1017/2/1
f 1020/2/1 1018/2/1 1019/2/1
f 1025/2/1 1022/2/1 1021/2/1
f 1026/2/1 1022/2/1 1025/2/1
f 1027/2/1 1024/2/1 1023/2/1
f 1028/2/1 1024/2/1 1027/2/1
f 1033/2/1 1030/2/1 1029/2/1
f 1034/2/1 1030/2/1 1033/2/1
f 1035/2/1 1032/2/1 1031/2/1
f 1036/2/1 1032/2/1 1035/2/1
f 1041/2/1 1038/2/1 1037/2/1
f 1042/2/1 1038/2/1 1041/2/1
f 1043/2/1 1040/2/1 1039/2/1
f 1044/2/1 1040/2/1 1043/2/1
f 1049/2/1 1046/2/1 1045/2/1
f 1050/2/1 1046/2/1 1049/2/1
f 1051/2/1 1048/2/1 1047/2/1
f 1052/2/1 1048/2/1 1051/2/1
f 1057/2/1 1054/2/1 1053/2/1
f 1058/2/1 1054/2/1 1057/2/1
f 1059/2/1 1056/2/1 1055/2/1
f 1060/2/1 1056/2/1 1059/2/1
f 1065/2/1 1062/2/1 1061/2/1
f 1066/2/1 1062/2/1 1065/2/1
f 1067/2/1 1064/2/1 1063/2/1
f 1068/2/1 1064/2/1 1067/2/1
f 1073/2/1 1070/2/1 1069/2/1
f 1074/2/1 1070/2/1 1073/2/1
f 1075/2/1 1072/2/1 1071/2/1
f 1076/2/1 1072/2/1 1075/2/1
f 1081/2/1 1078/2/1 1077/2/1
f 1082/2/1 1078/2/1 1081/2/1
f 1083/2/1 1080/2/1 1079/2/1
f 1084/2/1 1080/2/1 1083/2/1
f 1089/2/1 1086/2/1 1085/2/1
f 1090/2/1 1086/2/1 1089/2/1
f 1091/2/1 1088/2/1 1087/2/1
f 1092/2/1 1088/2/1 1091/2/1
f 1097/2/1 1094/2/1 1093/2/1
f 1098/2/1 1094/2/1 1097/2/1
f 1099/2/1 1096/2/1 1095/2/1
f 1100/2/1 1096/2/1 1099/2/1
f 1105/2/1 1102/2/1 1101/2/1
f 1106/2/1 1102/2/1 1105/2/1
f 1107/2/1 1104/2/1 1103/2/1
f 1108/2/1 1104/2/1 1107/2/1
f 1113/2/1 1110/2/1 1109/2/1
f 1114/2/1 1110/2/1 1113/2/1
f 1115/2/1 1112/2/1 1111/2/1
f 1116/2/1 1112/2/1 1115/2/1
f 1121/2/1 1118/2/1 1117/2/1
f 1122/2/1 1118/2/1 1121/2/1
f 1123/2/1 1120/2/1 1119/2/1
f 1124/2/1 1120/2/1 1123/2/1
f 1129/2/1 1126/2/1 1125/2/1
f 1130/2/1 1126/2/1 1129/2/1
f 1131/2/1 1128/2/1 1127/2/1
f 1132/2/1 1128/2/1 1131/2/1
f 1137/2/1 1134/2/1 1133/2/1
f 1138/2/1 1134/2/1 1137/2/1
f 1139/2/1 1136/2/1 1135/2/1
f 1140/2/1 1136/2/1 1139/2/1
f 1145/2/1 1142/2/1 1141/2/1
f 1146/2/1 1142/2/1 1145/2/1
f 1147/2/1 1144/2/1 1143/2/1
f 1148/2/1 1144/2/1 1147/2/1
f 1153/2/1 1150/2/1 1149/2/1
f 1154/2/1 1150/2/1 1153/2/1
f 1155/2/1 1152/2/1 1151/2/1
f 1156/2/1 1152/2/1 1155/2/1
f 1161/2/1 1158/2/1 1157/2/1
f 1162/2/1 1158/2/1 1161/2/1
f 1163/2/1 1160/2/1 1159/2/1
f 1164/2/1 1160/2/1 1163/2/1
f 1169/2/1 1166/2/1 1165/2/1
f 1170/2/1 1166/2/1 1169/2/1
f 1171/2/1 1168/2/1 1167/2/1
f 1172/2/1 1168/2/1 1171/2/1
f 1177/2/1 1174/2/1 1173/2/1
f 1178/2/1 1174/2/1 1177/2/1
f 1179/2/1 1176/2/1 1175/2/1
f 1180/2/1 1176/2/1 1179/2/1
f 1185/2/1 1182/2/1 1181/2/1
f 1186/2/1 1182/2/1 1185/2/1
f 1187/2/1 1184/2/1 1183/2/1
f 1188/2/1 1184/2/1 1187/2/1
f 1193/2/1 1190/2/1 1189/2/1
f 1194/2/1 1190/2/1 1193/2/1
f 1195/2/1 1192/2/1 1191/2/1
f 1196/2/1 1192/2/1 1195/2/1
f 1201/2/1 1198/2/1 1197/2/1
f 1202/2/1 1198/2/1 1201/2/1
f 1203/2/1 1200/2/1 1199/2/1
f 1204/2/1 1200/2/1 1203/2/1
f 1209/2/1 1206/2/1 1205/2/1
f 1210/2/1 1206/2/1 1209/2/1
f 1211/2/1 1208/2/1 1207/2/1
f 1212/2/1 1208/2/1 1211/2/1
f 1217/2/1 1214/2/1 1213/2/1
f 1218/2/1 1214/2/1 1217/2/1
f 1219/2/1 1216/2/1 1215/2/1
f 1220/2/1 1216/2/1 1219/2/1
f 1225/2/1 1222/2/1 1221/2/1
f 1226/2/1 1222/2/1 1225/2/1
f 1227/2/1 1224/2/1 1223/2/1
f 1228/2/1 1224/2/1 1227/2/1
f 1233/2/1 1230/2/1 1229/2/1
f 1234/2/1 1230/2/1 1233/2/1
f 1235/2/1 1232/2/1 1231/2/1
f 1236/2/1 1232/2/1 1235/2/1
f 1241/2/1 1238/2/1 1237/2/1
f 1242/2/1 1238/2/1 1241/2/1
f 1243/2/1 1240/2/1 1239/2/1
f 1244/2/1 1240/2/1 1243/2/1
f 1249/2/1 1246/2/1 1245/2/1
f 1250/2/1 1246/2/1 1249/2/1
f 1251/2/1 1248/2/1 1247/2/1
f 1252/2/1 1248/2/1 1251/2/1
f 1257/2/1 1254/2/1 1253/2/1
f 1258/2/1 1254/2/1 1257/2/1
f 1259/2/1 1256/2/1 1255/2/1
f 1260/2/1 1256/2/1 1259/2/1
f 1265/2/1 1262/2/1 1261/2/1
f 1266/2/1 1262/2/1 1265/2/1
f 1267/2/1 1264/2/1 1263/2/1
f 1268/2/1 1264/2/1 1267/2/1
f 1273/2/1 1270/2/1 1269/2/1
f 1274/2/1 1270/2/1 1273/2/1
f 1275/2/1 1272/2/1 1271/2/1
f 1276/2/1 1272/2/1 1275/2/1
f 1281/2/1 1278/2/1 1277/2/1
f 1282/2/1 1278/2/1 1281/2/1
f 1283/2/1 1280/2/1 1279/2/1
f 1284/2/1 1280/2/1 1283/2/1
f 1289/2/1 1286/2/1 1285/2/1
f 1290/2/1 1286/2/1 1289/2/1
f 1291/2/1 1288/2/1 1287/2/1
f 1292/2/1 1288/2/1 1291/2/1
f 1297/2/1 1294/2/1 1293/2/1
f 1298/2/1 1294/2/1 1297/2/1
f 1299/2/1 1296/2/1 1295/2/1
f 1300/2/1 1296/2/1 1299/2/1
f 1305/2/1 1302/2/1 1301/2/1
f 1306/2/1 1302/2/1 1305/2/1
f 1307/2/1 1304/2/1 1303/2/1
f 1308/2/1 1304/2/1 1307/2/1
f 1313/2/1 1310/2/1 1309/2/1
f 1314/2/1 1310/2/1 1313/2/1
f 1315/2/1 1312/2/1 1311/2/1
f 1316/2/1 1312/2/1 1315/2/1
f 1321/2/1 1318/2/1 1317/2/1
f 1322/2/1 1318/2/1 1321/2/1
f 1323/2/1 1320/2/1 1319/2/1
f 1324/2/1 1320/2/1 1323/2/1
f 1329/2/1 1326/2/1 1325/2/1
f 1330/2/1 1326/2/1 1329/2/1
f 1331/2/1 1328/2/1 1327/2/1
f 1332/2/1 1328/2/1 1331/2/1
f 1337/2/1 1334/2/1 1333/2/1
f 1338/2/1 1334/2/1 1337/2/1
f 1339/2/1 1336/2/1 1335/2/1
f 1340/2/1 1336/2/1 1339/2/1
f 1345/2/1 1342/2/1 1341/2/1
f 1346/2/1 1342/2/1 1345/2/1
f 1347/2/1 1344/2/1 1343/2/1
f 1348/2/1 1344/2/1 1347/2/1
f 1353/2/1 1350/2/1 1349/2/1
f 1354/2/1 1350/2/1 1353/2/1
f 1355/2/1 1352/2/1 1351/2/1
f 1356/2/1 1352/2/1 1355/2/1
f 1361/2/1 1358/2/1 1357/2/1
f 1362/2/1 1358/2/1 1361/2/1
f 1363/2/1 1360/2/1 1359/2/1
f 1364/2/1 1360/2/1 1363/2/1
f 1369/2/1 1366/2/1 1365/2/1
f 1370/2/1 1366/2/1 1369/2/1
f 1371/2/1 1368/2/1 1367/2/1
f 1372/2/1 1368/2/1 1371/2/1
f 1377/2/1 1374/2/1 1373/2/1
f 1378/2/1 1374/2/1 1377/2/1
f 1379/2/1 1376/2/1 1375/2/1
f 1380/2/1 1376/2/1 1379/2/1
f 1385/2/1 1382/2/1 1381/2/1
f 1386/2/1 1382/2/1 1385/2/1
f 1387/2/1 1384/2/1 1383/2/1
f 1388/2/1 1384/2/1 1387/2/1
f 1393/2/1 1390/2/1 1389/2/1
f 1394/2/1 1390/2/1 1393/2/1
f 1395/2/1 1392/2/1 1391/2/1
f 1396/2/1 1392/2/1 1395/2/1
f 1401/2/1 1398/2/1 1397/2/1
f 1402/2/1 1398/2/1 1401/2/1
f 1403/2/1 1400/2/1 1399/2/1
f 1404/2/1 1400/2/1 1403/2/1
f 1409/2/1 1406/2/1 1405/2/1
f 1410/2/1 1406/2/1 1409/2/1
f 1411/2/1 1408/2/1 1407/2/1
f 1412/2/1 1408/2/1 1411/2/1
f 1417/2/1 1414/2/1 1413/2/1
f 1418/2/1 1414/2/1 1417/2/1
f 1419/2/1 1416/2/1 1415/2/1
f 1420/2/1 1416/2/1 1419/2/1
f 1425/2/1 1422/2/1 1421/2/1
f 1426/2/1 1422/2/1 1425/2/1
f 1427/2/1 1424/2/1 1423/2/1
f 1428/2/1 1424/2/1 1427/2/1
f 1433/2/1 1430/2/1 1429/2/1
f 1434/2/1 1430/2/1 1433/2/1
f 1435/2/1 1432/2/1 1431/2/1
f 1436/2/1 1432/2/1 1435/2/1
f 1441/2/1 1438/2/1 1437/2/1
f 1442/2/1 1438/2/1 1441/2/1
f 1443/2/1 1440/2/1 1439/2/1
f 1444/2/1 1440/2/1 1443/2/1
f 1449/2/1 1446/2/1 1445/2/1
f 1450/2/1 1446/2/1 1449/2/1
f 1451/2/1 1448/2/1 1447/2/1
f 1452/2/1 1448/2/1 1451/2/1
f 1457/2/1 1454/2/1 1453/2/1
f 1458/2/1 1454/2/1 1457/2/1
f 1459/2/1 1456/2/1 1455/2/1
f 1460/2/1 1456/2/1 1459/2/1
f 1465/2/1 1462/2/1 1461/2/1
f 1466/2/1 1462/2/1 1465/2/1
f 1467/2/1 1464/2/1 1463/2/1
f 1468/2/1 1464/2/1 1467/2/1
f 1473/2/1 1470/2/1 1469/2/1
f 1474/2/1 1470/2/1 1473/2/1
f 1475/2/1 1472/2/1 1471/2/1
f 1476/2/1 1472/2/1 1475/2/1
f 1481/2/1 1478/2/1 1477/2/1
f 1482/2/1 1478/2/1 1481/2/1
f 1483/2/1 1480/2/1 1479/2/1
f 1484/2/1 1480/2/1 1483/2/1
f 1489/2/1 1486/2/1 1485/2/1
f 1490/2/1 1486/2/1 1489/2/1
f 1491/2/1 1488/2/1 1487/2/1
f 1492/2/1 1488/2/1 1491/2/1
f 1497/2/1 1494/2/1 1493/2/1
f 1498/2/1 1494/2/1 1497/2/1
f 1499/2/1 1496/2/1 1495/2/1
f 1500/2/1 1496/2/1 1499/2/1
f 1505/2/1 1502/2/1 1501/2/1
f 1506/2/1 1502/2/1 1505/2/1
f 1507/2/1 1504/2/1 1503/2/1
f 1508/2/1 1504/2/1 1507/2/1
f 1513/2/1 1510/2/1 1509/2/1
f 1514/2/1 1510/2/1 1513/2/1
f 1515/2/1 1512/2/1 1511/2/1
f 1516/2/1 1512/2/1 1515/2/1
f 1521/2/1 1518/2/1 1517/2/1
f 1522/2/1 1518/2/1 1521/2/1
f 1523/2/1 1520/2/1 1519/2/1
f 1524/2/1 1520/2/1 1523/2/1
f 1529/2/1 1526/2/1 1525/2/1
f 1530/2/1 1526/2/1 1529/2/1
f 1531/2/1 1528/2/1 1527/2/1
f 1532/2/1 1528/2/1 1531/2/1
f 1535/2/1 1534/2/1 1533/2/1
f 1536/2/1 1534/2/1 1535/2/1
f 1541/3/1 1538/3/1 1537/3/1
f 1542/3/1 1538/3/1 1541/3/1
f 1543/3/1 1540/3/1 1539/3/1
f 1544/3/1 1540/3/1 1543/3/1
f 1547/2/1 1546/2/1 1545/2/1
f 1548/2/1 1546/2/1 1547/2/1
f 1549/2/2 1550/2/2 1551/2/2
f 1551/2/2 1550/2/2 1552/2/2
f 1553/2/2 1554/2/2 1557/2/2
f 1557/2/2 1554/2/2 1558/2/2
f 1555/2/2 1556/2/2 1559/2/2
f 1559/2/2 1556/2/2 1560/2/2
f 1561/2/2 1562/2/2 1563/2/2
f 1563/2/2 1562/2/2 1564/2/2
f 1565/2/2 1566/2/2 1569/2/2
f 1569/2/2 1566/2/2 1570/2/2
f 1567/2/2 1568/2/2 1571/2/2
f 1571/2/2 1568/2/2 1572/2/2
f 1573/2/2 1574/2/2 1577/2/2
f 1577/2/2 1574/2/2 1578/2/2
f 1575/2/2 1576/2/2 1579/2/2
f 1579/2/2 1576/2/2 1580/2/2
f 1581/2/2 1582/2/2 1585/2/2
f 1585/2/2 1582/2/2 1586/2/2
f 1583/2/2 1584/2/2 1587/2/2
f 1587/2/2 1584/2/2 1588/2/2
f 1589/2/2 1590/2/2 1593/2/2
f 1593/2/2 1590/2/2 1594/2/2
f 1591/2/2 1592/2/2 1595/2/2
f 1595/2/2 1592/2/2 1596/2/2
f 1597/2/2 1598/2/2 1601/2/2
f 1601/2/2 1598/2/2 1602/2/2
f 1599/2/2 1600/2/2 1603/2/2
f 1603/2/2 1600/2/2 1604/2/2
f 1605/2/2 1606/2/2 1609/2/2
f 1609/2/2 1606/2/2 1610/2/2
f 1607/2/2 1608/2/2 1611/2/2
f 1611/2/2 1608/2/2 1612/2/2
f 1613/2/2 1614/2/2 1617/2/2
f 1617/2/2 1614/2/2 1618/2/2
f 1615/2/2 1616/2/2 1619/2/2
f 1619/2/2 1616/2/2 1620/2/2
f 1621/2/2 1622/2/2 1625/2/2
f 1625/2/2 1622/2/2 1626/2/2
f 1623/2/2 1624/2/2 1627/2/2
f 1627/2/2 1624/2/2 1628/2/2
f 1629/2/2 1630/2/2 1633/2/2
f 1633/2/2 1630/2/2 1634/2/2
f 1631/2/2 1632/2/2 1635/2/2
f 1635/2/2 1632/2/2 1636/2/2
f 1637/2/2 1638/2/2 1641/2/2
f 1641/2/2 1638/2/2 1642/2/2
f 1639/2/2 1640/2/2 1643/2/2
f 1643/2/2 1640/2/2 1644/2/2
f 1645/2/2 1646/2/2 1649/2/2
f 1649/2/2 1646/2/2 1650/2/2
f 1647/2/2 1648/2/2 1651/2/2
f 1651/2/2 1648/2/2 1652/2/2
f 1653/2/2 1654/2/2 1657/2/2
f 1657/2/2 1654/2/2 1658/2/2
f 1655/2/2 1656/2/2 1659/2/2
f 1659/2/2 1656/2/2 1660/2/2
f 1661/2/2 1662/2/2 1665/2/2
f 1665/2/2 1662/2/2 1666/2/2
f 1663/2/2 1664/2/2 1667/2/2
f 1667/2/2 1664/2/2 1668/2/2
f 1669/2/2 1670/2/2 1673/2/2
f 1673/2/2 1670/2/2 1674/2/2
f 1671/2/2 1672/2/2 1675/2/2
f 1675/2/2 1672/2/2 1676/2/2
f 1677/2/2 1678/2/2 1681/2/2
f 1681/2/2 1678/2/2 1682/2/2
f 1679/2/2 1680/2/2 1683/2/2
f 1683/2/2 1680/2/2 1684/2/2
f 1685/2/2 1686/2/2 1689/2/2
f 1689/2/2 1686/2/2 1690/2/2
f 1687/2/2 1688/2/2 1691/2/2
f 1691/2/2 1688/2/2 1692/2/2
f 1693/2/2 1694/2/2 1697/2/2
f 1697/2/2 1694/2/2 1698/2/2
f 1695/2/2 1696/2/2 1699/2/2
f 1699/2/2 1696/2/2 1700/2/2
f 1701/2/2 1702/2/2 1705/2/2
f 1705/2/2 1702/2/2 1706/2/2
f 1703/2/2 1704/2/2 1707/2/2
f 1707/2/2 1704/2/2 1708/2/2
f 1709/2/2 1710/2/2 1713/2/2
f 1713/2/2 1710/2/2 1714/2/2
f 1711/2/2 1712/2/2 1715/2/2
f 1715/2/2 1712/2/2 1716/2/2
f 1717/2/2 1718/2/2 1721/2/2
f 1721/2/2 1718/2/2 1722/2/2
f 1719/2/2 1720/2/2 1723/2/2
f 1723/2/2 1720/2/2 1724/2/2
f 1725/2/2 1726/2/2 1729/2/2
f 1729/2/2 1726/2/2 1730/2/2
f 1727/2/2 1728/2/2 1731/2/2
f 1731/2/2 1728/2/2 1732/2/2
f 1733/2/2 1734/2/2 1737/2/2
f 1737/2/2 1734/2/2 1738/2/2
f 1735/2/2 1736/2/2 1739/2/2
f 1739/2/2 1736/2/2 1740/2/2
f 1741/2/2 1742/2/2 1745/2/2
f 1745/2/2 1742/2/2 1746/2/2
f 1743/2/2 1744/2/2 1747/2/2
f 1747/2/2 1744/2/2 1748/2/2
f 1749/2/2 1750/2/2 1753/2/2
f 1753/2/2 1750/2/2 1754/2/2
f 1751/2/2 1752/2/2 1755/2/2
f 1755/2/2 1752/2/2 1756/2/2
f 1757/2/2 1758/2/2 1761/2/2
f 1761/2/2 1758/2/2 1762/2/2
f 1759/2/2 1760/2/2 1763/2/2
f 1763/2/2 1760/2/2 1764/2/2
f 1765/2/2 1766/2/2 1769/2/2
f 1769/2/2 1766/2/2 1770/2/2
f 1767/2/2 1768/2/2 1771/2/2
f 1771/2/2 1768/2/2 1772/2/2
f 1773/2/2 1774/2/2 1777/2/2
f 1777/2/2 1774/2/2 1778/2/2
f 1775/2/2 1776/2/2 1779/2/2
f 1779/2/2 1776/2/2 1780/2/2
f 1781/2/2 1782/2/2 1785/2/2
f 1785/2/2 1782/2/2 1786/2/2
f 1783/2/2 1784/2/2 1787/2/2
f 1787/2/2 1784/2/2 1788/2/2
f 1789/2/2 1790/2/2 1793/2/2
f 1793/2/2 1790/2/2 1794/2/2
f 1791/2/2 1792/2/2 1795/2/2
f 1795/2/2 1792/2/2 1796/2/2
f 1797/2/2 1798/2/2 1801/2/2
f 1801/2/2 1798/2/2 1802/2/2
f 1799/2/2 1800/2/2 1803/2/2
f 1803/2/2 1800/2/2 1804/2/2
f 1805/2/2 1806/2/2 1809/2/2
f 1809/2/2 1806/2/2 1810/2/2
f 1807/2/2 1808/2/2 1811/2/2
f 1811/2/2 1808/2/2 1812/2/2
f 1813/2/2 1814/2/2 1817/2/2
f 1817/2/2 1814/2/2 1818/2/2
f 1815/2/2 1816/2/2 1819/2/2
f 1819/2/2 1816/2/2 1820/2/2
f 1821/2/2 1822/2/2 1825/2/2
f 1825/2/2 1822/2/2 1826/2/2
f 1823/2/2 1824/2/2 1827/2/2
f 1827/2/2 1824/2/2 1828/2/2
f 1829/2/2 1830/2/2 1833/2/2
f 1833/2/2 1830/2/2 1834/2/2
f 1831/2/2 1832/2/2 1835/2/2
f 1835/2/2 1832/2/2 1836/2/2
f 1837/2/2 1838/2/2 1841/2/2
f 1841/2/2 1838/2/2 1842/2/2
f 1839/2/2 1840/2/2 1843/2/2
f 1843/2/2 1840/2/2 1844/2/2
f 1845/2/2 1846/2/2 1849/2/2
f 1849/2/2 1846/2/2 1850/2/2
f 1847/2/2 1848/2/2 1851/2/2
f 1851/2/2 1848/2/2 1852/2/2
f 1853/2/2 1854/2/2 1857/2/2
f 1857/2/2 1854/2/2 1858/2/2
f 1855/2/2 1856/2/2 1859/2/2
f 1859/2/2 1856/2/2 1860/2/2
f 1861/2/2 1862/2/2 1865/2/2
f 1865/2/2 1862/2/2 1866/2/2
f 1863/2/2 1864/2/2 1867/2/2
f 1867/2/2 1864/2/2 1868/2/2
f 1869/2/2 1870/2/2 1873/2/2
f 1873/2/2 1870/2/2 1874/2/2
f 1871/2/2 1872/2/2 1875/2/2
f 1875/2/2 1872/2/2 1876/2/2
f 1877/2/2 1878/2/2 1881/2/2
f 1881/2/2 1878/2/2 1882/2/2
f 1879/2/2 1880/2/2 1883/2/2
f 1883/2/2 1880/2/2 1884/2/2
f 1885/2/2 1886/2/2 1889/2/2
f 1889/2/2 1886/2/2 1890/2/2
f 1887/2/2 1888/2/2 1891/2/2
f 1891/2/2 1888/2/2 1892/2/2
f 1893/2/2 1894/2/2 1897/2/2
f 1897/2/2 1894/2/2 1898/2/2
f 1895/2/2 1896/2/2 1899/2/2
f 1899/2/2 1896/2/2 1900/2/2
f 1901/2/2 1902/2/2 1905/2/2
f 1905/2/2 1902/2/2 1906/2/2
f 1903/2/2 1904/2/2 1907/2/2
f 1907/2/2 1904/2/2 1908/2/2
f 1909/2/2 1910/2/2 1913/2/2
f 1913/2/2 1910/2/2 1914/2/2
f 1911/2/2 1912/2/2 1915/2/2
f 1915/2/2 1912/2/2 1916/2/2
f 1917/2/2 1918/2/2 1921/2/2
f 1921/2/2 1918/2/2 1922/2/2
f 1919/2/2 1920/2/2 1923/2/2
f 1923/2/2 1920/2/2 1924/2/2
f 1925/2/2 1926/2/2 1929/2/2
f 1929/2/2 1926/2/2 1930/2/2
f 1927/2/2 1928/2/2 1931/2/2
f 1931/2/2 1928/2/2 1932/2/2
f 1933/2/2 1934/2/2 1937/2/2
f 1937/2/2 1934/2/2 1938/2/2
f 1935/2/2 1936/2/2 1939/2/2
f 1939/2/2 1936/2/2 1940/2/2
f 1941/2/2 1942/2/2 1945/2/2
f 1945/2/2 1942/2/2 1946/2/2
f 1943/2/2 1944/2/2 1947/2/2
f 1947/2/2 1944/2/2 1948/2/2
f 1949/2/2 1950/2/2 1953/2/2
f 1953/2/2 1950/2/2 1954/2/2
f 1951/2/2 1952/2/2 1955/2/2
f 1955/2/2 1952/2/2 1956/2/2
f 1957/2/2 1958/2/2 1961/2/2
f 1961/2/2 1958/2/2 1962/2/2
f 1959/2/2 1960/2/2 1963/2/2
f 1963/2/2 1960/2/2 1964/2/2
f 1965/2/2 1966/2/2 1969/2/2
f 1969/2/2 1966/2/2 1970/2/2
f 1967/2/2 1968/2/2 1971/2/2
f 1971/2/2 1968/2/2 1972/2/2
f 1973/2/2 1974/2/2 1977/2/2
f 1977/2/2 1974/2/2 1978/2/2
f 1975/2/2 1976/2/2 1979/2/2
f 1979/2/2 1976/2/2 1980/2/2
f 1981/2/2 1982/2/2 1985/2/2
f 1985/2/2 1982/2/2 1986/2/2
f 1983/2/2 1984/2/2 1987/2/2
f 1987/2/2 1984/2/2 1988/2/2
f 1989/2/2 1990/2/2 1993/2/2
f 1993/2/2 1990/2/2 1994/2/2
f 1991/2/2 1992/2/2 1995/2/2
f 1995/2/2 1992/2/2 1996/2/2
f 1997/2/2 1998/2/2 2001/2/2
f 2001/2/2 1998/2/2 2002/2/2
f 1999/2/2 2000/2/2 2003/2/2
f 2003/2/2 2000/2/2 2004/2/2
f 2005/2/2 2006/2/2 2009/2/2
f 2009/2/2 2006/2/2 2010/2/2
f 2007/2/2 2008/2/2 2011/2/2
f 2011/2/2 2008/2/2 2012/2/2
f 2013/2/2 2014/2/2 2017/2/2
f 2017/2/2 2014/2/2 2018/2/2
f 2015/2/2 2016/2/2 2019/2/2
f 2019/2/2 2016/2/2 2020/2/2
f 2021/2/2 2022/2/2 2025/2/2
f 2025/2/2 2022/2/2 2026/2/2
f 2023/2/2 2024/2/2 2027/2/2
f 2027/2/2 2024/2/2 2028/2/2
f 2029/2/2 2030/2/2 2033/2/2
f 2033/2/2 2030/2/2 2034/2/2
f 2031/2/2 2032/2/2 2035/2/2
f 2035/2/2 2032/2/2 2036/2/2
f 2037/2/2 2038/2/2 2041/2/2
f 2041/2/2 2038/2/2 2042/2/2
f 2039/2/2 2040/2/2 2043/2/2
f 2043/2/2 2040/2/2 2044/2/2
f 2045/2/2 2046/2/2 2049/2/2
f 2049/2/2 2046/2/2 2050/2/2
f 2047/2/2 2048/2/2 2051/2/2
f 2051/2/2 2048/2/2 2052/2/2
f 2053/2/2 2054/2/2 2057/2/2
f 2057/2/2 2054/2/2 2058/2/2
f 2055/2/2 2056/2/2 2059/2/2
f 2059/2/2 2056/2/2 2060/2/2
f 2061/2/2 2062/2/2 2065/2/2
f 2065/2/2 2062/2/2 2066/2/2
f 2063/2/2 2064/2/2 2067/2/2
f 2067/2/2 2064/2/2 2068/2/2
f 2069/2/2 2070/2/2 2073/2/2
f 2073/2/2 2070/2/2 2074/2/2
f 2071/2/2 2072/2/2 2075/2/2
f 2075/2/2 2072/2/2 2076/2/2
f 2077/2/2 2078/2/2 2079/2/2
f 2079/2/2 2078/2/2 2080/2/2
f 2081/2/2 2082/2/2 2085/2/2
f 2085/2/2 2082/2/2 2086/2/2
f 2083/2/2 2084/2/2 2087/2/2
f 2087/2/2 2084/2/2 2088/2/2
f 2089/2/2 2090/2/2 2091/2/2
f 2091/2/2 2090/2/2 2092/2/2
f 2093/2/2 2094/2/2 2097/2/2
f 2097/2/2 2094/2/2 2098/2/2
f 2095/2/2 2096/2/2 2099/2/2
f 2099/2/2 2096/2/2 2100/2/2
f 2101/2/2 2102/2/2 2105/2/2
f 2105/2/2 2102/2/2 2106/2/2
f 2103/2/2 2104/2/2 2107/2/2
f 2107/2/2 2104/2/2 2108/2/2
f 2109/2/2 2110/2/2 2113/2/2
f 2113/2/2 2110/2/2 2114/2/2
f 2111/2/2 2112/2/2 2115/2/2
f 2115/2/2 2112/2/2 2116/2/2
f 2117/2/2 2118/2/2 2121/2/2
f 2121/2/2 2118/2/2 2122/2/2
f 2119/2/2 2120/2/2 2123/2/2
f 2123/2/2 2120/2/2 2124/2/2
f 2125/2/2 2126/2/2 2129/2/2
f 2129/2/2 2126/2/2 2130/2/2
f 2127/2/2 2128/2/2 2131/2/2
f 2131/2/2 2128/2/2 2132/2/2
f 2133/2/2 2134/2/2 2137/2/2
f 2137/2/2 2134/2/2 2138/2/2
f 2135/2/2 2136/2/2 2139/2/2
f 2139/2/2 2136/2/2 2140/2/2
f 2141/2/2 2142/2/2 2145/2/2
f 2145/2/2 2142/2/2 2146/2/2
f 2143/2/2 2144/2/2 2147/2/2
f 2147/2/2 2144/2/2 2148/2/2
f 2149/2/2 2150/2/2 2153/2/2
f 2153/2/2 2150/2/2 2154/2/2
f 2151/2/2 2152/2/2 2155/2/2
f 2155/2/2 2152/2/2 2156/2/2
f 2157/2/2 2158/2/2 2161/2/2
f 2161/2/2 2158/2/2 2162/2/2
f 2159/2/2 2160/2/2 2163/2/2
f 2163/2/2 2160/2/2 2164/2/2
f 2165/2/2 2166/2/2 2169/2/2
f 2169/2/2 2166/2/2 2170/2/2
f 2167/2/2 2168/2/2 2171/2/2
f 2171/2/2 2168/2/2 2172/2/2
f 2173/2/2 2174/2/2 2177/2/2
f 2177/2/2 2174/2/2 2178/2/2
f 2175/2/2 2176/2/2 2179/2/2
f 2179/2/2 2176/2/2 2180/2/2
f 2181/2/2 2182/2/2 2185/2/2
f 2185/2/2 2182/2/2 2186/2/2
f 2183/2/2 2184/2/2 2187/2/2
f 2187/2/2 2184/2/2 2188/2/2
f 2189/2/2 2190/2/2 2193/2/2
f 2193/2/2 2190/2/2 2194/2/2
f 2191/2/2 2192/2/2 2195/2/2
f 2195/2/2 2192/2/2 2196/2/2
f 2197/2/2 2198/2/2 2201/2/2
f 2201/2/2 2198/2/2 2202/2/2
f 2199/2/2 2200/2/2 2203/2/2
f 2203/2/2 2200/2/2 2204/2/2
f 2205/2/2 2206/2/2 2209/2/2
f 2209/2/2 2206/2/2 2210/2/2
f 2207/2/2 2208/2/2 2211/2/2
f 2211/2/2 2208/2/2 2212/2/2
f 2213/2/2 2214/2/2 2217/2/2
f 2217/2/2 2214/2/2 2218/2/2
f 2215/2/2 2216/2/2 2219/2/2
f 2219/2/2 2216/2/2 2220/2/2
f 2221/2/2 2222/2/2 2225/2/2
f 2225/2/2 2222/2/2 2226/2/2
f 2223/2/2 2224/2/2 2227/2/2
f 2227/2/2 2224/2/2 2228/2/2
f 2229/2/2 2230/2/2 2233/2/2
f 2233/2/2 2230/2/2 2234/2/2
f 2231/2/2 2232/2/2 2235/2/2
f 2235/2/2 2232/2/2 2236/2/2
f 2237/2/2 2238/2/2 2241/2/2
f 2241/2/2 2238/2/2 2242/2/2
f 2239/2/2 2240/2/2 2243/2/2
f 2243/2/2 2240/2/2 2244/2/2
f 2245/2/2 2246/2/2 2249/2/2
f 2249/2/2 2246/2/2 2250/2/2
f 2247/2/2 2248/2/2 2251/2/2
f 2251/2/2 2248/2/2 2252/2/2
f 2253/2/2 2254/2/2 2257/2/2
f 2257/2/2 2254/2/2 2258/2/2
f 2255/2/2 2256/2/2 2259/2/2
f 2259/2/2 2256/2/2 2260/2/2
f 2261/2/2 2262/2/2 2265/2/2
f 2265/2/2 2262/2/2 2266/2/2
f 2263/2/2 2264/2/2 2267/2/2
f 2267/2/2 2264/2/2 2268/2/2
f 2269/2/2 2270/2/2 2273/2/2
f 2273/2/2 2270/2/2 2274/2/2
f 2271/2/2 2272/2/2 2275/2/2
f 2275/2/2 2272/2/2 2276/2/2
f 2277/2/2 2278/2/2 2281/2/2
f 2281/2/2 2278/2/2 2282/2/2
f 2279/2/2 2280/2/2 2283/2/2
f 2283/2/2 2280/2/2 2284/2/2
f 2285/2/2 2286/2/2 2289/2/2
f 2289/2/2 2286/2/2 2290/2/2
f 2287/2/2 2288/2/2 2291/2/2
f 2291/2/2 2288/2/2 2292/2/2
f 2293/2/2 2294/2/2 2297/2/2
f 2297/2/2 2294/2/2 2298/2/2
f 2295/2/2 2296/2/2 2299/2/2
f 2299/2/2 2296/2/2 2300/2/2
f 2301/2/2 2302/2/2 2305/2/2
f 2305/2/2 2302/2/2 2306/2/2
f 2303/2/2 2304/2/2 2307/2/2
f 2307/2/2 2304/2/2 2308/2/2
f 2309/2/2 2310/2/2 2313/2/2
f 2313/2/2 2310/2/2 2314/2/2
f 2311/2/2 2312/2/2 2315/2/2
f 2315/2/2 2312/2/2 2316/2/2
f 2317/2/2 2318/2/2 2321/2/2
f 2321/2/2 2318/2/2 2322/2/2
f 2319/2/2 2320/2/2 2323/2/2
f 2323/2/2 2320/2/2 2324/2/2
f 2325/2/2 2326/2/2 2329/2/2
f 2329/2/2 2326/2/2 2330/2/2
f 2327/2/2 2328/2/2 2331/2/2
f 2331/2/2 2328/2/2 2332/2/2
f 2333/2/2 2334/2/2 2337/2/2
f 2337/2/2 2334/2/2 2338/2/2
f 2335/2/2 2336/2/2 2339/2/2
f 2339/2/2 2336/2/2 2340/2/2
f 2341/2/2 2342/2/2 2345/2/2
f 2345/2/2 2342/2/2 2346/2/2
f 2343/2/2 2344/2/2 2347/2/2
f 2347/2/2 2344/2/2 2348/2/2
f 2349/2/2 2350/2/2 2353/2/2
f 2353/2/2 2350/2/2 2354/2/2
f 2351/2/2 2352/2/2 2355/2/2
f 2355/2/2 2352/2/2 2356/2/2
f 2357/2/2 2358/2/2 2361/2/2
f 2361/2/2 2358/2/2 2362/2/2
f 2359/2/2 2360/2/2 2363/2/2
f 2363/2/2 2360/2/2 2364/2/2
f 2365/2/2 2366/2/2 2369/2/2
f 2369/2/2 2366/2/2 2370/2/2
f 2367/2/2 2368/2/2 2371/2/2
f 2371/2/2 2368/2/2 2372/2/2
f 2373/2/2 2374/2/2 2377/2/2
f 2377/2/2 2374/2/2 2378/2/2
f 2375/2/2 2376/2/2 2379/2/2
f 2379/2/2 2376/2/2 2380/2/2
f 2381/2/2 2382/2/2 2385/2/2
f 2385/2/2 2382/2/2 2386/2/2
f 2383/2/2 2384/2/2 2387/2/2
f 2387/2/2 2384/2/2 2388/2/2
f 2389/2/2 2390/2/2 2393/2/2
f 2393/2/2 2390/2/2 2394/2/2
f 2391/2/2 2392/2/2 2395/2/2
f 2395/2/2 2392/2/2 2396/2/2
f 2397/2/2 2398/2/2 2401/2/2
f 2401/2/2 2398/2/2 2402/2/2
f 2399/2/2 2400/2/2 2403/2/2
f 2403/2/2 2400/2/2 2404/2/2
f 2405/2/2 2406/2/2 2409/2/2
f 2409/2/2 2406/2/2 2410/2/2
f 2407/2/2 2408/2/2 2411/2/2
f 2411/2/2 2408/2/2 2412/2/2
f 2413/2/2 2414/2/2 2417/2/2
f 2417/2/2 2414/2/2 2418/2/2
f 2415/2/2 2416/2/2 2419/2/2
f 2419/2/2 2416/2/2 2420/2/2
f 2421/2/2 2422/2/2 2425/2/2
f 2425/2/2 2422/2/2 2426/2/2
f 2423/2/2 2424/2/2 2427/2/2
f 2427/2/2 2424/2/2 2428/2/2
f 2429/2/2 2430/2/2 2433/2/2
f 2433/2/2 2430/2/2 2434/2/2
f 2431/2/2 2432/2/2 2435/2/2
f 2435/2/2 2432/2/2 2436/2/2
f 2437/2/2 2438/2/2 2441/2/2
f 2441/2/2 2438/2/2 2442/2/2
f 2439/2/2 2440/2/2 2443/2/2
f 2443/2/2 2440/2/2 2444/2/2
f 2445/2/2 2446/2/2 2449/2/2
f 2449/2/2 2446/2/2 2450/2/2
f 2447/2/2 2448/2/2 2451/2/2
f 2451/2/2 2448/2/2 2452/2/2
f 2453/2/2 2454/2/2 2457/2/2
f 2457/2/2 2454/2/2 2458/2/2
f 2455/2/2 2456/2/2 2459/2/2
f 2459/2/2 2456/2/2 2460/2/2
f 2461/2/2 2462/2/2 2465/2/2
f 2465/2/2 2462/2/2 2466/2/2
f 2463/2/2 2464/2/2 2467/2/2
f 2467/2/2 2464/2/2 2468/2/2
f 2469/2/2 2470/2/2 2473/2/2
f 2473/2/2 2470/2/2 2474/2/2
f 2471/2/2 2472/2/2 2475/2/2
f 2475/2/2 2472/2/2 2476/2/2
f 2477/2/2 2478/2/2 2481/2/2
f 2481/2/2 2478/2/2 2482/2/2
f 2479/2/2 2480/2/2 2483/2/2
f 2483/2/2 2480/2/2 2484/2/2
f 2485/2/2 2486/2/2 2489/2/2
f 2489/2/2 2486/2/2 2490/2/2
f 2487/2/2 2488/2/2 2491/2/2
f 2491/2/2 2488/2/2 2492/2/2
f 2493/2/2 2494/2/2 2497/2/2
f 2497/2/2 2494/2/2 2498/2/2
f 2495/2/2 2496/2/2 2499/2/2
f 2499/2/2 2496/2/2 2500/2/2
f 2501/2/2 2502/2/2 2505/2/2
f 2505/2/2 2502/2/2 2506/2/2
f 2503/2/2 2504/2/2 2507/2/2
f 2507/2/2 2504/2/2 2508/2/2
f 2509/2/2 2510/2/2 2513/2/2
f 2513/2/2 2510/2/2 2514/2/2
f 2511/2/2 2512/2/2 2515/2/2
f 2515/2/2 2512/2/2 2516/2/2
f 2517/2/2 2518/2/2 2521/2/2
f 2521/2/2 2518/2/2 2522/2/2
f 2519/2/2 2520/2/2 2523/2/2
f 2523/2/2 2520/2/2 2524/2/2
f 2525/2/2 2526/2/2 2529/2/2
f 2529/2/2 2526/2/2 2530/2/2
f 2527/2/2 2528/2/2 2531/2/2
f 2531/2/2 2528/2/2 2532/2/2
f 2533/2/2 2534/2/2 2537/2/2
f 2537/2/2 2534/2/2 2538/2/2
f 2535/2/2 2536/2/2 2539/2/2
f 2539/2/2 2536/2/2 2540/2/2
f 2541/2/2 2542/2/2 2545/2/2
f 2545/2/2 2542/2/2 2546/2/2
f 2543/2/2 2544/2/2 2547/2/2
f 2547/2/2 2544/2/2 2548/2/2
f 2549/2/2 2550/2/2 2553/2/2
f 2553/2/2 2550/2/2 2554/2/2
f 2551/2/2 2552/2/2 2555/2/2
f 2555/2/2 2552/2/2 2556/2/2
f 2557/2/2 2558/2/2 2561/2/2
f 2561/2/2 2558/2/2 2562/2/2
f 2559/2/2 2560/2/2 2563/2/2
f 2563/2/2 2560/2/2 2564/2/2
f 2565/2/2 2566/2/2 2569/2/2
f 2569/2/2 2566/2/2 2570/2/2
f 2567/2/2 2568/2/2 2571/2/2
f 2571/2/2 2568/2/2 2572/2/2
f 2573/3/2 2574/3/2 2575/3/2
f 2575/3/2 2574/3/2 2576/3/2
f 2576/3/2 2574/3/2 2577/3/2
f 2577/3/2 2574/3/2 2578/3/2
f 2576/3/2 2577/3/2 2581/3/2
f 2581/3/2 2577/3/2 2582/3/2
f 2582/3/2 2577/3/2 2583/3/2
f 2583/3/2 2577/3/2 2584/3/2
f 2579/3/2 2580/3/2 2587/3/2
f 2582/3/2 2583/3/2 2589/3/2
f 2589/3/2 2583/3/2 2590/3/2
f 2590/3/2 2583/3/2 2591/3/2
f 2591/3/2 2583/3/2 2592/3/2
f 2585/3/2 2586/3/2 2594/3/2
f 2587/3/2 2588/3/2 2595/3/2
f 2590/3/2 2591/3/2 2597/3/2
f 2597/3/2 2591/3/2 2598/3/2
f 2598/3/2 2591/3/2 2599/3/2
f 2599/3/2 2591/3/2 2600/3/2
f 2593/3/2 2594/3/2 2602/3/2
f 2595/3/2 2596/3/2 2603/3/2
f 2598/3/2 2599/3/2 2605/3/2
f 2605/3/2 2599/3/2 2606/3/2
f 2606/3/2 2599/3/2 2607/3/2
f 2607/3/2 2599/3/2 2608/3/2
f 2601/3/2 2602/3/2 2610/3/2
f 2603/3/2 2604/3/2 2611/3/2
f 2606/3/2 2607/3/2 2613/3/2
f 2613/3/2 2607/3/2 2614/3/2
f 2614/3/2 2607/3/2 2615/3/2
f 2615/3/2 2607/3/2 2616/3/2
f 2609/3/2 2610/3/2 2618/3/2
f 2611/3/2 2612/3/2 2619/3/2
f 2614/3/2 2615/3/2 2621/3/2
f 2621/3/2 2615/3/2 2622/3/2
f 2622/3/2 2615/3/2 2623/3/2
f 2623/3/2 2615/3/2 2624/3/2
f 2617/3/2 2618/3/2 2626/3/2
f 2619/3/2 2620/3/2 2627/3/2
f 2622/3/2 2623/3/2 2629/3/2
f 2629/3/2 2623/3/2 2630/3/2
f 2630/3/2 2623/3/2 2631/3/2
f 2631/3/2 2623/3/2 2632/3/2
f 2625/3/2 2626/3/2 2634/3/2
f 2627/3/2 2628/3/2 2635/3/2
f 2630/3/2 2631/3/2 2637/3/2
f 2637/3/2 2631/3/2 2638/3/2
f 2638/3/2 2631/3/2 2639/3/2
f 2639/3/2 2631/3/2 2640/3/2
f 2633/3/2 2634/3/2 2642/3/2
f 2635/3/2 2636/3/2 2643/3/2
f 2638/3/2 2639/3/2 2645/3/2
f 2645/3/2 2639/3/2 2646/3/2
f 2646/3/2 2639/3/2 2647/3/2
f 2647/3/2 2639/3/2 2648/3/2
f 2641/3/2 2642/3/2 2650/3/2
f 2643/3/2 2644/3/2 2651/3/2
f 2646/3/2 2647/3/2 2653/3/2
f 2653/3/2 2647/3/2 2654/3/2
f 2654/3/2 2647/3/2 2655/3/2
f 2655/3/2 2647/3/2 2656/3/2
f 2649/3/2 2650/3/2 2658/3/2
f 2651/3/2 2652/3/2 2659/3/2
f 2654/3/2 2655/3/2 2661/3/2
f 2661/3/2 2655/3/2 2662/3/2
f 2662/3/2 2655/3/2 2663/3/2
f 2663/3/2 2655/3/2 2664/3/2
f 2657/3/2 2658/3/2 2666/3/2
f 2659/3/2 2660/3/2 2667/3/2
f 2662/3/2 2663/3/2 2669/3/2
f 2669/3/2 2663/3/2 2670/3/2
f 2670/3/2 2663/3/2 2671/3/2
f 2671/3/2 2663/3/2 2672/3/2
f 2665/3/2 2666/3/2 2674/3/2
f 2667/3/2 2668/3/2 2675/3/2
f 2670/3/2 2671/3/2 2677/3/2
f 2677/3/2 2671/3/2 2678/3/2
f 2678/3/2 2671/3/2 2679/3/2
f 2679/3/2 2671/3/2 2680/3/2
f 2673/3/2 2674/3/2 2682/3/2
f 2675/3/2 2676/3/2 2683/3/2
f 2678/3/2 2679/3/2 2685/3/2
f 2685/3/2 2679/3/2 2686/3/2
f 2686/3/2 2679/3/2 2687/3/2
f 2687/3/2 2679/3/2 2688/3/2
f 2681/3/2 2682/3/2 2690/3/2
f 2683/3/2 2684/3/2 2691/3/2
f 2686/3/2 2687/3/2 2693/3/2
f 2693/3/2 2687/3/2 2694/3/2
f 2689/3/2 2690/3/2 2696/3/2
f 2691/3/2 2692/3/2 2697/3/2
f 2695/3/2 2696/3/2 2700/3/2
f 2697/3/2 2698/3/2 2701/3/2
f 2691/3/2 2697/3/2 2701/3/2
f 2701/3/2 2698/3/2 2702/3/2
f 2699/3/2 2700/3/2 2703/3/2
f 2700/3/2 2696/3/2 2704/3/2
f 2703/3/2 2700/3/2 2704/3/2
f 2683/3/2 2691/3/2 2705/3/2
f 2691/3/2 2701/3/2 2705/3/2
f 2705/3/2 2701/3/2 2706/3/2
f 2704/3/2 2696/3/2 2709/3/2
f 2696/3/2 2690/3/2 2710/3/2
f 2709/3/2 2696/3/2 2710/3/2
f 2675/3/2 2683/3/2 2711/3/2
f 2683/3/2 2705/3/2 2711/3/2
f 2711/3/2 2705/3/2 2712/3/2
f 2707/3/2 2708/3/2 2714/3/2
f 2714/3/2 2708/3/2 2715/3/2
f 2710/3/2 2690/3/2 2717/3/2
f 2690/3/2 2682/3/2 2718/3/2
f 2717/3/2 2690/3/2 2718/3/2
f 2667/3/2 2675/3/2 2719/3/2
f 2675/3/2 2711/3/2 2719/3/2
f 2719/3/2 2711/3/2 2720/3/2
f 2714/3/2 2715/3/2 2722/3/2
f 2715/3/2 2716/3/2 2722/3/2
f 2713/3/2 2714/3/2 2722/3/2
f 2722/3/2 2716/3/2 2723/3/2
f 2718/3/2 2682/3/2 2725/3/2
f 2682/3/2 2674/3/2 2726/3/2
f 2725/3/2 2682/3/2 2726/3/2
f 2659/3/2 2667/3/2 2727/3/2
f 2667/3/2 2719/3/2 2727/3/2
f 2727/3/2 2719/3/2 2728/3/2
f 2723/3/2 2724/3/2 2730/3/2
f 2722/3/2 2723/3/2 2730/3/2
f 2721/3/2 2722/3/2 2730/3/2
f 2730/3/2 2724/3/2 2731/3/2
f 2726/3/2 2674/3/2 2733/3/2
f 2674/3/2 2666/3/2 2734/3/2
f 2733/3/2 2674/3/2 2734/3/2
f 2651/3/2 2659/3/2 2735/3/2
f 2659/3/2 2727/3/2 2735/3/2
f 2735/3/2 2727/3/2 2736/3/2
f 2730/3/2 2731/3/2 2738/3/2
f 2731/3/2 2732/3/2 2738/3/2
f 2729/3/2 2730/3/2 2738/3/2
f 2738/3/2 2732/3/2 2739/3/2
f 2734/3/2 2666/3/2 2741/3/2
f 2666/3/2 2658/3/2 2742/3/2
f 2741/3/2 2666/3/2 2742/3/2
f 2643/3/2 2651/3/2 2743/3/2
f 2651/3/2 2735/3/2 2743/3/2
f 2743/3/2 2735/3/2 2744/3/2
f 2739/3/2 2740/3/2 2746/3/2
f 2738/3/2 2739/3/2 2746/3/2
f 2737/3/2 2738/3/2 2746/3/2
f 2746/3/2 2740/3/2 2747/3/2
f 2742/3/2 2658/3/2 2749/3/2
f 2658/3/2 2650/3/2 2750/3/2
f 2749/3/2 2658/3/2 2750/3/2
f 2635/3/2 2643/3/2 2751/3/2
f 2643/3/2 2743/3/2 2751/3/2
f 2751/3/2 2743/3/2 2752/3/2
f 2746/3/2 2747/3/2 2754/3/2
f 2747/3/2 2748/3/2 2754/3/2
f 2745/3/2 2746/3/2 2754/3/2
f 2754/3/2 2748/3/2 2755/3/2
f 2750/3/2 2650/3/2 2757/3/2
f 2650/3/2 2642/3/2 2758/3/2
f 2757/3/2 2650/3/2 2758/3/2
f 2627/3/2 2635/3/2 2759/3/2
f 2635/3/2 2751/3/2 2759/3/2
f 2759/3/2 2751/3/2 2760/3/2
f 2755/3/2 2756/3/2 2762/3/2
f 2754/3/2 2755/3/2 2762/3/2
f 2753/3/2 2754/3/2 2762/3/2
f 2762/3/2 2756/3/2 2763/3/2
f 2758/3/2 2642/3/2 2765/3/2
f 2642/3/2 2634/3/2 2766/3/2
f 2765/3/2 2642/3/2 2766/3/2
f 2619/3/2 2627/3/2 2767/3/2
f 2627/3/2 2759/3/2 2767/3/2
f 2767/3/2 2759/3/2 2768/3/2
f 2762/3/2 2763/3/2 2770/3/2
f 2763/3/2 2764/3/2 2770/3/2
f 2761/3/2 2762/3/2 2770/3/2
f 2770/3/2 2764/3/2 2771/3/2
f 2766/3/2 2634/3/2 2773/3/2
f 2634/3/2 2626/3/2 2774/3/2
f 2773/3/2 2634/3/2 2774/3/2
f 2611/3/2 2619/3/2 2775/3/2
f 2619/3/2 2767/3/2 2775/3/2
f 2775/3/2 2767/3/2 2776/3/2
f 2771/3/2 2772/3/2 2778/3/2
f 2770/3/2 2771/3/2 2778/3/2
f 2769/3/2 2770/3/2 2778/3/2
f 2778/3/2 2772/3/2 2779/3/2
f 2774/3/2 2626/3/2 2781/3/2
f 2626/3/2 2618/3/2 2782/3/2
f 2781/3/2 2626/3/2 2782/3/2
f 2603/3/2 2611/3/2 2783/3/2
f 2611/3/2 2775/3/2 2783/3/2
f 2783/3/2 2775/3/2 2784/3/2
f 2778/3/2 2779/3/2 2786/3/2
f 2779/3/2 2780/3/2 2786/3/2
f 2777/3/2 2778/3/2 2786/3/2
f 2786/3/2 2780/3/2 2787/3/2
f 2782/3/2 2618/3/2 2789/3/2
f 2618/3/2 2610/3/2 2790/3/2
f 2789/3/2 2618/3/2 2790/3/2
f 2595/3/2 2603/3/2 2791/3/2
f 2603/3/2 2783/3/2 2791/3/2
f 2791/3/2 2783/3/2 2792/3/2
f 2787/3/2 2788/3/2 2794/3/2
f 2786/3/2 2787/3/2 2794/3/2
f 2785/3/2 2786/3/2 2794/3/2
f 2794/3/2 2788/3/2 2795/3/2
f 2790/3/2 2610/3/2 2797/3/2
f 2610/3/2 2602/3/2 2798/3/2
f 2797/3/2 2610/3/2 2798/3/2
f 2587/3/2 2595/3/2 2799/3/2
f 2595/3/2 2791/3/2 2799/3/2
f 2799/3/2 2791/3/2 2800/3/2
f 2794/3/2 2795/3/2 2802/3/2
f 2795/3/2 2796/3/2 2802/3/2
f 2793/3/2 2794/3/2 2802/3/2
f 2802/3/2 2796/3/2 2803/3/2
f 2798/3/2 2602/3/2 2805/3/2
f 2602/3/2 2594/3/2 2806/3/2
f 2805/3/2 2602/3/2 2806/3/2
f 2579/3/2 2587/3/2 2807/3/2
f 2587/3/2 2799/3/2 2807/3/2
f 2807/3/2 2799/3/2 2808/3/2
f 2803/3/2 2804/3/2 2810/3/2
f 2802/3/2 2803/3/2 2810/3/2
f 2801/3/2 2802/3/2 2810/3/2
f 2810/3/2 2804/3/2 2811/3/2
f 2806/3/2 2594/3/2 2813/3/2
f 2594/3/2 2586/3/2 2814/3/2
f 2813/3/2 2594/3/2 2814/3/2
f 2579/3/2 2807/3/2 2815/3/2
f 2815/3/2 2807/3/2 2816/3/2
f 2811/3/2 2812/3/2 2818/3/2
f 2810/3/2 2811/3/2 2818/3/2
f 2809/3/2 2810/3/2 2818/3/2
f 2818/3/2 2812/3/2 2819/3/2
f 2814/3/2 2586/3/2 2821/3/2
f 2821/3/2 2586/3/2 2822/3/2
f 2819/3/2 2820/3/2 2824/3/2
f 2817/3/2 2818/3/2 2824/3/2
f 2818/3/2 2819/3/2 2824/3/2
f 2824/3/2 2820/3/2 2825/3/2
f 2823/3/2 2824/3/2 2827/3/2
f 2825/3/2 2826/3/2 2827/3/2
f 2824/3/2 2825/3/2 2827/3/2
f 2827/3/2 2826/3/2 2828/3/2
f 2829/2/2 2830/2/2 2831/2/2
f 2831/2/2 2830/2/2 2832/2/2
f 2831/3/2 2832/3/2 2833/3/2
f 2833/3/2 2832/3/2 2834/3/2
f 2834/3/2 2832/3/2 2835/3/2
f 2835/3/2 2832/3/2 2836/3/2
f 2833/2/2 2834/2/2 2837/2/2
f 2835/2/2 2836/2/2 2840/2/2
f 2837/2/2 2838/2/2 2841/2/2
f 2833/2/2 2837/2/2 2841/2/2
f 2841/2/2 2838/2/2 2842/2/2
f 2842/2/2 2838/2/2 2843/2/2
f 2839/2/2 2840/2/2 2846/2/2
f 2840/2/2 2836/2/2 2847/2/2
f 2846/2/2 2840/2/2 2847/2/2
f 2847/2/2 2836/2/2 2848/2/2
f 2843/2/2 2844/2/2 2849/2/2
f 2842/2/2 2843/2/2 2849/2/2
f 2849/2/2 2844/2/2 2850/2/2
f 2850/2/2 2844/2/2 2851/2/2
f 2845/2/2 2846/2/2 2854/2/2
f 2846/2/2 2847/2/2 2854/2/2
f 2854/2/2 2847/2/2 2855/2/2
f 2855/2/2 2847/2/2 2856/2/2
f 2851/2/2 2852/2/2 2857/2/2
f 2850/2/2 2851/2/2 2857/2/2
f 2857/2/2 2852/2/2 2858/2/2
f 2858/2/2 2852/2/2 2859/2/2
f 2854/2/2 2855/2/2 2862/2/2
f 2853/2/2 2854/2/2 2862/2/2
f 2862/2/2 2855/2/2 2863/2/2
f 2863/2/2 2855/2/2 2864/2/2
f 2859/2/2 2860/2/2 2865/2/2
f 2858/2/2 2859/2/2 2865/2/2
f 2865/2/2 2860/2/2 2866/2/2
f 2866/2/2 2860/2/2 2867/2/2
f 2862/2/2 2863/2/2 2870/2/2
f 2861/2/2 2862/2/2 2870/2/2
f 2870/2/2 2863/2/2 2871/2/2
f 2871/2/2 2863/2/2 2872/2/2
f 2867/2/2 2868/2/2 2873/2/2
f 2866/2/2 2867/2/2 2873/2/2
f 2873/2/2 2868/2/2 2874/2/2
f 2874/2/2 2868/2/2 2875/2/2
f 2870/2/2 2871/2/2 2878/2/2
f 2869/2/2 2870/2/2 2878/2/2
f 2878/2/2 2871/2/2 2879/2/2
f 2879/2/2 2871/2/2 2880/2/2
f 2875/2/2 2876/2/2 2881/2/2
f 2874/2/2 2875/2/2 2881/2/2
f 2881/2/2 2876/2/2 2882/2/2
f 2882/2/2 2876/2/2 2883/2/2
f 2878/2/2 2879/2/2 2886/2/2
f 2877/2/2 2878/2/2 2886/2/2
f 2886/2/2 2879/2/2 2887/2/2
f 2887/2/2 2879/2/2 2888/2/2
f 2883/2/2 2884/2/2 2889/2/2
f 2882/2/2 2883/2/2 2889/2/2
f 2889/2/2 2884/2/2 2890/2/2
f 2890/2/2 2884/2/2 2891/2/2
f 2886/2/2 2887/2/2 2894/2/2
f 2885/2/2 2886/2/2 2894/2/2
f 2894/2/2 2887/2/2 2895/2/2
f 2895/2/2 2887/2/2 2896/2/2
f 2891/2/2 2892/2/2 2897/2/2
f 2890/2/2 2891/2/2 2897/2/2
f 2897/2/2 2892/2/2 2898/2/2
f 2898/2/2 2892/2/2 2899/2/2
f 2894/2/2 2895/2/2 2902/2/2
f 2893/2/2 2894/2/2 2902/2/2
f 2902/2/2 2895/2/2 2903/2/2
f 2903/2/2 2895/2/2 2904/2/2
f 2899/2/2 2900/2/2 2905/2/2
f 2898/2/2 2899/2/2 2905/2/2
f 2905/2/2 2900/2/2 2906/2/2
f 2906/2/2 2900/2/2 2907/2/2
f 2902/2/2 2903/2/2 2910/2/2
f 2901/2/2 2902/2/2 2910/2/2
f 2910/2/2 2903/2/2 2911/2/2
f 2911/2/2 2903/2/2 2912/2/2
f 2907/2/2 2908/2/2 2913/2/2
f 2906/2/2 2907/2/2 2913/2/2
f 2913/2/2 2908/2/2 2914/2/2
f 2914/2/2 2908/2/2 2915/2/2
f 2910/2/2 2911/2/2 2918/2/2
f 2909/2/2 2910/2/2 2918/2/2
f 2918/2/2 2911/2/2 2919/2/2
f 2919/2/2 2911/2/2 2920/2/2
f 2915/2/2 2916/2/2 2921/2/2
f 2914/2/2 2915/2/2 2921/2/2
f 2921/2/2 2916/2/2 2922/2/2
f 2922/2/2 2916/2/2 2923/2/2
f 2918/2/2 2919/2/2 2926/2/2
f 2917/2/2 2918/2/2 2926/2/2
f 2926/2/2 2919/2/2 2927/2/2
f 2927/2/2 2919/2/2 2928/2/2
f 2923/2/2 2924/2/2 2929/2/2
f 2922/2/2 2923/2/2 2929/2/2
f 2929/2/2 2924/2/2 2930/2/2
f 2930/2/2 2924/2/2 2931/2/2
f 2926/2/2 2927/2/2 2934/2/2
f 2925/2/2 2926/2/2 2934/2/2
f 2934/2/2 2927/2/2 2935/2/2
f 2935/2/2 2927/2/2 2936/2/2
f 2931/2/2 2932/2/2 2937/2/2
f 2930/2/2 2931/2/2 2937/2/2
f 2937/2/2 2932/2/2 2938/2/2
f 2938/2/2 2932/2/2 2939/2/2
f 2934/2/2 2935/2/2 2942/2/2
f 2933/2/2 2934/2/2 2942/2/2
f 2942/2/2 2935/2/2 2943/2/2
f 2943/2/2 2935/2/2 2944/2/2
f 2939/2/2 2940/2/2 2945/2/2
f 2938/2/2 2939/2/2 2945/2/2
f 2945/2/2 2940/2/2 2946/2/2
f 2946/2/2 2940/2/2 2947/2/2
f 2942/2/2 2943/2/2 2950/2/2
f 2941/2/2 2942/2/2 2950/2/2
f 2950/2/2 2943/2/2 2951/2/2
f 2951/2/2 2943/2/2 2952/2/2
f 2947/2/2 2948/2/2 2953/2/2
f 2946/2/2 2947/2/2 2953/2/2
f 2953/2/2 2948/2/2 2954/2/2
f 2954/2/2 2948/2/2 2955/2/2
f 2950/2/2 2951/2/2 2956/2/2
f 2949/2/2 2950/2/2 2956/2/2
f 2956/2/2 2951/2/2 2957/2/2
f 2957/2/2 2951/2/2 2958/2/2
f 2954/2/2 2955/2/2 2959/2/2
f 2956/2/2 2957/2/2 2959/2/2
f 2955/2/2 2956/2/2 2959/2/2
f 2959/2/2 2957/2/2 2960/2/2
f 2960/2/2 2957/2/2 2961/2/2
f 2961/2/2 2957/2/2 2962/2/2
f 2960/2/2 2961/2/2 2964/2/2
f 2964/2/2 2961/2/2 2965/2/2
f 2963/2/2 2964/2/2 2968/2/2
f 2965/2/2 2966/2/2 2968/2/2
f 2964/2/2 2965/2/2 2968/2/2
f 2968/2/2 2966/2/2 2969/2/2
f 2969/2/2 2966/2/2 2970/2/2
f 2970/2/2 2966/2/2 2971/2/2
f 2967/2/2 2968/2/2 2974/2/2
f 2968/2/2 2969/2/2 2974/2/2
f 2974/2/2 2969/2/2 2975/2/2
f 2975/2/2 2969/2/2 2976/2/2
f 2970/2/2 2971/2/2 2977/2/2
f 2971/2/2 2972/2/2 2977/2/2
f 2977/2/2 2972/2/2 2978/2/2
f 2978/2/2 2972/2/2 2979/2/2
f 2974/2/2 2975/2/2 2982/2/2
f 2973/2/2 2974/2/2 2982/2/2
f 2982/2/2 2975/2/2 2983/2/2
f 2983/2/2 2975/2/2 2984/2/2
f 2978/2/2 2979/2/2 2985/2/2
f 2979/2/2 2980/2/2 2985/2/2
f 2985/2/2 2980/2/2 2986/2/2
f 2986/2/2 2980/2/2 2987/2/2
f 2982/2/2 2983/2/2 2990/2/2
f 2981/2/2 2982/2/2 2990/2/2
f 2990/2/2 2983/2/2 2991/2/2
f 2991/2/2 2983/2/2 2992/2/2
f 2986/2/2 2987/2/2 2993/2/2
f 2987/2/2 2988/2/2 2993/2/2
f 2993/2/2 2988/2/2 2994/2/2
f 2994/2/2 2988/2/2 2995/2/2
f 2990/2/2 2991/2/2 2998/2/2
f 2989/2/2 2990/2/2 2998/2/2
f 2998/2/2 2991/2/2 2999/2/2
f 2999/2/2 2991/2/2 3000/2/2
f 2994/2/2 2995/2/2 3001/2/2
f 2995/2/2 2996/2/2 3001/2/2
f 3001/2/2 2996/2/2 3002/2/2
f 3002/2/2 2996/2/2 3003/2/2
f 2998/2/2 2999/2/2 3006/2/2
f 2997/2/2 2998/2/2 3006/2/2
f 3006/2/2 2999/2/2 3007/2/2
f 3007/2/2 2999/2/2 3008/2/2
f 3002/2/2 3003/2/2 3009/2/2
f 3003/2/2 3004/2/2 3009/2/2
f 3009/2/2 3004/2/2 3010/2/2
f 3010/2/2 3004/2/2 3011/2/2
f 3006/2/2 3007/2/2 3014/2/2
f 3005/2/2 3006/2/2 3014/2/2
f 3014/2/2 3007/2/2 3015/2/2
f 3015/2/2 3007/2/2 3016/2/2
f 3010/2/2 3011/2/2 3017/2/2
f 3011/2/2 3012/2/2 3017/2/2
f 3017/2/2 3012/2/2 3018/2/2
f 3018/2/2 3012/2/2 3019/2/2
f 3014/2/2 3015/2/2 3022/2/2
f 3013/2/2 3014/2/2 3022/2/2
f 3022/2/2 3015/2/2 3023/2/2
f 3023/2/2 3015/2/2 3024/2/2
f 3018/2/2 3019/2/2 3025/2/2
f 3019/2/2 3020/2/2 3025/2/2
f 3025/2/2 3020/2/2 3026/2/2
f 3026/2/2 3020/2/2 3027/2/2
f 3022/2/2 3023/2/2 3030/2/2
f 3021/2/2 3022/2/2 3030/2/2
f 3030/2/2 3023/2/2 3031/2/2
f 3031/2/2 3023/2/2 3032/2/2
f 3026/2/2 3027/2/2 3033/2/2
f 3027/2/2 3028/2/2 3033/2/2
f 3033/2/2 3028/2/2 3034/2/2
f 3034/2/2 3028/2/2 3035/2/2
f 3030/2/2 3031/2/2 3038/2/2
f 3029/2/2 3030/2/2 3038/2/2
f 3038/2/2 3031/2/2 3039/2/2
f 3039/2/2 3031/2/2 3040/2/2
f 3034/2/2 3035/2/2 3041/2/2
f 3035/2/2 3036/2/2 3041/2/2
f 3041/2/2 3036/2/2 3042/2/2
f 3042/2/2 3036/2/2 3043/2/2
f 3038/2/2 3039/2/2 3046/2/2
f 3037/2/2 3038/2/2 3046/2/2
f 3046/2/2 3039/2/2 3047/2/2
f 3047/2/2 3039/2/2 3048/2/2
f 3042/2/2 3043/2/2 3049/2/2
f 3043/2/2 3044/2/2 3049/2/2
f 3049/2/2 3044/2/2 3050/2/2
f 3050/2/2 3044/2/2 3051/2/2
f 3046/2/2 3047/2/2 3054/2/2
f 3045/2/2 3046/2/2 3054/2/2
f 3054/2/2 3047/2/2 3055/2/2
f 3055/2/2 3047/2/2 3056/2/2
f 3050/2/2 3051/2/2 3057/2/2
f 3051/2/2 3052/2/2 3057/2/2
f 3057/2/2 3052/2/2 3058/2/2
f 3058/2/2 3052/2/2 3059/2/2
f 3054/2/2 3055/2/2 3062/2/2
f 3053/2/2 3054/2/2 3062/2/2
f 3062/2/2 3055/2/2 3063/2/2
f 3063/2/2 3055/2/2 3064/2/2
f 3058/2/2 3059/2/2 3065/2/2
f 3059/2/2 3060/2/2 3065/2/2
f 3065/2/2 3060/2/2 3066/2/2
f 3066/2/2 3060/2/2 3067/2/2
f 3062/2/2 3063/2/2 3070/2/2
f 3061/2/2 3062/2/2 3070/2/2
f 3070/2/2 3063/2/2 3071/2/2
f 3071/2/2 3063/2/2 3072/2/2
f 3066/2/2 3067/2/2 3073/2/2
f 3067/2/2 3068/2/2 3073/2/2
f 3073/2/2 3068/2/2 3074/2/2
f 3074/2/2 3068/2/2 3075/2/2
f 2833/2/2 2841/2/2 3077/2/2
f 3070/2/2 3071/2/2 3078/2/2
f 3069/2/2 3070/2/2 3078/2/2
f 3078/2/2 3071/2/2 3079/2/2
f 3079/2/2 3071/2/2 3080/2/2
f 3075/2/2 3076/2/2 3081/2/2
f 3074/2/2 3075/2/2 3081/2/2
f 3081/2/2 3076/2/2 3082/2/2
f 3082/2/2 3076/2/2 3083/2/2
f 2848/2/2 2836/2/2 3084/2/2
f 3078/2/2 3079/2/2 3085/2/2
f 3077/2/2 3078/2/2 3085/2/2
f 3085/2/2 3079/2/2 3086/2/2
f 3082/2/2 3083/2/2 3087/2/2
f 3083/2/2 3084/2/2 3087/2/2
f 3087/2/2 3084/2/2 3088/2/2
f 3077/2/2 3085/2/2 3089/2/2
f 2833/2/2 3077/2/2 3089/2/2
f 3089/2/2 3085/2/2 3090/2/2
f 3088/2/2 3084/2/2 3091/2/2
f 3084/2/2 2836/2/2 3092/2/2
f 3091/2/2 3084/2/2 3092/2/2
f 3089/3/2 3090/3/2 3093/3/2
f 3090/3/2 3091/3/2 3093/3/2
f 3091/3/2 3092/3/2 3093/3/2
f 3093/3/2 3092/3/2 3094/3/2
f 3093/2/2 3094/2/2 3095/2/2
f 3095/2/2 3094/2/2 3096/2/2
f 3103/2/3 3100/2/3 3099/2/3
f 3104/2/3 3100/2/3 3103/2/3
f 3105/2/3 3103/2/3 3099/2/3
f 3108/2/3 3100/2/3 3104/2/3
f 3109/3/3 3099/3/3 3098/3/3
f 3109/2/3 3106/2/3 3105/2/3
f 3109/2/3 3105/2/3 3099/2/3
f 3110/2/3 3106/2/3 3109/2/3
f 3111/2/3 3106/2/3 3110/2/3
f 3114/2/3 3108/2/3 3107/2/3
f 3115/2/3 3100/2/3 3108/2/3
f 3115/2/3 3108/2/3 3114/2/3
f 3116/3/3 3101/3/3 3100/3/3
f 3116/2/3 3100/2/3 3115/2/3
f 3117/2/3 3112/2/3 3111/2/3
f 3117/2/3 3111/2/3 3110/2/3
f 3118/2/3 3112/2/3 3117/2/3
f 3119/2/3 3112/2/3 3118/2/3
f 3122/2/3 3115/2/3 3114/2/3
f 3122/2/3 3114/2/3 3113/2/3
f 3123/2/3 3115/2/3 3122/2/3
f 3124/2/3 3115/2/3 3123/2/3
f 3125/2/3 3120/2/3 3119/2/3
f 3125/2/3 3119/2/3 3118/2/3
f 3126/2/3 3120/2/3 3125/2/3
f 3127/2/3 3120/2/3 3126/2/3
f 3130/2/3 3123/2/3 3122/2/3
f 3130/2/3 3122/2/3 3121/2/3
f 3131/2/3 3123/2/3 3130/2/3
f 3132/2/3 3123/2/3 3131/2/3
f 3133/2/3 3128/2/3 3127/2/3
f 3133/2/3 3127/2/3 3126/2/3
f 3134/2/3 3128/2/3 3133/2/3
f 3135/2/3 3128/2/3 3134/2/3
f 3138/2/3 3131/2/3 3130/2/3
f 3138/2/3 3130/2/3 3129/2/3
f 3139/2/3 3131/2/3 3138/2/3
f 3140/2/3 3131/2/3 3139/2/3
f 3141/2/3 3136/2/3 3135/2/3
f 3141/2/3 3135/2/3 3134/2/3
f 3142/2/3 3136/2/3 3141/2/3
f 3143/2/3 3136/2/3 3142/2/3
f 3146/2/3 3139/2/3 3138/2/3
f 3146/2/3 3138/2/3 3137/2/3
f 3147/2/3 3139/2/3 3146/2/3
f 3148/2/3 3139/2/3 3147/2/3
f 3149/2/3 3144/2/3 3143/2/3
f 3149/2/3 3143/2/3 3142/2/3
f 3150/2/3 3144/2/3 3149/2/3
f 3151/2/3 3144/2/3 3150/2/3
f 3154/2/3 3147/2/3 3146/2/3
f 3154/2/3 3146/2/3 3145/2/3
f 3155/2/3 3147/2/3 3154/2/3
f 3156/2/3 3147/2/3 3155/2/3
f 3157/2/3 3152/2/3 3151/2/3
f 3157/2/3 3151/2/3 3150/2/3
f 3158/2/3 3152/2/3 3157/2/3
f 3159/2/3 3152/2/3 3158/2/3
f 3162/2/3 3155/2/3 3154/2/3
f 3162/2/3 3154/2/3 3153/2/3
f 3163/2/3 3155/2/3 3162/2/3
f 3164/2/3 3155/2/3 3163/2/3
f 3165/2/3 3160/2/3 3159/2/3
f 3165/2/3 3159/2/3 3158/2/3
f 3166/2/3 3160/2/3 3165/2/3
f 3167/2/3 3160/2/3 3166/2/3
f 3170/2/3 3163/2/3 3162/2/3
f 3170/2/3 3162/2/3 3161/2/3
f 3171/2/3 3163/2/3 3170/2/3
f 3172/2/3 3163/2/3 3171/2/3
f 3173/2/3 3168/2/3 3167/2/3
f 3173/2/3 3167/2/3 3166/2/3
f 3174/2/3 3168/2/3 3173/2/3
f 3175/2/3 3168/2/3 3174/2/3
f 3178/2/3 3171/2/3 3170/2/3
f 3178/2/3 3170/2/3 3169/2/3
f 3179/2/3 3171/2/3 3178/2/3
f 3180/2/3 3171/2/3 3179/2/3
f 3181/2/3 3176/2/3 3175/2/3
f 3181/2/3 3175/2/3 3174/2/3
f 3182/2/3 3176/2/3 3181/2/3
f 3183/2/3 3176/2/3 3182/2/3
f 3186/2/3 3179/2/3 3178/2/3
f 3186/2/3 3178/2/3 3177/2/3
f 3187/2/3 3179/2/3 3186/2/3
f 3188/2/3 3179/2/3 3187/2/3
f 3189/2/3 3184/2/3 3183/2/3
f 3189/2/3 3183/2/3 3182/2/3
f 3190/2/3 3184/2/3 3189/2/3
f 3191/2/3 3184/2/3 3190/2/3
f 3194/2/3 3187/2/3 3186/2/3
f 3194/2/3 3186/2/3 3185/2/3
f 3195/2/3 3187/2/3 3194/2/3
f 3196/2/3 3187/2/3 3195/2/3
f 3197/2/3 3192/2/3 3191/2/3
f 3197/2/3 3191/2/3 3190/2/3
f 3198/2/3 3192/2/3 3197/2/3
f 3199/2/3 3192/2/3 3198/2/3
f 3202/2/3 3195/2/3 3194/2/3
f 3202/2/3 3194/2/3 3193/2/3
f 3203/2/3 3195/2/3 3202/2/3
f 3204/2/3 3195/2/3 3203/2/3
f 3205/2/3 3200/2/3 3199/2/3
f 3205/2/3 3199/2/3 3198/2/3
f 3206/2/3 3200/2/3 3205/2/3
f 3207/2/3 3200/2/3 3206/2/3
f 3210/2/3 3203/2/3 3202/2/3
f 3210/2/3 3202/2/3 3201/2/3
f 3211/2/3 3203/2/3 3210/2/3
f 3212/2/3 3203/2/3 3211/2/3
f 3213/2/3 3208/2/3 3207/2/3
f 3213/2/3 3207/2/3 3206/2/3
f 3214/2/3 3208/2/3 3213/2/3
f 3215/2/3 3208/2/3 3214/2/3
f 3218/2/3 3211/2/3 3210/2/3
f 3218/2/3 3210/2/3 3209/2/3
f 3219/2/3 3211/2/3 3218/2/3
f 3220/2/3 3211/2/3 3219/2/3
f 3221/2/3 3216/2/3 3215/2/3
f 3221/2/3 3215/2/3 3214/2/3
f 3222/2/3 3216/2/3 3221/2/3
f 3223/2/3 3216/2/3 3222/2/3
f 3224/2/3 3219/2/3 3218/2/3
f 3224/2/3 3218/2/3 3217/2/3
f 3225/2/3 3219/2/3 3224/2/3
f 3226/2/3 3219/2/3 3225/2/3
f 3227/2/3 3223/2/3 3222/2/3
f 3227/2/3 3225/2/3 3224/2/3
f 3227/2/3 3224/2/3 3223/2/3
f 3228/2/3 3225/2/3 3227/2/3
f 3229/2/3 3225/2/3 3228/2/3
f 3230/2/3 3225/2/3 3229/2/3
f 3232/2/3 3229/2/3 3228/2/3
f 3233/2/3 3229/2/3 3232/2/3
f 3236/2/3 3232/2/3 3231/2/3
f 3236/2/3 3234/2/3 3233/2/3
f 3236/2/3 3233/2/3 3232/2/3
f 3237/2/3 3234/2/3 3236/2/3
f 3238/2/3 3234/2/3 3237/2/3
f 3239/2/3 3234/2/3 3238/2/3
f 3242/2/3 3236/2/3 3235/2/3
f 3242/2/3 3237/2/3 3236/2/3
f 3243/2/3 3237/2/3 3242/2/3
f 3244/2/3 3237/2/3 3243/2/3
f 3245/2/3 3239/2/3 3238/2/3
f 3245/2/3 3240/2/3 3239/2/3
f 3246/2/3 3240/2/3 3245/2/3
f 3247/2/3 3240/2/3 3246/2/3
f 3250/2/3 3243/2/3 3242/2/3
f 3250/2/3 3242/2/3 3241/2/3
f 3251/2/3 3243/2/3 3250/2/3
f 3252/2/3 3243/2/3 3251/2/3
f 3253/2/3 3247/2/3 3246/2/3
f 3253/2/3 3248/2/3 3247/2/3
f 3254/2/3 3248/2/3 3253/2/3
f 3255/2/3 3248/2/3 3254/2/3
f 3258/2/3 3251/2/3 3250/2/3
f 3258/2/3 3250/2/3 3249/2/3
f 3259/2/3 3251/2/3 3258/2/3
f 3260/2/3 3251/2/3 3259/2/3
f 3261/2/3 3255/2/3 3254/2/3
f 3261/2/3 3256/2/3 3255/2/3
f 3262/2/3 3256/2/3 3261/2/3
f 3263/2/3 3256/2/3 3262/2/3
f 3266/2/3 3259/2/3 3258/2/3
f 3266/2/3 3258/2/3 3257/2/3
f 3267/2/3 3259/2/3 3266/2/3
f 3268/2/3 3259/2/3 3267/2/3
f 3269/2/3 3263/2/3 3262/2/3
f 3269/2/3 3264/2/3 3263/2/3
f 3270/2/3 3264/2/3 3269/2/3
f 3271/2/3 3264/2/3 3270/2/3
f 3274/2/3 3267/2/3 3266/2/3
f 3274/2/3 3266/2/3 3265/2/3
f 3275/2/3 3267/2/3 3274/2/3
f 3276/2/3 3267/2/3 3275/2/3
f 3277/2/3 3271/2/3 3270/2/3
f 3277/2/3 3272/2/3 3271/2/3
f 3278/2/3 3272/2/3 3277/2/3
f 3279/2/3 3272/2/3 3278/2/3
f 3282/2/3 3275/2/3 3274/2/3
f 3282/2/3 3274/2/3 3273/2/3
f 3283/2/3 3275/2/3 3282/2/3
f 3284/2/3 3275/2/3 3283/2/3
f 3285/2/3 3279/2/3 3278/2/3
f 3285/2/3 3280/2/3 3279/2/3
f 3286/2/3 3280/2/3 3285/2/3
f 3287/2/3 3280/2/3 3286/2/3
f 3290/2/3 3283/2/3 3282/2/3
f 3290/2/3 3282/2/3 3281/2/3
f 3291/2/3 3283/2/3 3290/2/3
f 3292/2/3 3283/2/3 3291/2/3
f 3293/2/3 3287/2/3 3286/2/3
f 3293/2/3 3288/2/3 3287/2/3
f 3294/2/3 3288/2/3 3293/2/3
f 3295/2/3 3288/2/3 3294/2/3
f 3298/2/3 3291/2/3 3290/2/3
f 3298/2/3 3290/2/3 3289/2/3
f 3299/2/3 3291/2/3 3298/2/3
f 3300/2/3 3291/2/3 3299/2/3
f 3301/2/3 3295/2/3 3294/2/3
f 3301/2/3 3296/2/3 3295/2/3
f 3302/2/3 3296/2/3 3301/2/3
f 3303/2/3 3296/2/3 3302/2/3
f 3306/2/3 3299/2/3 3298/2/3
f 3306/2/3 3298/2/3 3297/2/3
f 3307/2/3 3299/2/3 3306/2/3
f 3308/2/3 3299/2/3 3307/2/3
f 3309/2/3 3303/2/3 3302/2/3
f 3309/2/3 3304/2/3 3303/2/3
f 3310/2/3 3304/2/3 3309/2/3
f 3311/2/3 3304/2/3 3310/2/3
f 3314/2/3 3307/2/3 3306/2/3
f 3314/2/3 3306/2/3 3305/2/3
f 3315/2/3 3307/2/3 3314/2/3
f 3316/2/3 3307/2/3 3315/2/3
f 3317/2/3 3311/2/3 3310/2/3
f 3317/2/3 3312/2/3 3311/2/3
f 3318/2/3 3312/2/3 3317/2/3
f 3319/2/3 3312/2/3 3318/2/3
f 3322/2/3 3315/2/3 3314/2/3
f 3322/2/3 3314/2/3 3313/2/3
f 3323/2/3 3315/2/3 3322/2/3
f 3324/2/3 3315/2/3 3323/2/3
f 3325/2/3 3319/2/3 3318/2/3
f 3325/2/3 3320/2/3 3319/2/3
f 3326/2/3 3320/2/3 3325/2/3
f 3327/2/3 3320/2/3 3326/2/3
f 3330/2/3 3323/2/3 3322/2/3
f 3330/2/3 3322/2/3 3321/2/3
f 3331/2/3 3323/2/3 3330/2/3
f 3332/2/3 3323/2/3 3331/2/3
f 3333/2/3 3327/2/3 3326/2/3
f 3333/2/3 3328/2/3 3327/2/3
f 3334/2/3 3328/2/3 3333/2/3
f 3335/2/3 3328/2/3 3334/2/3
f 3338/2/3 3331/2/3 3330/2/3
f 3338/2/3 3330/2/3 3329/2/3
f 3339/2/3 3331/2/3 3338/2/3
f 3340/2/3 3331/2/3 3339/2/3
f 3341/2/3 3335/2/3 3334/2/3
f 3341/2/3 3336/2/3 3335/2/3
f 3342/2/3 3336/2/3 3341/2/3
f 3343/2/3 3336/2/3 3342/2/3
f 3345/3/3 3109/3/3 3098/3/3
f 3346/2/3 3339/2/3 3338/2/3
f 3346/2/3 3338/2/3 3337/2/3
f 3347/2/3 3339/2/3 3346/2/3
f 3348/2/3 3339/2/3 3347/2/3
f 3349/2/3 3343/2/3 3342/2/3
f 3349/2/3 3344/2/3 3343/2/3
f 3350/2/3 3344/2/3 3349/2/3
f 3351/2/3 3344/2/3 3350/2/3
f 3352/3/3 3101/3/3 3116/3/3
f 3353/2/3 3347/2/3 3346/2/3
f 3353/2/3 3346/2/3 3345/2/3
f 3354/2/3 3347/2/3 3353/2/3
f 3355/2/3 3351/2/3 3350/2/3
f 3355/2/3 3352/2/3 3351/2/3
f 3356/2/3 3352/2/3 3355/2/3
f 3357/2/3 3353/2/3 3345/2/3
f 3357/3/3 3345/3/3 3098/3/3
f 3358/2/3 3353/2/3 3357/2/3
f 3359/2/3 3352/2/3 3356/2/3
f 3360/3/3 3101/3/3 3352/3/3
f 3360/2/3 3352/2/3 3359/2/3
f 3361/3/3 3358/3/3 3357/3/3
f 3361/3/3 3359/3/3 3358/3/3
f 3361/3/3 3360/3/3 3359/3/3
f 3361/3/3 3357/3/3 3098/3/3
f 3362/3/3 3101/3/3 3360/3/3
f 3362/3/3 3360/3/3 3361/3/3
f 3363/2/3 3098/2/3 3097/2/3
f 3364/3/3 3361/3/3 3098/3/3
f 3364/2/3 3098/2/3 3363/2/3
f 3365/2/3 3362/2/3 3361/2/3
f 3365/3/3 3361/3/3 3364/3/3
f 3366/3/3 3101/3/3 3362/3/3
f 3366/2/3 3362/2/3 3365/2/3
f 3367/2/3 3102/2/3 3101/2/3
f 3367/3/3 3101/3/3 3366/3/3
f 3368/2/3 3102/2/3 3367/2/3
f 3371/3/3 3370/3/3 3369/3/3
f 3372/3/3 3370/3/3 3371/3/3
f 3373/3/3 3370/3/3 3372/3/3
f 3374/3/3 3370/3/3 3373/3/3
f 3377/3/3 3373/3/3 3372/3/3
f 3378/3/3 3373/3/3 3377/3/3
f 3379/3/3 3373/3/3 3378/3/3
f 3380/3/3 3373/3/3 3379/3/3
f 3383/3/3 3376/3/3 3375/3/3
f 3385/3/3 3379/3/3 3378/3/3
f 3386/3/3 3379/3/3 3385/3/3
f 3387/3/3 3379/3/3 3386/3/3
f 3388/3/3 3379/3/3 3387/3/3
f 3390/3/3 3382/3/3 3381/3/3
f 3391/3/3 3384/3/3 3383/3/3
f 3393/3/3 3387/3/3 3386/3/3
f 3394/3/3 3387/3/3 3393/3/3
f 3395/3/3 3387/3/3 3394/3/3
f 3396/3/3 3387/3/3 3395/3/3
f 3398/3/3 3390/3/3 3389/3/3
f 3399/3/3 3392/3/3 3391/3/3
f 3401/3/3 3395/3/3 3394/3/3
f 3402/3/3 3395/3/3 3401/3/3
f 3403/3/3 3395/3/3 3402/3/3
f 3404/3/3 3395/3/3 3403/3/3
f 3406/3/3 3398/3/3 3397/3/3
f 3407/3/3 3400/3/3 3399/3/3
f 3409/3/3 3403/3/3 3402/3/3
f 3410/3/3 3403/3/3 3409/3/3
f 3411/3/3 3403/3/3 3410/3/3
f 3412/3/3 3403/3/3 3411/3/3
f 3414/3/3 3406/3/3 3405/3/3
f 3415/3/3 3408/3/3 3407/3/3
f 3417/3/3 3411/3/3 3410/3/3
f 3418/3/3 3411/3/3 3417/3/3
f 3419/3/3 3411/3/3 3418/3/3
f 3420/3/3 3411/3/3 3419/3/3
f 3422/3/3 3414/3/3 3413/3/3
f 3423/3/3 3416/3/3 3415/3/3
f 3425/3/3 3419/3/3 3418/3/3
f 3426/3/3 3419/3/3 3425/3/3
f 3427/3/3 3419/3/3 3426/3/3
f 3428/3/3 3419/3/3 3427/3/3
f 3430/3/3 3422/3/3 3421/3/3
f 3431/3/3 3424/3/3 3423/3/3
f 3433/3/3 3427/3/3 3426/3/3
f 3434/3/3 3427/3/3 3433/3/3
f 3435/3/3 3427/3/3 3434/3/3
f 3436/3/3 3427/3/3 3435/3/3
f 3438/3/3 3430/3/3 3429/3/3
f 3439/3/3 3432/3/3 3431/3/3
f 3441/3/3 3435/3/3 3434/3/3
f 3442/3/3 3435/3/3 3441/3/3
f 3443/3/3 3435/3/3 3442/3/3
f 3444/3/3 3435/3/3 3443/3/3
f 3446/3/3 3438/3/3 3437/3/3
f 3447/3/3 3440/3/3 3439/3/3
f 3449/3/3 3443/3/3 3442/3/3
f 3450/3/3 3443/3/3 3449/3/3
f 3451/3/3 3443/3/3 3450/3/3
f 3452/3/3 3443/3/3 3451/3/3
f 3454/3/3 3446/3/3 3445/3/3
f 3455/3/3 3448/3/3 3447/3/3
f 3457/3/3 3451/3/3 3450/3/3
f 3458/3/3 3451/3/3 3457/3/3
f 3459/3/3 3451/3/3 3458/3/3
f 3460/3/3 3451/3/3 3459/3/3
f 3462/3/3 3454/3/3 3453/3/3
f 3463/3/3 3456/3/3 3455/3/3
f 3465/3/3 3459/3/3 3458/3/3
f 3466/3/3 3459/3/3 3465/3/3
f 3467/3/3 3459/3/3 3466/3/3
f 3468/3/3 3459/3/3 3467/3/3
f 3470/3/3 3462/3/3 3461/3/3
f 3471/3/3 3464/3/3 3463/3/3
f 3473/3/3 3467/3/3 3466/3/3
f 3474/3/3 3467/3/3 3473/3/3
f 3475/3/3 3467/3/3 3474/3/3
f 3476/3/3 3467/3/3 3475/3/3
f 3478/3/3 3470/3/3 3469/3/3
f 3479/3/3 3472/3/3 3471/3/3
f 3481/3/3 3475/3/3 3474/3/3
f 3482/3/3 3475/3/3 3481/3/3
f 3483/3/3 3475/3/3 3482/3/3
f 3484/3/3 3475/3/3 3483/3/3
f 3486/3/3 3478/3/3 3477/3/3
f 3487/3/3 3480/3/3 3479/3/3
f 3489/3/3 3483/3/3 3482/3/3
f 3490/3/3 3483/3/3 3489/3/3
f 3492/3/3 3486/3/3 3485/3/3
f 3493/3/3 3488/3/3 3487/3/3
f 3496/3/3 3492/3/3 3491/3/3
f 3497/3/3 3494/3/3 3493/3/3
f 3497/3/3 3493/3/3 3487/3/3
f 3498/3/3 3494/3/3 3497/3/3
f 3499/3/3 3496/3/3 3495/3/3
f 3500/3/3 3492/3/3 3496/3/3
f 3500/3/3 3496/3/3 3499/3/3
f 3501/3/3 3487/3/3 3479/3/3
f 3501/3/3 3497/3/3 3487/3/3
f 3502/3/3 3497/3/3 3501/3/3
f 3505/3/3 3492/3/3 3500/3/3
f 3506/3/3 3486/3/3 3492/3/3
f 3506/3/3 3492/3/3 3505/3/3
f 3507/3/3 3479/3/3 3471/3/3
f 3507/3/3 3501/3/3 3479/3/3
f 3508/3/3 3501/3/3 3507/3/3
f 3510/3/3 3504/3/3 3503/3/3
f 3511/3/3 3504/3/3 3510/3/3
f 3513/3/3 3486/3/3 3506/3/3
f 3514/3/3 3478/3/3 3486/3/3
f 3514/3/3 3486/3/3 3513/3/3
f 3515/3/3 3471/3/3 3463/3/3
f 3515/3/3 3507/3/3 3471/3/3
f 3516/3/3 3507/3/3 3515/3/3
f 3518/3/3 3511/3/3 3510/3/3
f 3518/3/3 3512/3/3 3511/3/3
f 3518/3/3 3510/3/3 3509/3/3
f 3519/3/3 3512/3/3 3518/3/3
f 3521/3/3 3478/3/3 3514/3/3
f 3522/3/3 3470/3/3 3478/3/3
f 3522/3/3 3478/3/3 3521/3/3
f 3523/3/3 3463/3/3 3455/3/3
f 3523/3/3 3515/3/3 3463/3/3
f 3524/3/3 3515/3/3 3523/3/3
f 3526/3/3 3520/3/3 3519/3/3
f 3526/3/3 3519/3/3 3518/3/3
f 3526/3/3 3518/3/3 3517/3/3
f 3527/3/3 3520/3/3 3526/3/3
f 3529/3/3 3470/3/3 3522/3/3
f 3530/3/3 3462/3/3 3470/3/3
f 3530/3/3 3470/3/3 3529/3/3
f 3531/3/3 3455/3/3 3447/3/3
f 3531/3/3 3523/3/3 3455/3/3
f 3532/3/3 3523/3/3 3531/3/3
f 3534/3/3 3527/3/3 3526/3/3
f 3534/3/3 3528/3/3 3527/3/3
f 3534/3/3 3526/3/3 3525/3/3
f 3535/3/3 3528/3/3 3534/3/3
f 3537/3/3 3462/3/3 3530/3/3
f 3538/3/3 3454/3/3 3462/3/3
f 3538/3/3 3462/3/3 3537/3/3
f 3539/3/3 3447/3/3 3439/3/3
f 3539/3/3 3531/3/3 3447/3/3
f 3540/3/3 3531/3/3 3539/3/3
f 3542/3/3 3536/3/3 3535/3/3
f 3542/3/3 3535/3/3 3534/3/3
f 3542/3/3 3534/3/3 3533/3/3
f 3543/3/3 3536/3/3 3542/3/3
f 3545/3/3 3454/3/3 3538/3/3
f 3546/3/3 3446/3/3 3454/3/3
f 3546/3/3 3454/3/3 3545/3/3
f 3547/3/3 3439/3/3 3431/3/3
f 3547/3/3 3539/3/3 3439/3/3
f 3548/3/3 3539/3/3 3547/3/3
f 3550/3/3 3543/3/3 3542/3/3
f 3550/3/3 3544/3/3 3543/3/3
f 3550/3/3 3542/3/3 3541/3/3
f 3551/3/3 3544/3/3 3550/3/3
f 3553/3/3 3446/3/3 3546/3/3
f 3554/3/3 3438/3/3 3446/3/3
f 3554/3/3 3446/3/3 3553/3/3
f 3555/3/3 3431/3/3 3423/3/3
f 3555/3/3 3547/3/3 3431/3/3
f 3556/3/3 3547/3/3 3555/3/3
f 3558/3/3 3552/3/3 3551/3/3
f 3558/3/3 3551/3/3 3550/3/3
f 3558/3/3 3550/3/3 3549/3/3
f 3559/3/3 3552/3/3 3558/3/3
f 3561/3/3 3438/3/3 3554/3/3
f 3562/3/3 3430/3/3 3438/3/3
f 3562/3/3 3438/3/3 3561/3/3
f 3563/3/3 3423/3/3 3415/3/3
f 3563/3/3 3555/3/3 3423/3/3
f 3564/3/3 3555/3/3 3563/3/3
f 3566/3/3 3559/3/3 3558/3/3
f 3566/3/3 3560/3/3 3559/3/3
f 3566/3/3 3558/3/3 3557/3/3
f 3567/3/3 3560/3/3 3566/3/3
f 3569/3/3 3430/3/3 3562/3/3
f 3570/3/3 3422/3/3 3430/3/3
f 3570/3/3 3430/3/3 3569/3/3
f 3571/3/3 3415/3/3 3407/3/3
f 3571/3/3 3563/3/3 3415/3/3
f 3572/3/3 3563/3/3 3571/3/3
f 3574/3/3 3568/3/3 3567/3/3
f 3574/3/3 3567/3/3 3566/3/3
f 3574/3/3 3566/3/3 3565/3/3
f 3575/3/3 3568/3/3 3574/3/3
f 3577/3/3 3422/3/3 3570/3/3
f 3578/3/3 3414/3/3 3422/3/3
f 3578/3/3 3422/3/3 3577/3/3
f 3579/3/3 3407/3/3 3399/3/3
f 3579/3/3 3571/3/3 3407/3/3
f 3580/3/3 3571/3/3 3579/3/3
f 3582/3/3 3575/3/3 3574/3/3
f 3582/3/3 3576/3/3 3575/3/3
f 3582/3/3 3574/3/3 3573/3/3
f 3583/3/3 3576/3/3 3582/3/3
f 3585/3/3 3414/3/3 3578/3/3
f 3586/3/3 3406/3/3 3414/3/3
f 3586/3/3 3414/3/3 3585/3/3
f 3587/3/3 3399/3/3 3391/3/3
f 3587/3/3 3579/3/3 3399/3/3
f 3588/3/3 3579/3/3 3587/3/3
f 3590/3/3 3584/3/3 3583/3/3
f 3590/3/3 3583/3/3 3582/3/3
f 3590/3/3 3582/3/3 3581/3/3
f 3591/3/3 3584/3/3 3590/3/3
f 3593/3/3 3406/3/3 3586/3/3
f 3594/3/3 3398/3/3 3406/3/3
f 3594/3/3 3406/3/3 3593/3/3
f 3595/3/3 3391/3/3 3383/3/3
f 3595/3/3 3587/3/3 3391/3/3
f 3596/3/3 3587/3/3 3595/3/3
f 3598/3/3 3591/3/3 3590/3/3
f 3598/3/3 3592/3/3 3591/3/3
f 3598/3/3 3590/3/3 3589/3/3
f 3599/3/3 3592/3/3 3598/3/3
f 3601/3/3 3398/3/3 3594/3/3
f 3602/3/3 3390/3/3 3398/3/3
f 3602/3/3 3398/3/3 3601/3/3
f 3603/3/3 3383/3/3 3375/3/3
f 3603/3/3 3595/3/3 3383/3/3
f 3604/3/3 3595/3/3 3603/3/3
f 3606/3/3 3600/3/3 3599/3/3
f 3606/3/3 3599/3/3 3598/3/3
f 3606/3/3 3598/3/3 3597/3/3
f 3607/3/3 3600/3/3 3606/3/3
f 3609/3/3 3390/3/3 3602/3/3
f 3610/3/3 3382/3/3 3390/3/3
f 3610/3/3 3390/3/3 3609/3/3
f 3611/3/3 3603/3/3 3375/3/3
f 3612/3/3 3603/3/3 3611/3/3
f 3614/3/3 3608/3/3 3607/3/3
f 3614/3/3 3607/3/3 3606/3/3
f 3614/3/3 3606/3/3 3605/3/3
f 3615/3/3 3608/3/3 3614/3/3
f 3617/3/3 3382/3/3 3610/3/3
f 3618/3/3 3382/3/3 3617/3/3
f 3620/3/3 3616/3/3 3615/3/3
f 3620/3/3 3614/3/3 3613/3/3
f 3620/3/3 3615/3/3 3614/3/3
f 3621/3/3 3616/3/3 3620/3/3
f 3623/3/3 3620/3/3 3619/3/3
f 3623/3/3 3622/3/3 3621/3/3
f 3623/3/3 3621/3/3 3620/3/3
f 3624/3/3 3622/3/3 3623/3/3
f 3629/2/3 3626/2/3 3625/2/3
f 3630/2/3 3626/2/3 3629/2/3
f 3631/2/3 3628/2/3 3627/2/3
f 3632/2/3 3628/2/3 3631/2/3
f 3637/2/3 3634/2/3 3633/2/3
f 3638/2/3 3634/2/3 3637/2/3
f 3639/2/3 3636/2/3 3635/2/3
f 3640/2/3 3636/2/3 3639/2/3
f 3645/2/3 3642/2/3 3641/2/3
f 3646/2/3 3642/2/3 3645/2/3
f 3647/2/3 3644/2/3 3643/2/3
f 3648/2/3 3644/2/3 3647/2/3
f 3653/2/3 3650/2/3 3649/2/3
f 3654/2/3 3650/2/3 3653/2/3
f 3655/2/3 3652/2/3 3651/2/3
f 3656/2/3 3652/2/3 3655/2/3
f 3661/2/3 3658/2/3 3657/2/3
f 3662/2/3 3658/2/3 3661/2/3
f 3663/2/3 3660/2/3 3659/2/3
f 3664/2/3 3660/2/3 3663/2/3
f 3669/2/3 3666/2/3 3665/2/3
f 3670/2/3 3666/2/3 3669/2/3
f 3671/2/3 3668/2/3 3667/2/3
f 3672/2/3 3668/2/3 3671/2/3
f 3677/2/3 3674/2/3 3673/2/3
f 3678/2/3 3674/2/3 3677/2/3
f 3679/2/3 3676/2/3 3675/2/3
f 3680/2/3 3676/2/3 3679/2/3
f 3685/2/3 3682/2/3 3681/2/3
f 3686/2/3 3682/2/3 3685/2/3
f 3687/2/3 3684/2/3 3683/2/3
f 3688/2/3 3684/2/3 3687/2/3
f 3693/2/3 3690/2/3 3689/2/3
f 3694/2/3 3690/2/3 3693/2/3
f 3695/2/3 3692/2/3 3691/2/3
f 3696/2/3 3692/2/3 3695/2/3
f 3701/2/3 3698/2/3 3697/2/3
f 3702/2/3 3698/2/3 3701/2/3
f 3703/2/3 3700/2/3 3699/2/3
f 3704/2/3 3700/2/3 3703/2/3
f 3709/2/3 3706/2/3 3705/2/3
f 3710/2/3 3706/2/3 3709/2/3
f 3711/2/3 3708/2/3 3707/2/3
f 3712/2/3 3708/2/3 3711/2/3
f 3717/2/3 3714/2/3 3713/2/3
f 3718/2/3 3714/2/3 3717/2/3
f 3719/2/3 3716/2/3 3715/2/3
f 3720/2/3 3716/2/3 3719/2/3
f 3725/2/3 3722/2/3 3721/2/3
f 3726/2/3 3722/2/3 3725/2/3
f 3727/2/3 3724/2/3 3723/2/3
f 3728/2/3 3724/2/3 3727/2/3
f 3733/2/3 3730/2/3 3729/2/3
f 3734/2/3 3730/2/3 3733/2/3
f 3735/2/3 3732/2/3 3731/2/3
f 3736/2/3 3732/2/3 3735/2/3
f 3741/2/3 3738/2/3 3737/2/3
f 3742/2/3 3738/2/3 3741/2/3
f 3743/2/3 3740/2/3 3739/2/3
f 3744/2/3 3740/2/3 3743/2/3
f 3749/2/3 3746/2/3 3745/2/3
f 3750/2/3 3746/2/3 3749/2/3
f 3751/2/3 3748/2/3 3747/2/3
f 3752/2/3 3748/2/3 3751/2/3
f 3757/2/3 3754/2/3 3753/2/3
f 3758/2/3 3754/2/3 3757/2/3
f 3759/2/3 3756/2/3 3755/2/3
f 3760/2/3 3756/2/3 3759/2/3
f 3765/2/3 3762/2/3 3761/2/3
f 3766/2/3 3762/2/3 3765/2/3
f 3767/2/3 3764/2/3 3763/2/3
f 3768/2/3 3764/2/3 3767/2/3
f 3773/2/3 3770/2/3 3769/2/3
f 3774/2/3 3770/2/3 3773/2/3
f 3775/2/3 3772/2/3 3771/2/3
f 3776/2/3 3772/2/3 3775/2/3
f 3781/2/3 3778/2/3 3777/2/3
f 3782/2/3 3778/2/3 3781/2/3
f 3783/2/3 3780/2/3 3779/2/3
f 3784/2/3 3780/2/3 3783/2/3
f 3789/2/3 3786/2/3 3785/2/3
f 3790/2/3 3786/2/3 3789/2/3
f 3791/2/3 3788/2/3 3787/2/3
f 3792/2/3 3788/2/3 3791/2/3
f 3797/2/3 3794/2/3 3793/2/3
f 3798/2/3 3794/2/3 3797/2/3
f 3799/2/3 3796/2/3 3795/2/3
f 3800/2/3 3796/2/3 3799/2/3
f 3805/2/3 3802/2/3 3801/2/3
f 3806/2/3 3802/2/3 3805/2/3
f 3807/2/3 3804/2/3 3803/2/3
f 3808/2/3 3804/2/3 3807/2/3
f 3813/2/3 3810/2/3 3809/2/3
f 3814/2/3 3810/2/3 3813/2/3
f 3815/2/3 3812/2/3 3811/2/3
f 3816/2/3 3812/2/3 3815/2/3
f 3821/2/3 3818/2/3 3817/2/3
f 3822/2/3 3818/2/3 3821/2/3
f 3823/2/3 3820/2/3 3819/2/3
f 3824/2/3 3820/2/3 3823/2/3
f 3829/2/3 3826/2/3 3825/2/3
f 3830/2/3 3826/2/3 3829/2/3
f 3831/2/3 3828/2/3 3827/2/3
f 3832/2/3 3828/2/3 3831/2/3
f 3837/2/3 3834/2/3 3833/2/3
f 3838/2/3 3834/2/3 3837/2/3
f 3839/2/3 3836/2/3 3835/2/3
f 3840/2/3 3836/2/3 3839/2/3
f 3845/2/3 3842/2/3 3841/2/3
f 3846/2/3 3842/2/3 3845/2/3
f 3847/2/3 3844/2/3 3843/2/3
f 3848/2/3 3844/2/3 3847/2/3
f 3853/2/3 3850/2/3 3849/2/3
f 3854/2/3 3850/2/3 3853/2/3
f 3855/2/3 3852/2/3 3851/2/3
f 3856/2/3 3852/2/3 3855/2/3
f 3861/2/3 3858/2/3 3857/2/3
f 3862/2/3 3858/2/3 3861/2/3
f 3863/2/3 3860/2/3 3859/2/3
f 3864/2/3 3860/2/3 3863/2/3
f 3869/2/3 3866/2/3 3865/2/3
f 3870/2/3 3866/2/3 3869/2/3
f 3871/2/3 3868/2/3 3867/2/3
f 3872/2/3 3868/2/3 3871/2/3
f 3877/2/3 3874/2/3 3873/2/3
f 3878/2/3 3874/2/3 3877/2/3
f 3879/2/3 3876/2/3 3875/2/3
f 3880/2/3 3876/2/3 3879/2/3
f 3885/2/3 3882/2/3 3881/2/3
f 3886/2/3 3882/2/3 3885/2/3
f 3887/2/3 3884/2/3 3883/2/3
f 3888/2/3 3884/2/3 3887/2/3
f 3893/2/3 3890/2/3 3889/2/3
f 3894/2/3 3890/2/3 3893/2/3
f 3895/2/3 3892/2/3 3891/2/3
f 3896/2/3 3892/2/3 3895/2/3
f 3901/2/3 3898/2/3 3897/2/3
f 3902/2/3 3898/2/3 3901/2/3
f 3903/2/3 3900/2/3 3899/2/3
f 3904/2/3 3900/2/3 3903/2/3
f 3909/2/3 3906/2/3 3905/2/3
f 3910/2/3 3906/2/3 3909/2/3
f 3911/2/3 3908/2/3 3907/2/3
f 3912/2/3 3908/2/3 3911/2/3
f 3917/2/3 3914/2/3 3913/2/3
f 3918/2/3 3914/2/3 3917/2/3
f 3919/2/3 3916/2/3 3915/2/3
f 3920/2/3 3916/2/3 3919/2/3
f 3925/2/3 3922/2/3 3921/2/3
f 3926/2/3 3922/2/3 3925/2/3
f 3927/2/3 3924/2/3 3923/2/3
f 3928/2/3 3924/2/3 3927/2/3
f 3933/2/3 3930/2/3 3929/2/3
f 3934/2/3 3930/2/3 3933/2/3
f 3935/2/3 3932/2/3 3931/2/3
f 3936/2/3 3932/2/3 3935/2/3
f 3941/2/3 3938/2/3 3937/2/3
f 3942/2/3 3938/2/3 3941/2/3
f 3943/2/3 3940/2/3 3939/2/3
f 3944/2/3 3940/2/3 3943/2/3
f 3949/2/3 3946/2/3 3945/2/3
f 3950/2/3 3946/2/3 3949/2/3
f 3951/2/3 3948/2/3 3947/2/3
f 3952/2/3 3948/2/3 3951/2/3
f 3957/2/3 3954/2/3 3953/2/3
f 3958/2/3 3954/2/3 3957/2/3
f 3959/2/3 3956/2/3 3955/2/3
f 3960/2/3 3956/2/3 3959/2/3
f 3965/2/3 3962/2/3 3961/2/3
f 3966/2/3 3962/2/3 3965/2/3
f 3967/2/3 3964/2/3 3963/2/3
f 3968/2/3 3964/2/3 3967/2/3
f 3973/2/3 3970/2/3 3969/2/3
f 3974/2/3 3970/2/3 3973/2/3
f 3975/2/3 3972/2/3 3971/2/3
f 3976/2/3 3972/2/3 3975/2/3
f 3981/2/3 3978/2/3 3977/2/3
f 3982/2/3 3978/2/3 3981/2/3
f 3983/2/3 3980/2/3 3979/2/3
f 3984/2/3 3980/2/3 3983/2/3
f 3989/2/3 3986/2/3 3985/2/3
f 3990/2/3 3986/2/3 3989/2/3
f 3991/2/3 3988/2/3 3987/2/3
f 3992/2/3 3988/2/3 3991/2/3
f 3997/2/3 3994/2/3 3993/2/3
f 3998/2/3 3994/2/3 3997/2/3
f 3999/2/3 3996/2/3 3995/2/3
f 4000/2/3 3996/2/3 3999/2/3
f 4005/2/3 4002/2/3 4001/2/3
f 4006/2/3 4002/2/3 4005/2/3
f 4007/2/3 4004/2/3 4003/2/3
f 4008/2/3 4004/2/3 4007/2/3
f 4013/2/3 4010/2/3 4009/2/3
f 4014/2/3 4010/2/3 4013/2/3
f 4015/2/3 4012/2/3 4011/2/3
f 4016/2/3 4012/2/3 4015/2/3
f 4021/2/3 4018/2/3 4017/2/3
f 4022/2/3 4018/2/3 4021/2/3
f 4023/2/3 4020/2/3 4019/2/3
f 4024/2/3 4020/2/3 4023/2/3
f 4029/2/3 4026/2/3 4025/2/3
f 4030/2/3 4026/2/3 4029/2/3
f 4031/2/3 4028/2/3 4027/2/3
f 4032/2/3 4028/2/3 4031/2/3
f 4037/2/3 4034/2/3 4033/2/3
f 4038/2/3 4034/2/3 4037/2/3
f 4039/2/3 4036/2/3 4035/2/3
f 4040/2/3 4036/2/3 4039/2/3
f 4045/2/3 4042/2/3 4041/2/3
f 4046/2/3 4042/2/3 4045/2/3
f 4047/2/3 4044/2/3 4043/2/3
f 4048/2/3 4044/2/3 4047/2/3
f 4053/2/3 4050/2/3 4049/2/3
f 4054/2/3 4050/2/3 4053/2/3
f 4055/2/3 4052/2/3 4051/2/3
f 4056/2/3 4052/2/3 4055/2/3
f 4061/2/3 4058/2/3 4057/2/3
f 4062/2/3 4058/2/3 4061/2/3
f 4063/2/3 4060/2/3 4059/2/3
f 4064/2/3 4060/2/3 4063/2/3
f 4069/2/3 4066/2/3 4065/2/3
f 4070/2/3 4066/2/3 4069/2/3
f 4071/2/3 4068/2/3 4067/2/3
f 4072/2/3 4068/2/3 4071/2/3
f 4077/2/3 4074/2/3 4073/2/3
f 4078/2/3 4074/2/3 4077/2/3
f 4079/2/3 4076/2/3 4075/2/3
f 4080/2/3 4076/2/3 4079/2/3
f 4085/2/3 4082/2/3 4081/2/3
f 4086/2/3 4082/2/3 4085/2/3
f 4087/2/3 4084/2/3 4083/2/3
f 4088/2/3 4084/2/3 4087/2/3
f 4093/2/3 4090/2/3 4089/2/3
f 4094/2/3 4090/2/3 4093/2/3
f 4095/2/3 4092/2/3 4091/2/3
f 4096/2/3 4092/2/3 4095/2/3
f 4101/2/3 4098/2/3 4097/2/3
f 4102/2/3 4098/2/3 4101/2/3
f 4103/2/3 4100/2/3 4099/2/3
f 4104/2/3 4100/2/3 4103/2/3
f 4107/2/3 4106/2/3 4105/2/3
f 4108/2/3 4106/2/3 4107/2/3
f 4113/2/3 4110/2/3 4109/2/3
f 4114/2/3 4110/2/3 4113/2/3
f 4115/2/3 4112/2/3 4111/2/3
f 4116/2/3 4112/2/3 4115/2/3
f 4119/2/3 4118/2/3 4117/2/3
f 4120/2/3 4118/2/3 4119/2/3
f 4125/2/3 4122/2/3 4121/2/3
f 4126/2/3 4122/2/3 4125/2/3
f 4127/2/3 4124/2/3 4123/2/3
f 4128/2/3 4124/2/3 4127/2/3
f 4133/2/3 4130/2/3 4129/2/3
f 4134/2/3 4130/2/3 4133/2/3
f 4135/2/3 4132/2/3 4131/2/3
f 4136/2/3 4132/2/3 4135/2/3
f 4141/2/3 4138/2/3 4137/2/3
f 4142/2/3 4138/2/3 4141/2/3
f 4143/2/3 4140/2/3 4139/2/3
f 4144/2/3 4140/2/3 4143/2/3
f 4149/2/3 4146/2/3 4145/2/3
f 4150/2/3 4146/2/3 4149/2/3
f 4151/2/3 4148/2/3 4147/2/3
f 4152/2/3 4148/2/3 4151/2/3
f 4157/2/3 4154/2/3 4153/2/3
f 4158/2/3 4154/2/3 4157/2/3
f 4159/2/3 4156/2/3 4155/2/3
f 4160/2/3 4156/2/3 4159/2/3
f 4165/2/3 4162/2/3 4161/2/3
f 4166/2/3 4162/2/3 4165/2/3
f 4167/2/3 4164/2/3 4163/2/3
f 4168/2/3 4164/2/3 4167/2/3
f 4173/2/3 4170/2/3 4169/2/3
f 4174/2/3 4170/2/3 4173/2/3
f 4175/2/3 4172/2/3 4171/2/3
f 4176/2/3 4172/2/3 4175/2/3
f 4181/2/3 4178/2/3 4177/2/3
f 4182/2/3 4178/2/3 4181/2/3
f 4183/2/3 4180/2/3 4179/2/3
f 4184/2/3 4180/2/3 4183/2/3
f 4189/2/3 4186/2/3 4185/2/3
f 4190/2/3 4186/2/3 4189/2/3
f 4191/2/3 4188/2/3 4187/2/3
f 4192/2/3 4188/2/3 4191/2/3
f 4197/2/3 4194/2/3 4193/2/3
f 4198/2/3 4194/2/3 4197/2/3
f 4199/2/3 4196/2/3 4195/2/3
f 4200/2/3 4196/2/3 4199/2/3
f 4205/2/3 4202/2/3 4201/2/3
f 4206/2/3 4202/2/3 4205/2/3
f 4207/2/3 4204/2/3 4203/2/3
f 4208/2/3 4204/2/3 4207/2/3
f 4213/2/3 4210/2/3 4209/2/3
f 4214/2/3 4210/2/3 4213/2/3
f 4215/2/3 4212/2/3 4211/2/3
f 4216/2/3 4212/2/3 4215/2/3
f 4221/2/3 4218/2/3 4217/2/3
f 4222/2/3 4218/2/3 4221/2/3
f 4223/2/3 4220/2/3 4219/2/3
f 4224/2/3 4220/2/3 4223/2/3
f 4229/2/3 4226/2/3 4225/2/3
f 4230/2/3 4226/2/3 4229/2/3
f 4231/2/3 4228/2/3 4227/2/3
f 4232/2/3 4228/2/3 4231/2/3
f 4237/2/3 4234/2/3 4233/2/3
f 4238/2/3 4234/2/3 4237/2/3
f 4239/2/3 4236/2/3 4235/2/3
f 4240/2/3 4236/2/3 4239/2/3
f 4245/2/3 4242/2/3 4241/2/3
f 4246/2/3 4242/2/3 4245/2/3
f 4247/2/3 4244/2/3 4243/2/3
f 4248/2/3 4244/2/3 4247/2/3
f 4253/2/3 4250/2/3 4249/2/3
f 4254/2/3 4250/2/3 4253/2/3
f 4255/2/3 4252/2/3 4251/2/3
f 4256/2/3 4252/2/3 4255/2/3
f 4261/2/3 4258/2/3 4257/2/3
f 4262/2/3 4258/2/3 4261/2/3
f 4263/2/3 4260/2/3 4259/2/3
f 4264/2/3 4260/2/3 4263/2/3
f 4269/2/3 4266/2/3 4265/2/3
f 4270/2/3 4266/2/3 4269/2/3
f 4271/2/3 4268/2/3 4267/2/3
f 4272/2/3 4268/2/3 4271/2/3
f 4277/2/3 4274/2/3 4273/2/3
f 4278/2/3 4274/2/3 4277/2/3
f 4279/2/3 4276/2/3 4275/2/3
f 4280/2/3 4276/2/3 4279/2/3
f 4285/2/3 4282/2/3 4281/2/3
f 4286/2/3 4282/2/3 4285/2/3
f 4287/2/3 4284/2/3 4283/2/3
f 4288/2/3 4284/2/3 4287/2/3
f 4293/2/3 4290/2/3 4289/2/3
f 4294/2/3 4290/2/3 4293/2/3
f 4295/2/3 4292/2/3 4291/2/3
f 4296/2/3 4292/2/3 4295/2/3
f 4301/2/3 4298/2/3 4297/2/3
f 4302/2/3 4298/2/3 4301/2/3
f 4303/2/3 4300/2/3 4299/2/3
f 4304/2/3 4300/2/3 4303/2/3
f 4309/2/3 4306/2/3 4305/2/3
f 4310/2/3 4306/2/3 4309/2/3
f 4311/2/3 4308/2/3 4307/2/3
f 4312/2/3 4308/2/3 4311/2/3
f 4317/2/3 4314/2/3 4313/2/3
f 4318/2/3 4314/2/3 4317/2/3
f 4319/2/3 4316/2/3 4315/2/3
f 4320/2/3 4316/2/3 4319/2/3
f 4325/2/3 4322/2/3 4321/2/3
f 4326/2/3 4322/2/3 4325/2/3
f 4327/2/3 4324/2/3 4323/2/3
f 4328/2/3 4324/2/3 4327/2/3
f 4333/2/3 4330/2/3 4329/2/3
f 4334/2/3 4330/2/3 4333/2/3
f 4335/2/3 4332/2/3 4331/2/3
f 4336/2/3 4332/2/3 4335/2/3
f 4341/2/3 4338/2/3 4337/2/3
f 4342/2/3 4338/2/3 4341/2/3
f 4343/2/3 4340/2/3 4339/2/3
f 4344/2/3 4340/2/3 4343/2/3
f 4349/2/3 4346/2/3 4345/2/3
f 4350/2/3 4346/2/3 4349/2/3
f 4351/2/3 4348/2/3 4347/2/3
f 4352/2/3 4348/2/3 4351/2/3
f 4357/2/3 4354/2/3 4353/2/3
f 4358/2/3 4354/2/3 4357/2/3
f 4359/2/3 4356/2/3 4355/2/3
f 4360/2/3 4356/2/3 4359/2/3
f 4365/2/3 4362/2/3 4361/2/3
f 4366/2/3 4362/2/3 4365/2/3
f 4367/2/3 4364/2/3 4363/2/3
f 4368/2/3 4364/2/3 4367/2/3
f 4373/2/3 4370/2/3 4369/2/3
f 4374/2/3 4370/2/3 4373/2/3
f 4375/2/3 4372/2/3 4371/2/3
f 4376/2/3 4372/2/3 4375/2/3
f 4381/2/3 4378/2/3 4377/2/3
f 4382/2/3 4378/2/3 4381/2/3
f 4383/2/3 4380/2/3 4379/2/3
f 4384/2/3 4380/2/3 4383/2/3
f 4389/2/3 4386/2/3 4385/2/3
f 4390/2/3 4386/2/3 4389/2/3
f 4391/2/3 4388/2/3 4387/2/3
f 4392/2/3 4388/2/3 4391/2/3
f 4397/2/3 4394/2/3 4393/2/3
f 4398/2/3 4394/2/3 4397/2/3
f 4399/2/3 4396/2/3 4395/2/3
f 4400/2/3 4396/2/3 4399/2/3
f 4405/2/3 4402/2/3 4401/2/3
f 4406/2/3 4402/2/3 4405/2/3
f 4407/2/3 4404/2/3 4403/2/3
f 4408/2/3 4404/2/3 4407/2/3
f 4413/2/3 4410/2/3 4409/2/3
f 4414/2/3 4410/2/3 4413/2/3
f 4415/2/3 4412/2/3 4411/2/3
f 4416/2/3 4412/2/3 4415/2/3
f 4421/2/3 4418/2/3 4417/2/3
f 4422/2/3 4418/2/3 4421/2/3
f 4423/2/3 4420/2/3 4419/2/3
f 4424/2/3 4420/2/3 4423/2/3
f 4429/2/3 4426/2/3 4425/2/3
f 4430/2/3 4426/2/3 4429/2/3
f 4431/2/3 4428/2/3 4427/2/3
f 4432/2/3 4428/2/3 4431/2/3
f 4437/2/3 4434/2/3 4433/2/3
f 4438/2/3 4434/2/3 4437/2/3
f 4439/2/3 4436/2/3 4435/2/3
f 4440/2/3 4436/2/3 4439/2/3
f 4445/2/3 4442/2/3 4441/2/3
f 4446/2/3 4442/2/3 4445/2/3
f 4447/2/3 4444/2/3 4443/2/3
f 4448/2/3 4444/2/3 4447/2/3
f 4453/2/3 4450/2/3 4449/2/3
f 4454/2/3 4450/2/3 4453/2/3
f 4455/2/3 4452/2/3 4451/2/3
f 4456/2/3 4452/2/3 4455/2/3
f 4461/2/3 4458/2/3 4457/2/3
f 4462/2/3 4458/2/3 4461/2/3
f 4463/2/3 4460/2/3 4459/2/3
f 4464/2/3 4460/2/3 4463/2/3
f 4469/2/3 4466/2/3 4465/2/3
f 4470/2/3 4466/2/3 4469/2/3
f 4471/2/3 4468/2/3 4467/2/3
f 4472/2/3 4468/2/3 4471/2/3
f 4477/2/3 4474/2/3 4473/2/3
f 4478/2/3 4474/2/3 4477/2/3
f 4479/2/3 4476/2/3 4475/2/3
f 4480/2/3 4476/2/3 4479/2/3
f 4485/2/3 4482/2/3 4481/2/3
f 4486/2/3 4482/2/3 4485/2/3
f 4487/2/3 4484/2/3 4483/2/3
f 4488/2/3 4484/2/3 4487/2/3
f 4493/2/3 4490/2/3 4489/2/3
f 4494/2/3 4490/2/3 4493/2/3
f 4495/2/3 4492/2/3 4491/2/3
f 4496/2/3 4492/2/3 4495/2/3
f 4501/2/3 4498/2/3 4497/2/3
f 4502/2/3 4498/2/3 4501/2/3
f 4503/2/3 4500/2/3 4499/2/3
f 4504/2/3 4500/2/3 4503/2/3
f 4509/2/3 4506/2/3 4505/2/3
f 4510/2/3 4506/2/3 4509/2/3
f 4511/2/3 4508/2/3 4507/2/3
f 4512/2/3 4508/2/3 4511/2/3
f 4517/2/3 4514/2/3 4513/2/3
f 4518/2/3 4514/2/3 4517/2/3
f 4519/2/3 4516/2/3 4515/2/3
f 4520/2/3 4516/2/3 4519/2/3
f 4525/2/3 4522/2/3 4521/2/3
f 4526/2/3 4522/2/3 4525/2/3
f 4527/2/3 4524/2/3 4523/2/3
f 4528/2/3 4524/2/3 4527/2/3
f 4533/2/3 4530/2/3 4529/2/3
f 4534/2/3 4530/2/3 4533/2/3
f 4535/2/3 4532/2/3 4531/2/3
f 4536/2/3 4532/2/3 4535/2/3
f 4541/2/3 4538/2/3 4537/2/3
f 4542/2/3 4538/2/3 4541/2/3
f 4543/2/3 4540/2/3 4539/2/3
f 4544/2/3 4540/2/3 4543/2/3
f 4549/2/3 4546/2/3 4545/2/3
f 4550/2/3 4546/2/3 4549/2/3
f 4551/2/3 4548/2/3 4547/2/3
f 4552/2/3 4548/2/3 4551/2/3
f 4557/2/3 4554/2/3 4553/2/3
f 4558/2/3 4554/2/3 4557/2/3
f 4559/2/3 4556/2/3 4555/2/3
f 4560/2/3 4556/2/3 4559/2/3
f 4565/2/3 4562/2/3 4561/2/3
f 4566/2/3 4562/2/3 4565/2/3
f 4567/2/3 4564/2/3 4563/2/3
f 4568/2/3 4564/2/3 4567/2/3
f 4573/2/3 4570/2/3 4569/2/3
f 4574/2/3 4570/2/3 4573/2/3
f 4575/2/3 4572/2/3 4571/2/3
f 4576/2/3 4572/2/3 4575/2/3
f 4581/2/3 4578/2/3 4577/2/3
f 4582/2/3 4578/2/3 4581/2/3
f 4583/2/3 4580/2/3 4579/2/3
f 4584/2/3 4580/2/3 4583/2/3
f 4589/2/3 4586/2/3 4585/2/3
f 4590/2/3 4586/2/3 4589/2/3
f 4591/2/3 4588/2/3 4587/2/3
f 4592/2/3 4588/2/3 4591/2/3
f 4597/2/3 4594/2/3 4593/2/3
f 4598/2/3 4594/2/3 4597/2/3
f 4599/2/3 4596/2/3 4595/2/3
f 4600/2/3 4596/2/3 4599/2/3
f 4605/2/3 4602/2/3 4601/2/3
f 4606/2/3 4602/2/3 4605/2/3
f 4607/2/3 4604/2/3 4603/2/3
f 4608/2/3 4604/2/3 4607/2/3
f 4613/2/3 4610/2/3 4609/2/3
f 4614/2/3 4610/2/3 4613/2/3
f 4615/2/3 4612/2/3 4611/2/3
f 4616/2/3 4612/2/3 4615/2/3
f 4621/2/3 4618/2/3 4617/2/3
f 4622/2/3 4618/2/3 4621/2/3
f 4623/2/3 4620/2/3 4619/2/3
f 4624/2/3 4620/2/3 4623/2/3
f 4629/2/3 4626/2/3 4625/2/3
f 4630/2/3 4626/2/3 4629/2/3
f 4631/2/3 4628/2/3 4627/2/3
f 4632/2/3 4628/2/3 4631/2/3
f 4635/2/3 4634/2/3 4633/2/3
f 4636/2/3 4634/2/3 4635/2/3
f 4641/2/3 4638/2/3 4637/2/3
f 4642/2/3 4638/2/3 4641/2/3
f 4643/2/3 4640/2/3 4639/2/3
f 4644/2/3 4640/2/3 4643/2/3
f 4647/2/3 4646/2/3 4645/2/3
f 4648/2/3 4646/2/3 4647/2/3
f 4649/2/4 4650/2/4 4651/2/4
f 4651/2/4 4650/2/4 4652/2/4
f 4653/2/4 4654/2/4 4657/2/4
f 4657/2/4 4654/2/4 4658/2/4
f 4655/2/4 4656/2/4 4659/2/4
f 4659/2/4 4656/2/4 4660/2/4
f 4661/2/4 4662/2/4 4663/2/4
f 4663/2/4 4662/2/4 4664/2/4
f 4665/2/4 4666/2/4 4669/2/4
f 4669/2/4 4666/2/4 4670/2/4
f 4667/2/4 4668/2/4 4671/2/4
f 4671/2/4 4668/2/4 4672/2/4
f 4673/2/4 4674/2/4 4677/2/4
f 4677/2/4 4674/2/4 4678/2/4
f 4675/2/4 4676/2/4 4679/2/4
f 4679/2/4 4676/2/4 4680/2/4
f 4681/2/4 4682/2/4 4685/2/4
f 4685/2/4 4682/2/4 4686/2/4
f 4683/2/4 4684/2/4 4687/2/4
f 4687/2/4 4684/2/4 4688/2/4
f 4689/2/4 4690/2/4 4693/2/4
f 4693/2/4 4690/2/4 4694/2/4
f 4691/2/4 4692/2/4 4695/2/4
f 4695/2/4 4692/2/4 4696/2/4
f 4697/2/4 4698/2/4 4701/2/4
f 4701/2/4 4698/2/4 4702/2/4
f 4699/2/4 4700/2/4 4703/2/4
f 4703/2/4 4700/2/4 4704/2/4
f 4705/2/4 4706/2/4 4709/2/4
f 4709/2/4 4706/2/4 4710/2/4
f 4707/2/4 4708/2/4 4711/2/4
f 4711/2/4 4708/2/4 4712/2/4
f 4713/2/4 4714/2/4 4717/2/4
f 4717/2/4 4714/2/4 4718/2/4
f 4715/2/4 4716/2/4 4719/2/4
f 4719/2/4 4716/2/4 4720/2/4
f 4721/2/4 4722/2/4 4725/2/4
f 4725/2/4 4722/2/4 4726/2/4
f 4723/2/4 4724/2/4 4727/2/4
f 4727/2/4 4724/2/4 4728/2/4
f 4729/2/4 4730/2/4 4733/2/4
f 4733/2/4 4730/2/4 4734/2/4
f 4731/2/4 4732/2/4 4735/2/4
f 4735/2/4 4732/2/4 4736/2/4
f 4737/2/4 4738/2/4 4741/2/4
f 4741/2/4 4738/2/4 4742/2/4
f 4739/2/4 4740/2/4 4743/2/4
f 4743/2/4 4740/2/4 4744/2/4
f 4745/2/4 4746/2/4 4749/2/4
f 4749/2/4 4746/2/4 4750/2/4
f 4747/2/4 4748/2/4 4751/2/4
f 4751/2/4 4748/2/4 4752/2/4
f 4753/2/4 4754/2/4 4757/2/4
f 4757/2/4 4754/2/4 4758/2/4
f 4755/2/4 4756/2/4 4759/2/4
f 4759/2/4 4756/2/4 4760/2/4
f 4761/2/4 4762/2/4 4765/2/4
f 4765/2/4 4762/2/4 4766/2/4
f 4763/2/4 4764/2/4 4767/2/4
f 4767/2/4 4764/2/4 4768/2/4
f 4769/2/4 4770/2/4 4773/2/4
f 4773/2/4 4770/2/4 4774/2/4
f 4771/2/4 4772/2/4 4775/2/4
f 4775/2/4 4772/2/4 4776/2/4
f 4777/2/4 4778/2/4 4781/2/4
f 4781/2/4 4778/2/4 4782/2/4
f 4779/2/4 4780/2/4 4783/2/4
f 4783/2/4 4780/2/4 4784/2/4
f 4785/2/4 4786/2/4 4789/2/4
f 4789/2/4 4786/2/4 4790/2/4
f 4787/2/4 4788/2/4 4791/2/4
f 4791/2/4 4788/2/4 4792/2/4
f 4793/2/4 4794/2/4 4797/2/4
f 4797/2/4 4794/2/4 4798/2/4
f 4795/2/4 4796/2/4 4799/2/4
f 4799/2/4 4796/2/4 4800/2/4
f 4801/2/4 4802/2/4 4805/2/4
f 4805/2/4 4802/2/4 4806/2/4
f 4803/2/4 4804/2/4 4807/2/4
f 4807/2/4 4804/2/4 4808/2/4
f 4809/2/4 4810/2/4 4813/2/4
f 4813/2/4 4810/2/4 4814/2/4
f 4811/2/4 4812/2/4 4815/2/4
f 4815/2/4 4812/2/4 4816/2/4
f 4817/2/4 4818/2/4 4821/2/4
f 4821/2/4 4818/2/4 4822/2/4
f 4819/2/4 4820/2/4 4823/2/4
f 4823/2/4 4820/2/4 4824/2/4
f 4825/2/4 4826/2/4 4829/2/4
f 4829/2/4 4826/2/4 4830/2/4
f 4827/2/4 4828/2/4 4831/2/4
f 4831/2/4 4828/2/4 4832/2/4
f 4833/2/4 4834/2/4 4837/2/4
f 4837/2/4 4834/2/4 4838/2/4
f 4835/2/4 4836/2/4 4839/2/4
f 4839/2/4 4836/2/4 4840/2/4
f 4841/2/4 4842/2/4 4845/2/4
f 4845/2/4 4842/2/4 4846/2/4
f 4843/2/4 4844/2/4 4847/2/4
f 4847/2/4 4844/2/4 4848/2/4
f 4849/2/4 4850/2/4 4853/2/4
f 4853/2/4 4850/2/4 4854/2/4
f 4851/2/4 4852/2/4 4855/2/4
f 4855/2/4 4852/2/4 4856/2/4
f 4857/2/4 4858/2/4 4861/2/4
f 4861/2/4 4858/2/4 4862/2/4
f 4859/2/4 4860/2/4 4863/2/4
f 4863/2/4 4860/2/4 4864/2/4
f 4865/2/4 4866/2/4 4869/2/4
f 4869/2/4 4866/2/4 4870/2/4
f 4867/2/4 4868/2/4 4871/2/4
f 4871/2/4 4868/2/4 4872/2/4
f 4873/2/4 4874/2/4 4877/2/4
f 4877/2/4 4874/2/4 4878/2/4
f 4875/2/4 4876/2/4 4879/2/4
f 4879/2/4 4876/2/4 4880/2/4
f 4881/2/4 4882/2/4 4885/2/4
f 4885/2/4 4882/2/4 4886/2/4
f 4883/2/4 4884/2/4 4887/2/4
f 4887/2/4 4884/2/4 4888/2/4
f 4889/2/4 4890/2/4 4893/2/4
f 4893/2/4 4890/2/4 4894/2/4
f 4891/2/4 4892/2/4 4895/2/4
f 4895/2/4 4892/2/4 4896/2/4
f 4897/2/4 4898/2/4 4901/2/4
f 4901/2/4 4898/2/4 4902/2/4
f 4899/2/4 4900/2/4 4903/2/4
f 4903/2/4 4900/2/4 4904/2/4
f 4905/2/4 4906/2/4 4909/2/4
f 4909/2/4 4906/2/4 4910/2/4
f 4907/2/4 4908/2/4 4911/2/4
f 4911/2/4 4908/2/4 4912/2/4
f 4913/2/4 4914/2/4 4917/2/4
f 4917/2/4 4914/2/4 4918/2/4
f 4915/2/4 4916/2/4 4919/2/4
f 4919/2/4 4916/2/4 4920/2/4
f 4921/2/4 4922/2/4 4925/2/4
f 4925/2/4 4922/2/4 4926/2/4
f 4923/2/4 4924/2/4 4927/2/4
f 4927/2/4 4924/2/4 4928/2/4
f 4929/2/4 4930/2/4 4933/2/4
f 4933/2/4 4930/2/4 4934/2/4
f 4931/2/4 4932/2/4 4935/2/4
f 4935/2/4 4932/2/4 4936/2/4
f 4937/2/4 4938/2/4 4941/2/4
f 4941/2/4 4938/2/4 4942/2/4
f 4939/2/4 4940/2/4 4943/2/4
f 4943/2/4 4940/2/4 4944/2/4
f 4945/2/4 4946/2/4 4949/2/4
f 4949/2/4 4946/2/4 4950/2/4
f 4947/2/4 4948/2/4 4951/2/4
f 4951/2/4 4948/2/4 4952/2/4
f 4953/2/4 4954/2/4 4957/2/4
f 4957/2/4 4954/2/4 4958/2/4
f 4955/2/4 4956/2/4 4959/2/4
f 4959/2/4 4956/2/4 4960/2/4
f 4961/2/4 4962/2/4 4965/2/4
f 4965/2/4 4962/2/4 4966/2/4
f 4963/2/4 4964/2/4 4967/2/4
f 4967/2/4 4964/2/4 4968/2/4
f 4969/2/4 4970/2/4 4973/2/4
f 4973/2/4 4970/2/4 4974/2/4
f 4971/2/4 4972/2/4 4975/2/4
f 4975/2/4 4972/2/4 4976/2/4
f 4977/2/4 4978/2/4 4981/2/4
f 4981/2/4 4978/2/4 4982/2/4
f 4979/2/4 4980/2/4 4983/2/4
f 4983/2/4 4980/2/4 4984/2/4
f 4985/2/4 4986/2/4 4989/2/4
f 4989/2/4 4986/2/4 4990/2/4
f 4987/2/4 4988/2/4 4991/2/4
f 4991/2/4 4988/2/4 4992/2/4
f 4993/2/4 4994/2/4 4997/2/4
f 4997/2/4 4994/2/4 4998/2/4
f 4995/2/4 4996/2/4 4999/2/4
f 4999/2/4 4996/2/4 5000/2/4
f 5001/2/4 5002/2/4 5005/2/4
f 5005/2/4 5002/2/4 5006/2/4
f 5003/2/4 5004/2/4 5007/2/4
f 5007/2/4 5004/2/4 5008/2/4
f 5009/2/4 5010/2/4 5013/2/4
f 5013/2/4 5010/2/4 5014/2/4
f 5011/2/4 5012/2/4 5015/2/4
f 5015/2/4 5012/2/4 5016/2/4
f 5017/2/4 5018/2/4 5021/2/4
f 5021/2/4 5018/2/4 5022/2/4
f 5019/2/4 5020/2/4 5023/2/4
f 5023/2/4 5020/2/4 5024/2/4
f 5025/2/4 5026/2/4 5029/2/4
f 5029/2/4 5026/2/4 5030/2/4
f 5027/2/4 5028/2/4 5031/2/4
f 5031/2/4 5028/2/4 5032/2/4
f 5033/2/4 5034/2/4 5037/2/4
f 5037/2/4 5034/2/4 5038/2/4
f 5035/2/4 5036/2/4 5039/2/4
f 5039/2/4 5036/2/4 5040/2/4
f 5041/2/4 5042/2/4 5045/2/4
f 5045/2/4 5042/2/4 5046/2/4
f 5043/2/4 5044/2/4 5047/2/4
f 5047/2/4 5044/2/4 5048/2/4
f 5049/2/4 5050/2/4 5053/2/4
f 5053/2/4 5050/2/4 5054/2/4
f 5051/2/4 5052/2/4 5055/2/4
f 5055/2/4 5052/2/4 5056/2/4
f 5057/2/4 5058/2/4 5061/2/4
f 5061/2/4 5058/2/4 5062/2/4
f 5059/2/4 5060/2/4 5063/2/4
f 5063/2/4 5060/2/4 5064/2/4
f 5065/2/4 5066/2/4 5069/2/4
f 5069/2/4 5066/2/4 5070/2/4
f 5067/2/4 5068/2/4 5071/2/4
f 5071/2/4 5068/2/4 5072/2/4
f 5073/2/4 5074/2/4 5077/2/4
f 5077/2/4 5074/2/4 5078/2/4
f 5075/2/4 5076/2/4 5079/2/4
f 5079/2/4 5076/2/4 5080/2/4
f 5081/2/4 5082/2/4 5085/2/4
f 5085/2/4 5082/2/4 5086/2/4
f 5083/2/4 5084/2/4 5087/2/4
f 5087/2/4 5084/2/4 5088/2/4
f 5089/2/4 5090/2/4 5093/2/4
f 5093/2/4 5090/2/4 5094/2/4
f 5091/2/4 5092/2/4 5095/2/4
f 5095/2/4 5092/2/4 5096/2/4
f 5097/2/4 5098/2/4 5101/2/4
f 5101/2/4 5098/2/4 5102/2/4
f 5099/2/4 5100/2/4 5103/2/4
f 5103/2/4 5100/2/4 5104/2/4
f 5105/2/4 5106/2/4 5109/2/4
f 5109/2/4 5106/2/4 5110/2/4
f 5107/2/4 5108/2/4 5111/2/4
f 5111/2/4 5108/2/4 5112/2/4
f 5113/2/4 5114/2/4 5117/2/4
f 5117/2/4 5114/2/4 5118/2/4
f 5115/2/4 5116/2/4 5119/2/4
f 5119/2/4 5116/2/4 5120/2/4
f 5121/2/4 5122/2/4 5125/2/4
f 5125/2/4 5122/2/4 5126/2/4
f 5123/2/4 5124/2/4 5127/2/4
f 5127/2/4 5124/2/4 5128/2/4
f 5129/2/4 5130/2/4 5133/2/4
f 5133/2/4 5130/2/4 5134/2/4
f 5131/2/4 5132/2/4 5135/2/4
f 5135/2/4 5132/2/4 5136/2/4
f 5137/2/4 5138/2/4 5141/2/4
f 5141/2/4 5138/2/4 5142/2/4
f 5139/2/4 5140/2/4 5143/2/4
f 5143/2/4 5140/2/4 5144/2/4
f 5145/2/4 5146/2/4 5149/2/4
f 5149/2/4 5146/2/4 5150/2/4
f 5147/2/4 5148/2/4 5151/2/4
f 5151/2/4 5148/2/4 5152/2/4
f 5153/2/4 5154/2/4 5155/2/4
f 5155/2/4 5154/2/4 5156/2/4
f 5157/2/4 5158/2/4 5161/2/4
f 5161/2/4 5158/2/4 5162/2/4
f 5159/2/4 5160/2/4 5163/2/4
f 5163/2/4 5160/2/4 5164/2/4
f 5165/2/4 5166/2/4 5169/2/4
f 5169/2/4 5166/2/4 5170/2/4
f 5167/2/4 5168/2/4 5171/2/4
f 5171/2/4 5168/2/4 5172/2/4
f 5173/2/4 5174/2/4 5175/2/4
f 5175/2/4 5174/2/4 5176/2/4
f 5177/2/4 5178/2/4 5179/2/4
f 5179/2/4 5178/2/4 5180/2/4
f 5181/2/4 5182/2/4 5185/2/4
f 5185/2/4 5182/2/4 5186/2/4
f 5183/2/4 5184/2/4 5187/2/4
f 5187/2/4 5184/2/4 5188/2/4
f 5189/2/4 5190/2/4 5191/2/4
f 5191/2/4 5190/2/4 5192/2/4
f 5193/2/4 5194/2/4 5197/2/4
f 5197/2/4 5194/2/4 5198/2/4
f 5195/2/4 5196/2/4 5199/2/4
f 5199/2/4 5196/2/4 5200/2/4
f 5201/2/4 5202/2/4 5205/2/4
f 5205/2/4 5202/2/4 5206/2/4
f 5203/2/4 5204/2/4 5207/2/4
f 5207/2/4 5204/2/4 5208/2/4
f 5209/2/4 5210/2/4 5213/2/4
f 5213/2/4 5210/2/4 5214/2/4
f 5211/2/4 5212/2/4 5215/2/4
f 5215/2/4 5212/2/4 5216/2/4
f 5217/2/4 5218/2/4 5221/2/4
f 5221/2/4 5218/2/4 5222/2/4
f 5219/2/4 5220/2/4 5223/2/4
f 5223/2/4 5220/2/4 5224/2/4
f 5225/2/4 5226/2/4 5229/2/4
f 5229/2/4 5226/2/4 5230/2/4
f 5227/2/4 5228/2/4 5231/2/4
f 5231/2/4 5228/2/4 5232/2/4
f 5233/2/4 5234/2/4 5237/2/4
f 5237/2/4 5234/2/4 5238/2/4
f 5235/2/4 5236/2/4 5239/2/4
f 5239/2/4 5236/2/4 5240/2/4
f 5241/2/4 5242/2/4 5245/2/4
f 5245/2/4 5242/2/4 5246/2/4
f 5243/2/4 5244/2/4 5247/2/4
f 5247/2/4 5244/2/4 5248/2/4
f 5249/2/4 5250/2/4 5253/2/4
f 5253/2/4 5250/2/4 5254/2/4
f 5251/2/4 5252/2/4 5255/2/4
f 5255/2/4 5252/2/4 5256/2/4
f 5257/2/4 5258/2/4 5261/2/4
f 5261/2/4 5258/2/4 5262/2/4
f 5259/2/4 5260/2/4 5263/2/4
f 5263/2/4 5260/2/4 5264/2/4
f 5265/2/4 5266/2/4 5269/2/4
f 5269/2/4 5266/2/4 5270/2/4
f 5267/2/4 5268/2/4 5271/2/4
f 5271/2/4 5268/2/4 5272/2/4
f 5273/2/4 5274/2/4 5277/2/4
f 5277/2/4 5274/2/4 5278/2/4
f 5275/2/4 5276/2/4 5279/2/4
f 5279/2/4 5276/2/4 5280/2/4
f 5281/2/4 5282/2/4 5285/2/4
f 5285/2/4 5282/2/4 5286/2/4
f 5283/2/4 5284/2/4 5287/2/4
f 5287/2/4 5284/2/4 5288/2/4
f 5289/2/4 5290/2/4 5293/2/4
f 5293/2/4 5290/2/4 5294/2/4
f 5291/2/4 5292/2/4 5295/2/4
f 5295/2/4 5292/2/4 5296/2/4
f 5297/2/4 5298/2/4 5301/2/4
f 5301/2/4 5298/2/4 5302/2/4
f 5299/2/4 5300/2/4 5303/2/4
f 5303/2/4 5300/2/4 5304/2/4
f 5305/2/4 5306/2/4 5309/2/4
f 5309/2/4 5306/2/4 5310/2/4
f 5307/2/4 5308/2/4 5311/2/4
f 5311/2/4 5308/2/4 5312/2/4
f 5313/2/4 5314/2/4 5317/2/4
f 5317/2/4 5314/2/4 5318/2/4
f 5315/2/4 5316/2/4 5319/2/4
f 5319/2/4 5316/2/4 5320/2/4
f 5321/2/4 5322/2/4 5325/2/4
f 5325/2/4 5322/2/4 5326/2/4
f 5323/2/4 5324/2/4 5327/2/4
f 5327/2/4 5324/2/4 5328/2/4
f 5329/2/4 5330/2/4 5333/2/4
f 5333/2/4 5330/2/4 5334/2/4
f 5331/2/4 5332/2/4 5335/2/4
f 5335/2/4 5332/2/4 5336/2/4
f 5337/2/4 5338/2/4 5341/2/4
f 5341/2/4 5338/2/4 5342/2/4
f 5339/2/4 5340/2/4 5343/2/4
f 5343/2/4 5340/2/4 5344/2/4
f 5345/2/4 5346/2/4 5349/2/4
f 5349/2/4 5346/2/4 5350/2/4
f 5347/2/4 5348/2/4 5351/2/4
f 5351/2/4 5348/2/4 5352/2/4
f 5353/2/4 5354/2/4 5357/2/4
f 5357/2/4 5354/2/4 5358/2/4
f 5355/2/4 5356/2/4 5359/2/4
f 5359/2/4 5356/2/4 5360/2/4
f 5361/2/4 5362/2/4 5365/2/4
f 5365/2/4 5362/2/4 5366/2/4
f 5363/2/4 5364/2/4 5367/2/4
f 5367/2/4 5364/2/4 5368/2/4
f 5369/2/4 5370/2/4 5373/2/4
f 5373/2/4 5370/2/4 5374/2/4
f 5371/2/4 5372/2/4 5375/2/4
f 5375/2/4 5372/2/4 5376/2/4
f 5377/2/4 5378/2/4 5381/2/4
f 5381/2/4 5378/2/4 5382/2/4
f 5379/2/4 5380/2/4 5383/2/4
f 5383/2/4 5380/2/4 5384/2/4
f 5385/2/4 5386/2/4 5389/2/4
f 5389/2/4 5386/2/4 5390/2/4
f 5387/2/4 5388/2/4 5391/2/4
f 5391/2/4 5388/2/4 5392/2/4
f 5393/2/4 5394/2/4 5397/2/4
f 5397/2/4 5394/2/4 5398/2/4
f 5395/2/4 5396/2/4 5399/2/4
f 5399/2/4 5396/2/4 5400/2/4
f 5401/2/4 5402/2/4 5405/2/4
f 5405/2/4 5402/2/4 5406/2/4
f 5403/2/4 5404/2/4 5407/2/4
f 5407/2/4 5404/2/4 5408/2/4
f 5409/2/4 5410/2/4 5413/2/4
f 5413/2/4 5410/2/4 5414/2/4
f 5411/2/4 5412/2/4 5415/2/4
f 5415/2/4 5412/2/4 5416/2/4
f 5417/2/4 5418/2/4 5421/2/4
f 5421/2/4 5418/2/4 5422/2/4
f 5419/2/4 5420/2/4 5423/2/4
f 5423/2/4 5420/2/4 5424/2/4
f 5425/2/4 5426/2/4 5429/2/4
f 5429/2/4 5426/2/4 5430/2/4
f 5427/2/4 5428/2/4 5431/2/4
f 5431/2/4 5428/2/4 5432/2/4
f 5433/2/4 5434/2/4 5437/2/4
f 5437/2/4 5434/2/4 5438/2/4
f 5435/2/4 5436/2/4 5439/2/4
f 5439/2/4 5436/2/4 5440/2/4
f 5441/2/4 5442/2/4 5445/2/4
f 5445/2/4 5442/2/4 5446/2/4
f 5443/2/4 5444/2/4 5447/2/4
f 5447/2/4 5444/2/4 5448/2/4
f 5449/2/4 5450/2/4 5453/2/4
f 5453/2/4 5450/2/4 5454/2/4
f 5451/2/4 5452/2/4 5455/2/4
f 5455/2/4 5452/2/4 5456/2/4
f 5457/2/4 5458/2/4 5461/2/4
f 5461/2/4 5458/2/4 5462/2/4
f 5459/2/4 5460/2/4 5463/2/4
f 5463/2/4 5460/2/4 5464/2/4
f 5465/2/4 5466/2/4 5469/2/4
f 5469/2/4 5466/2/4 5470/2/4
f 5467/2/4 5468/2/4 5471/2/4
f 5471/2/4 5468/2/4 5472/2/4
f 5473/2/4 5474/2/4 5477/2/4
f 5477/2/4 5474/2/4 5478/2/4
f 5475/2/4 5476/2/4 5479/2/4
f 5479/2/4 5476/2/4 5480/2/4
f 5481/2/4 5482/2/4 5485/2/4
f 5485/2/4 5482/2/4 5486/2/4
f 5483/2/4 5484/2/4 5487/2/4
f 5487/2/4 5484/2/4 5488/2/4
f 5489/2/4 5490/2/4 5493/2/4
f 5493/2/4 5490/2/4 5494/2/4
f 5491/2/4 5492/2/4 5495/2/4
f 5495/2/4 5492/2/4 5496/2/4
f 5497/2/4 5498/2/4 5501/2/4
f 5501/2/4 5498/2/4 5502/2/4
f 5499/2/4 5500/2/4 5503/2/4
f 5503/2/4 5500/2/4 5504/2/4
f 5505/2/4 5506/2/4 5509/2/4
f 5509/2/4 5506/2/4 5510/2/4
f 5507/2/4 5508/2/4 5511/2/4
f 5511/2/4 5508/2/4 5512/2/4
f 5513/2/4 5514/2/4 5517/2/4
f 5517/2/4 5514/2/4 5518/2/4
f 5515/2/4 5516/2/4 5519/2/4
f 5519/2/4 5516/2/4 5520/2/4
f 5521/2/4 5522/2/4 5525/2/4
f 5525/2/4 5522/2/4 5526/2/4
f 5523/2/4 5524/2/4 5527/2/4
f 5527/2/4 5524/2/4 5528/2/4
f 5529/2/4 5530/2/4 5533/2/4
f 5533/2/4 5530/2/4 5534/2/4
f 5531/2/4 5532/2/4 5535/2/4
f 5535/2/4 5532/2/4 5536/2/4
f 5537/2/4 5538/2/4 5541/2/4
f 5541/2/4 5538/2/4 5542/2/4
f 5539/2/4 5540/2/4 5543/2/4
f 5543/2/4 5540/2/4 5544/2/4
f 5545/2/4 5546/2/4 5549/2/4
f 5549/2/4 5546/2/4 5550/2/4
f 5547/2/4 5548/2/4 5551/2/4
f 5551/2/4 5548/2/4 5552/2/4
f 5553/2/4 5554/2/4 5557/2/4
f 5557/2/4 5554/2/4 5558/2/4
f 5555/2/4 5556/2/4 5559/2/4
f 5559/2/4 5556/2/4 5560/2/4
f 5561/2/4 5562/2/4 5565/2/4
f 5565/2/4 5562/2/4 5566/2/4
f 5563/2/4 5564/2/4 5567/2/4
f 5567/2/4 5564/2/4 5568/2/4
f 5569/2/4 5570/2/4 5573/2/4
f 5573/2/4 5570/2/4 5574/2/4
f 5571/2/4 5572/2/4 5575/2/4
f 5575/2/4 5572/2/4 5576/2/4
f 5577/2/4 5578/2/4 5581/2/4
f 5581/2/4 5578/2/4 5582/2/4
f 5579/2/4 5580/2/4 5583/2/4
f 5583/2/4 5580/2/4 5584/2/4
f 5585/2/4 5586/2/4 5589/2/4
f 5589/2/4 5586/2/4 5590/2/4
f 5587/2/4 5588/2/4 5591/2/4
f 5591/2/4 5588/2/4 5592/2/4
f 5593/2/4 5594/2/4 5597/2/4
f 5597/2/4 5594/2/4 5598/2/4
f 5595/2/4 5596/2/4 5599/2/4
f 5599/2/4 5596/2/4 5600/2/4
f 5601/2/4 5602/2/4 5605/2/4
f 5605/2/4 5602/2/4 5606/2/4
f 5603/2/4 5604/2/4 5607/2/4
f 5607/2/4 5604/2/4 5608/2/4
f 5609/2/4 5610/2/4 5613/2/4
f 5613/2/4 5610/2/4 5614/2/4
f 5611/2/4 5612/2/4 5615/2/4
f 5615/2/4 5612/2/4 5616/2/4
f 5617/2/4 5618/2/4 5621/2/4
f 5621/2/4 5618/2/4 5622/2/4
f 5619/2/4 5620/2/4 5623/2/4
f 5623/2/4 5620/2/4 5624/2/4
f 5625/2/4 5626/2/4 5629/2/4
f 5629/2/4 5626/2/4 5630/2/4
f 5627/2/4 5628/2/4 5631/2/4
f 5631/2/4 5628/2/4 5632/2/4
f 5633/2/4 5634/2/4 5637/2/4
f 5637/2/4 5634/2/4 5638/2/4
f 5635/2/4 5636/2/4 5639/2/4
f 5639/2/4 5636/2/4 5640/2/4
f 5641/2/4 5642/2/4 5645/2/4
f 5645/2/4 5642/2/4 5646/2/4
f 5643/2/4 5644/2/4 5647/2/4
f 5647/2/4 5644/2/4 5648/2/4
f 5649/2/4 5650/2/4 5653/2/4
f 5653/2/4 5650/2/4 5654/2/4
f 5651/2/4 5652/2/4 5655/2/4
f 5655/2/4 5652/2/4 5656/2/4
f 5657/2/4 5658/2/4 5661/2/4
f 5661/2/4 5658/2/4 5662/2/4
f 5659/2/4 5660/2/4 5663/2/4
f 5663/2/4 5660/2/4 5664/2/4
f 5665/2/4 5666/2/4 5669/2/4
f 5669/2/4 5666/2/4 5670/2/4
f 5667/2/4 5668/2/4 5671/2/4
f 5671/2/4 5668/2/4 5672/2/4
f 5673/3/4 5674/3/4 5675/3/4
f 5675/3/4 5674/3/4 5676/3/4
f 5676/3/4 5674/3/4 5677/3/4
f 5677/3/4 5674/3/4 5678/3/4
f 5676/3/4 5677/3/4 5681/3/4
f 5681/3/4 5677/3/4 5682/3/4
f 5682/3/4 5677/3/4 5683/3/4
f 5683/3/4 5677/3/4 5684/3/4
f 5679/3/4 5680/3/4 5687/3/4
f 5682/3/4 5683/3/4 5689/3/4
f 5689/3/4 5683/3/4 5690/3/4
f 5690/3/4 5683/3/4 5691/3/4
f 5691/3/4 5683/3/4 5692/3/4
f 5685/3/4 5686/3/4 5694/3/4
f 5687/3/4 5688/3/4 5695/3/4
f 5690/3/4 5691/3/4 5697/3/4
f 5697/3/4 5691/3/4 5698/3/4
f 5698/3/4 5691/3/4 5699/3/4
f 5699/3/4 5691/3/4 5700/3/4
f 5693/3/4 5694/3/4 5702/3/4
f 5695/3/4 5696/3/4 5703/3/4
f 5698/3/4 5699/3/4 5705/3/4
f 5705/3/4 5699/3/4 5706/3/4
f 5706/3/4 5699/3/4 5707/3/4
f 5707/3/4 5699/3/4 5708/3/4
f 5701/3/4 5702/3/4 5710/3/4
f 5703/3/4 5704/3/4 5711/3/4
f 5706/3/4 5707/3/4 5713/3/4
f 5713/3/4 5707/3/4 5714/3/4
f 5714/3/4 5707/3/4 5715/3/4
f 5715/3/4 5707/3/4 5716/3/4
f 5709/3/4 5710/3/4 5718/3/4
f 5711/3/4 5712/3/4 5719/3/4
f 5714/3/4 5715/3/4 5721/3/4
f 5721/3/4 5715/3/4 5722/3/4
f 5722/3/4 5715/3/4 5723/3/4
f 5723/3/4 5715/3/4 5724/3/4
f 5717/3/4 5718/3/4 5726/3/4
f 5719/3/4 5720/3/4 5727/3/4
f 5722/3/4 5723/3/4 5729/3/4
f 5729/3/4 5723/3/4 5730/3/4
f 5730/3/4 5723/3/4 5731/3/4
f 5731/3/4 5723/3/4 5732/3/4
f 5725/3/4 5726/3/4 5734/3/4
f 5727/3/4 5728/3/4 5735/3/4
f 5730/3/4 5731/3/4 5737/3/4
f 5737/3/4 5731/3/4 5738/3/4
f 5738/3/4 5731/3/4 5739/3/4
f 5739/3/4 5731/3/4 5740/3/4
f 5733/3/4 5734/3/4 5742/3/4
f 5735/3/4 5736/3/4 5743/3/4
f 5738/3/4 5739/3/4 5745/3/4
f 5745/3/4 5739/3/4 5746/3/4
f 5746/3/4 5739/3/4 5747/3/4
f 5747/3/4 5739/3/4 5748/3/4
f 5741/3/4 5742/3/4 5750/3/4
f 5743/3/4 5744/3/4 5751/3/4
f 5746/3/4 5747/3/4 5753/3/4
f 5753/3/4 5747/3/4 5754/3/4
f 5754/3/4 5747/3/4 5755/3/4
f 5755/3/4 5747/3/4 5756/3/4
f 5749/3/4 5750/3/4 5758/3/4
f 5751/3/4 5752/3/4 5759/3/4
f 5754/3/4 5755/3/4 5761/3/4
f 5761/3/4 5755/3/4 5762/3/4
f 5762/3/4 5755/3/4 5763/3/4
f 5763/3/4 5755/3/4 5764/3/4
f 5757/3/4 5758/3/4 5766/3/4
f 5759/3/4 5760/3/4 5767/3/4
f 5762/3/4 5763/3/4 5769/3/4
f 5769/3/4 5763/3/4 5770/3/4
f 5770/3/4 5763/3/4 5771/3/4
f 5771/3/4 5763/3/4 5772/3/4
f 5765/3/4 5766/3/4 5774/3/4
f 5767/3/4 5768/3/4 5775/3/4
f 5770/3/4 5771/3/4 5777/3/4
f 5777/3/4 5771/3/4 5778/3/4
f 5778/3/4 5771/3/4 5779/3/4
f 5779/3/4 5771/3/4 5780/3/4
f 5773/3/4 5774/3/4 5782/3/4
f 5775/3/4 5776/3/4 5783/3/4
f 5778/3/4 5779/3/4 5785/3/4
f 5785/3/4 5779/3/4 5786/3/4
f 5786/3/4 5779/3/4 5787/3/4
f 5787/3/4 5779/3/4 5788/3/4
f 5781/3/4 5782/3/4 5790/3/4
f 5783/3/4 5784/3/4 5791/3/4
f 5786/3/4 5787/3/4 5793/3/4
f 5793/3/4 5787/3/4 5794/3/4
f 5789/3/4 5790/3/4 5796/3/4
f 5791/3/4 5792/3/4 5797/3/4
f 5795/3/4 5796/3/4 5800/3/4
f 5797/3/4 5798/3/4 5801/3/4
f 5791/3/4 5797/3/4 5801/3/4
f 5801/3/4 5798/3/4 5802/3/4
f 5799/3/4 5800/3/4 5803/3/4
f 5800/3/4 5796/3/4 5804/3/4
f 5803/3/4 5800/3/4 5804/3/4
f 5783/3/4 5791/3/4 5805/3/4
f 5791/3/4 5801/3/4 5805/3/4
f 5805/3/4 5801/3/4 5806/3/4
f 5804/3/4 5796/3/4 5809/3/4
f 5796/3/4 5790/3/4 5810/3/4
f 5809/3/4 5796/3/4 5810/3/4
f 5775/3/4 5783/3/4 5811/3/4
f 5783/3/4 5805/3/4 5811/3/4
f 5811/3/4 5805/3/4 5812/3/4
f 5807/3/4 5808/3/4 5814/3/4
f 5814/3/4 5808/3/4 5815/3/4
f 5810/3/4 5790/3/4 5817/3/4
f 5790/3/4 5782/3/4 5818/3/4
f 5817/3/4 5790/3/4 5818/3/4
f 5767/3/4 5775/3/4 5819/3/4
f 5775/3/4 5811/3/4 5819/3/4
f 5819/3/4 5811/3/4 5820/3/4
f 5814/3/4 5815/3/4 5822/3/4
f 5815/3/4 5816/3/4 5822/3/4
f 5813/3/4 5814/3/4 5822/3/4
f 5822/3/4 5816/3/4 5823/3/4
f 5818/3/4 5782/3/4 5825/3/4
f 5782/3/4 5774/3/4 5826/3/4
f 5825/3/4 5782/3/4 5826/3/4
f 5759/3/4 5767/3/4 5827/3/4
f 5767/3/4 5819/3/4 5827/3/4
f 5827/3/4 5819/3/4 5828/3/4
f 5823/3/4 5824/3/4 5830/3/4
f 5822/3/4 5823/3/4 5830/3/4
f 5821/3/4 5822/3/4 5830/3/4
f 5830/3/4 5824/3/4 5831/3/4
f 5826/3/4 5774/3/4 5833/3/4
f 5774/3/4 5766/3/4 5834/3/4
f 5833/3/4 5774/3/4 5834/3/4
f 5751/3/4 5759/3/4 5835/3/4
f 5759/3/4 5827/3/4 5835/3/4
f 5835/3/4 5827/3/4 5836/3/4
f 5830/3/4 5831/3/4 5838/3/4
f 5831/3/4 5832/3/4 5838/3/4
f 5829/3/4 5830/3/4 5838/3/4
f 5838/3/4 5832/3/4 5839/3/4
f 5834/3/4 5766/3/4 5841/3/4
f 5766/3/4 5758/3/4 5842/3/4
f 5841/3/4 5766/3/4 5842/3/4
f 5743/3/4 5751/3/4 5843/3/4
f 5751/3/4 5835/3/4 5843/3/4
f 5843/3/4 5835/3/4 5844/3/4
f 5839/3/4 5840/3/4 5846/3/4
f 5838/3/4 5839/3/4 5846/3/4
f 5837/3/4 5838/3/4 5846/3/4
f 5846/3/4 5840/3/4 5847/3/4
f 5842/3/4 5758/3/4 5849/3/4
f 5758/3/4 5750/3/4 5850/3/4
f 5849/3/4 5758/3/4 5850/3/4
f 5735/3/4 5743/3/4 5851/3/4
f 5743/3/4 5843/3/4 5851/3/4
f 5851/3/4 5843/3/4 5852/3/4
f 5846/3/4 5847/3/4 5854/3/4
f 5847/3/4 5848/3/4 5854/3/4
f 5845/3/4 5846/3/4 5854/3/4
f 5854/3/4 5848/3/4 5855/3/4
f 5850/3/4 5750/3/4 5857/3/4
f 5750/3/4 5742/3/4 5858/3/4
f 5857/3/4 5750/3/4 5858/3/4
f 5727/3/4 5735/3/4 5859/3/4
f 5735/3/4 5851/3/4 5859/3/4
f 5859/3/4 5851/3/4 5860/3/4
f 5855/3/4 5856/3/4 5862/3/4
f 5854/3/4 5855/3/4 5862/3/4
f 5853/3/4 5854/3/4 5862/3/4
f 5862/3/4 5856/3/4 5863/3/4
f 5858/3/4 5742/3/4 5865/3/4
f 5742/3/4 5734/3/4 5866/3/4
f 5865/3/4 5742/3/4 5866/3/4
f 5719/3/4 5727/3/4 5867/3/4
f 5727/3/4 5859/3/4 5867/3/4
f 5867/3/4 5859/3/4 5868/3/4
f 5862/3/4 5863/3/4 5870/3/4
f 5863/3/4 5864/3/4 5870/3/4
f 5861/3/4 5862/3/4 5870/3/4
f 5870/3/4 5864/3/4 5871/3/4
f 5866/3/4 5734/3/4 5873/3/4
f 5734/3/4 5726/3/4 5874/3/4
f 5873/3/4 5734/3/4 5874/3/4
f 5711/3/4 5719/3/4 5875/3/4
f 5719/3/4 5867/3/4 5875/3/4
f 5875/3/4 5867/3/4 5876/3/4
f 5871/3/4 5872/3/4 5878/3/4
f 5870/3/4 5871/3/4 5878/3/4
f 5869/3/4 5870/3/4 5878/3/4
f 5878/3/4 5872/3/4 5879/3/4
f 5874/3/4 5726/3/4 5881/3/4
f 5726/3/4 5718/3/4 5882/3/4
f 5881/3/4 5726/3/4 5882/3/4
f 5703/3/4 5711/3/4 5883/3/4
f 5711/3/4 5875/3/4 5883/3/4
f 5883/3/4 5875/3/4 5884/3/4
f 5878/3/4 5879/3/4 5886/3/4
f 5879/3/4 5880/3/4 5886/3/4
f 5877/3/4 5878/3/4 5886/3/4
f 5886/3/4 5880/3/4 5887/3/4
f 5882/3/4 5718/3/4 5889/3/4
f 5718/3/4 5710/3/4 5890/3/4
f 5889/3/4 5718/3/4 5890/3/4
f 5695/3/4 5703/3/4 5891/3/4
f 5703/3/4 5883/3/4 5891/3/4
f 5891/3/4 5883/3/4 5892/3/4
f 5887/3/4 5888/3/4 5894/3/4
f 5886/3/4 5887/3/4 5894/3/4
f 5885/3/4 5886/3/4 5894/3/4
f 5894/3/4 5888/3/4 5895/3/4
f 5890/3/4 5710/3/4 5897/3/4
f 5710/3/4 5702/3/4 5898/3/4
f 5897/3/4 5710/3/4 5898/3/4
f 5687/3/4 5695/3/4 5899/3/4
f 5695/3/4 5891/3/4 5899/3/4
f 5899/3/4 5891/3/4 5900/3/4
f 5894/3/4 5895/3/4 5902/3/4
f 5895/3/4 5896/3/4 5902/3/4
f 5893/3/4 5894/3/4 5902/3/4
f 5902/3/4 5896/3/4 5903/3/4
f 5898/3/4 5702/3/4 5905/3/4
f 5702/3/4 5694/3/4 5906/3/4
f 5905/3/4 5702/3/4 5906/3/4
f 5679/3/4 5687/3/4 5907/3/4
f 5687/3/4 5899/3/4 5907/3/4
f 5907/3/4 5899/3/4 5908/3/4
f 5903/3/4 5904/3/4 5910/3/4
f 5902/3/4 5903/3/4 5910/3/4
f 5901/3/4 5902/3/4 5910/3/4
f 5910/3/4 5904/3/4 5911/3/4
f 5906/3/4 5694/3/4 5913/3/4
f 5694/3/4 5686/3/4 5914/3/4
f 5913/3/4 5694/3/4 5914/3/4
f 5679/3/4 5907/3/4 5915/3/4
f 5915/3/4 5907/3/4 5916/3/4
f 5911/3/4 5912/3/4 5918/3/4
f 5910/3/4 5911/3/4 5918/3/4
f 5909/3/4 5910/3/4 5918/3/4
f 5918/3/4 5912/3/4 5919/3/4
f 5914/3/4 5686/3/4 5921/3/4
f 5921/3/4 5686/3/4 5922/3/4
f 5919/3/4 5920/3/4 5924/3/4
f 5917/3/4 5918/3/4 5924/3/4
f 5918/3/4 5919/3/4 5924/3/4
f 5924/3/4 5920/3/4 5925/3/4
f 5923/3/4 5924/3/4 5927/3/4
f 5925/3/4 5926/3/4 5927/3/4
f 5924/3/4 5925/3/4 5927/3/4
f 5927/3/4 5926/3/4 5928/3/4
f 5931/2/4 5932/2/4 5935/2/4
f 5935/2/4 5932/2/4 5936/2/4
f 5931/2/4 5935/2/4 5937/2/4
f 5936/2/4 5932/2/4 5940/2/4
f 5930/3/4 5931/3/4 5941/3/4
f 5937/2/4 5938/2/4 5941/2/4
f 5931/2/4 5937/2/4 5941/2/4
f 5941/2/4 5938/2/4 5942/2/4
f 5942/2/4 5938/2/4 5943/2/4
f 5939/2/4 5940/2/4 5946/2/4
f 5940/2/4 5932/2/4 5947/2/4
f 5946/2/4 5940/2/4 5947/2/4
f 5932/3/4 5933/3/4 5948/3/4
f 5947/2/4 5932/2/4 5948/2/4
f 5943/2/4 5944/2/4 5949/2/4
f 5942/2/4 5943/2/4 5949/2/4
f 5949/2/4 5944/2/4 5950/2/4
f 5950/2/4 5944/2/4 5951/2/4
f 5946/2/4 5947/2/4 5954/2/4
f 5945/2/4 5946/2/4 5954/2/4
f 5954/2/4 5947/2/4 5955/2/4
f 5955/2/4 5947/2/4 5956/2/4
f 5951/2/4 5952/2/4 5957/2/4
f 5950/2/4 5951/2/4 5957/2/4
f 5957/2/4 5952/2/4 5958/2/4
f 5958/2/4 5952/2/4 5959/2/4
f 5954/2/4 5955/2/4 5962/2/4
f 5953/2/4 5954/2/4 5962/2/4
f 5962/2/4 5955/2/4 5963/2/4
f 5963/2/4 5955/2/4 5964/2/4
f 5959/2/4 5960/2/4 5965/2/4
f 5958/2/4 5959/2/4 5965/2/4
f 5965/2/4 5960/2/4 5966/2/4
f 5966/2/4 5960/2/4 5967/2/4
f 5962/2/4 5963/2/4 5970/2/4
f 5961/2/4 5962/2/4 5970/2/4
f 5970/2/4 5963/2/4 5971/2/4
f 5971/2/4 5963/2/4 5972/2/4
f 5967/2/4 5968/2/4 5973/2/4
f 5966/2/4 5967/2/4 5973/2/4
f 5973/2/4 5968/2/4 5974/2/4
f 5974/2/4 5968/2/4 5975/2/4
f 5970/2/4 5971/2/4 5978/2/4
f 5969/2/4 5970/2/4 5978/2/4
f 5978/2/4 5971/2/4 5979/2/4
f 5979/2/4 5971/2/4 5980/2/4
f 5975/2/4 5976/2/4 5981/2/4
f 5974/2/4 5975/2/4 5981/2/4
f 5981/2/4 5976/2/4 5982/2/4
f 5982/2/4 5976/2/4 5983/2/4
f 5978/2/4 5979/2/4 5986/2/4
f 5977/2/4 5978/2/4 5986/2/4
f 5986/2/4 5979/2/4 5987/2/4
f 5987/2/4 5979/2/4 5988/2/4
f 5983/2/4 5984/2/4 5989/2/4
f 5982/2/4 5983/2/4 5989/2/4
f 5989/2/4 5984/2/4 5990/2/4
f 5990/2/4 5984/2/4 5991/2/4
f 5986/2/4 5987/2/4 5994/2/4
f 5985/2/4 5986/2/4 5994/2/4
f 5994/2/4 5987/2/4 5995/2/4
f 5995/2/4 5987/2/4 5996/2/4
f 5991/2/4 5992/2/4 5997/2/4
f 5990/2/4 5991/2/4 5997/2/4
f 5997/2/4 5992/2/4 5998/2/4
f 5998/2/4 5992/2/4 5999/2/4
f 5994/2/4 5995/2/4 6002/2/4
f 5993/2/4 5994/2/4 6002/2/4
f 6002/2/4 5995/2/4 6003/2/4
f 6003/2/4 5995/2/4 6004/2/4
f 5999/2/4 6000/2/4 6005/2/4
f 5998/2/4 5999/2/4 6005/2/4
f 6005/2/4 6000/2/4 6006/2/4
f 6006/2/4 6000/2/4 6007/2/4
f 6002/2/4 6003/2/4 6010/2/4
f 6001/2/4 6002/2/4 6010/2/4
f 6010/2/4 6003/2/4 6011/2/4
f 6011/2/4 6003/2/4 6012/2/4
f 6007/2/4 6008/2/4 6013/2/4
f 6006/2/4 6007/2/4 6013/2/4
f 6013/2/4 6008/2/4 6014/2/4
f 6014/2/4 6008/2/4 6015/2/4
f 6010/2/4 6011/2/4 6018/2/4
f 6009/2/4 6010/2/4 6018/2/4
f 6018/2/4 6011/2/4 6019/2/4
f 6019/2/4 6011/2/4 6020/2/4
f 6015/2/4 6016/2/4 6021/2/4
f 6014/2/4 6015/2/4 6021/2/4
f 6021/2/4 6016/2/4 6022/2/4
f 6022/2/4 6016/2/4 6023/2/4
f 6018/2/4 6019/2/4 6026/2/4
f 6017/2/4 6018/2/4 6026/2/4
f 6026/2/4 6019/2/4 6027/2/4
f 6027/2/4 6019/2/4 6028/2/4
f 6023/2/4 6024/2/4 6029/2/4
f 6022/2/4 6023/2/4 6029/2/4
f 6029/2/4 6024/2/4 6030/2/4
f 6030/2/4 6024/2/4 6031/2/4
f 6026/2/4 6027/2/4 6034/2/4
f 6025/2/4 6026/2/4 6034/2/4
f 6034/2/4 6027/2/4 6035/2/4
f 6035/2/4 6027/2/4 6036/2/4
f 6031/2/4 6032/2/4 6037/2/4
f 6030/2/4 6031/2/4 6037/2/4
f 6037/2/4 6032/2/4 6038/2/4
f 6038/2/4 6032/2/4 6039/2/4
f 6034/2/4 6035/2/4 6042/2/4
f 6033/2/4 6034/2/4 6042/2/4
f 6042/2/4 6035/2/4 6043/2/4
f 6043/2/4 6035/2/4 6044/2/4
f 6039/2/4 6040/2/4 6045/2/4
f 6038/2/4 6039/2/4 6045/2/4
f 6045/2/4 6040/2/4 6046/2/4
f 6046/2/4 6040/2/4 6047/2/4
f 6042/2/4 6043/2/4 6050/2/4
f 6041/2/4 6042/2/4 6050/2/4
f 6050/2/4 6043/2/4 6051/2/4
f 6051/2/4 6043/2/4 6052/2/4
f 6047/2/4 6048/2/4 6053/2/4
f 6046/2/4 6047/2/4 6053/2/4
f 6053/2/4 6048/2/4 6054/2/4
f 6054/2/4 6048/2/4 6055/2/4
f 6050/2/4 6051/2/4 6056/2/4
f 6049/2/4 6050/2/4 6056/2/4
f 6056/2/4 6051/2/4 6057/2/4
f 6057/2/4 6051/2/4 6058/2/4
f 6054/2/4 6055/2/4 6059/2/4
f 6056/2/4 6057/2/4 6059/2/4
f 6055/2/4 6056/2/4 6059/2/4
f 6059/2/4 6057/2/4 6060/2/4
f 6060/2/4 6057/2/4 6061/2/4
f 6061/2/4 6057/2/4 6062/2/4
f 6060/2/4 6061/2/4 6064/2/4
f 6064/2/4 6061/2/4 6065/2/4
f 6063/2/4 6064/2/4 6068/2/4
f 6065/2/4 6066/2/4 6068/2/4
f 6064/2/4 6065/2/4 6068/2/4
f 6068/2/4 6066/2/4 6069/2/4
f 6069/2/4 6066/2/4 6070/2/4
f 6070/2/4 6066/2/4 6071/2/4
f 6067/2/4 6068/2/4 6074/2/4
f 6068/2/4 6069/2/4 6074/2/4
f 6074/2/4 6069/2/4 6075/2/4
f 6075/2/4 6069/2/4 6076/2/4
f 6070/2/4 6071/2/4 6077/2/4
f 6071/2/4 6072/2/4 6077/2/4
f 6077/2/4 6072/2/4 6078/2/4
f 6078/2/4 6072/2/4 6079/2/4
f 6074/2/4 6075/2/4 6082/2/4
f 6073/2/4 6074/2/4 6082/2/4
f 6082/2/4 6075/2/4 6083/2/4
f 6083/2/4 6075/2/4 6084/2/4
f 6078/2/4 6079/2/4 6085/2/4
f 6079/2/4 6080/2/4 6085/2/4
f 6085/2/4 6080/2/4 6086/2/4
f 6086/2/4 6080/2/4 6087/2/4
f 6082/2/4 6083/2/4 6090/2/4
f 6081/2/4 6082/2/4 6090/2/4
f 6090/2/4 6083/2/4 6091/2/4
f 6091/2/4 6083/2/4 6092/2/4
f 6086/2/4 6087/2/4 6093/2/4
f 6087/2/4 6088/2/4 6093/2/4
f 6093/2/4 6088/2/4 6094/2/4
f 6094/2/4 6088/2/4 6095/2/4
f 6090/2/4 6091/2/4 6098/2/4
f 6089/2/4 6090/2/4 6098/2/4
f 6098/2/4 6091/2/4 6099/2/4
f 6099/2/4 6091/2/4 6100/2/4
f 6094/2/4 6095/2/4 6101/2/4
f 6095/2/4 6096/2/4 6101/2/4
f 6101/2/4 6096/2/4 6102/2/4
f 6102/2/4 6096/2/4 6103/2/4
f 6098/2/4 6099/2/4 6106/2/4
f 6097/2/4 6098/2/4 6106/2/4
f 6106/2/4 6099/2/4 6107/2/4
f 6107/2/4 6099/2/4 6108/2/4
f 6102/2/4 6103/2/4 6109/2/4
f 6103/2/4 6104/2/4 6109/2/4
f 6109/2/4 6104/2/4 6110/2/4
f 6110/2/4 6104/2/4 6111/2/4
f 6106/2/4 6107/2/4 6114/2/4
f 6105/2/4 6106/2/4 6114/2/4
f 6114/2/4 6107/2/4 6115/2/4
f 6115/2/4 6107/2/4 6116/2/4
f 6110/2/4 6111/2/4 6117/2/4
f 6111/2/4 6112/2/4 6117/2/4
f 6117/2/4 6112/2/4 6118/2/4
f 6118/2/4 6112/2/4 6119/2/4
f 6114/2/4 6115/2/4 6122/2/4
f 6113/2/4 6114/2/4 6122/2/4
f 6122/2/4 6115/2/4 6123/2/4
f 6123/2/4 6115/2/4 6124/2/4
f 6118/2/4 6119/2/4 6125/2/4
f 6119/2/4 6120/2/4 6125/2/4
f 6125/2/4 6120/2/4 6126/2/4
f 6126/2/4 6120/2/4 6127/2/4
f 6122/2/4 6123/2/4 6130/2/4
f 6121/2/4 6122/2/4 6130/2/4
f 6130/2/4 6123/2/4 6131/2/4
f 6131/2/4 6123/2/4 6132/2/4
f 6126/2/4 6127/2/4 6133/2/4
f 6127/2/4 6128/2/4 6133/2/4
f 6133/2/4 6128/2/4 6134/2/4
f 6134/2/4 6128/2/4 6135/2/4
f 6130/2/4 6131/2/4 6138/2/4
f 6129/2/4 6130/2/4 6138/2/4
f 6138/2/4 6131/2/4 6139/2/4
f 6139/2/4 6131/2/4 6140/2/4
f 6134/2/4 6135/2/4 6141/2/4
f 6135/2/4 6136/2/4 6141/2/4
f 6141/2/4 6136/2/4 6142/2/4
f 6142/2/4 6136/2/4 6143/2/4
f 6138/2/4 6139/2/4 6146/2/4
f 6137/2/4 6138/2/4 6146/2/4
f 6146/2/4 6139/2/4 6147/2/4
f 6147/2/4 6139/2/4 6148/2/4
f 6142/2/4 6143/2/4 6149/2/4
f 6143/2/4 6144/2/4 6149/2/4
f 6149/2/4 6144/2/4 6150/2/4
f 6150/2/4 6144/2/4 6151/2/4
f 6146/2/4 6147/2/4 6154/2/4
f 6145/2/4 6146/2/4 6154/2/4
f 6154/2/4 6147/2/4 6155/2/4
f 6155/2/4 6147/2/4 6156/2/4
f 6150/2/4 6151/2/4 6157/2/4
f 6151/2/4 6152/2/4 6157/2/4
f 6157/2/4 6152/2/4 6158/2/4
f 6158/2/4 6152/2/4 6159/2/4
f 6154/2/4 6155/2/4 6162/2/4
f 6153/2/4 6154/2/4 6162/2/4
f 6162/2/4 6155/2/4 6163/2/4
f 6163/2/4 6155/2/4 6164/2/4
f 6158/2/4 6159/2/4 6165/2/4
f 6159/2/4 6160/2/4 6165/2/4
f 6165/2/4 6160/2/4 6166/2/4
f 6166/2/4 6160/2/4 6167/2/4
f 6162/2/4 6163/2/4 6170/2/4
f 6161/2/4 6162/2/4 6170/2/4
f 6170/2/4 6163/2/4 6171/2/4
f 6171/2/4 6163/2/4 6172/2/4
f 6166/2/4 6167/2/4 6173/2/4
f 6167/2/4 6168/2/4 6173/2/4
f 6173/2/4 6168/2/4 6174/2/4
f 6174/2/4 6168/2/4 6175/2/4
f 5930/3/4 5941/3/4 6177/3/4
f 6170/2/4 6171/2/4 6178/2/4
f 6169/2/4 6170/2/4 6178/2/4
f 6178/2/4 6171/2/4 6179/2/4
f 6179/2/4 6171/2/4 6180/2/4
f 6174/2/4 6175/2/4 6181/2/4
f 6175/2/4 6176/2/4 6181/2/4
f 6181/2/4 6176/2/4 6182/2/4
f 6182/2/4 6176/2/4 6183/2/4
f 5948/3/4 5933/3/4 6184/3/4
f 6178/2/4 6179/2/4 6185/2/4
f 6177/2/4 6178/2/4 6185/2/4
f 6185/2/4 6179/2/4 6186/2/4
f 6182/2/4 6183/2/4 6187/2/4
f 6183/2/4 6184/2/4 6187/2/4
f 6187/2/4 6184/2/4 6188/2/4
f 6177/2/4 6185/2/4 6189/2/4
f 5930/3/4 6177/3/4 6189/3/4
f 6189/2/4 6185/2/4 6190/2/4
f 6188/2/4 6184/2/4 6191/2/4
f 6184/3/4 5933/3/4 6192/3/4
f 6191/2/4 6184/2/4 6192/2/4
f 6189/3/4 6190/3/4 6193/3/4
f 6190/3/4 6191/3/4 6193/3/4
f 6191/3/4 6192/3/4 6193/3/4
f 5930/3/4 6189/3/4 6193/3/4
f 6192/3/4 5933/3/4 6194/3/4
f 6193/3/4 6192/3/4 6194/3/4
f 5929/2/4 5930/2/4 6195/2/4
f 5930/3/4 6193/3/4 6196/3/4
f 6195/2/4 5930/2/4 6196/2/4
f 6193/2/4 6194/2/4 6197/2/4
f 6196/3/4 6193/3/4 6197/3/4
f 6194/3/4 5933/3/4 6198/3/4
f 6197/2/4 6194/2/4 6198/2/4
f 5933/2/4 5934/2/4 6199/2/4
f 6198/3/4 5933/3/4 6199/3/4
f 6199/2/4 5934/2/4 6200/2/4
f 6203/2/5 6202/2/5 6201/2/5
f 6204/2/5 6202/2/5 6203/2/5
f 6205/2/5 6203/2/5 6201/2/5
f 6208/2/5 6202/2/5 6204/2/5
f 6209/2/5 6206/2/5 6205/2/5
f 6209/2/5 6205/2/5 6201/2/5
f 6210/2/5 6206/2/5 6209/2/5
f 6211/2/5 6206/2/5 6210/2/5
f 6214/2/5 6208/2/5 6207/2/5
f 6215/2/5 6202/2/5 6208/2/5
f 6215/2/5 6208/2/5 6214/2/5
f 6216/2/5 6202/2/5 6215/2/5
f 6217/2/5 6212/2/5 6211/2/5
f 6217/2/5 6211/2/5 6210/2/5
f 6218/2/5 6212/2/5 6217/2/5
f 6219/2/5 6212/2/5 6218/2/5
f 6222/2/5 6214/2/5 6213/2/5
f 6222/2/5 6215/2/5 6214/2/5
f 6223/2/5 6215/2/5 6222/2/5
f 6224/2/5 6215/2/5 6223/2/5
f 6225/2/5 6220/2/5 6219/2/5
f 6225/2/5 6219/2/5 6218/2/5
f 6226/2/5 6220/2/5 6225/2/5
f 6227/2/5 6220/2/5 6226/2/5
f 6230/2/5 6223/2/5 6222/2/5
f 6230/2/5 6222/2/5 6221/2/5
f 6231/2/5 6223/2/5 6230/2/5
f 6232/2/5 6223/2/5 6231/2/5
f 6233/2/5 6228/2/5 6227/2/5
f 6233/2/5 6227/2/5 6226/2/5
f 6234/2/5 6228/2/5 6233/2/5
f 6235/2/5 6228/2/5 6234/2/5
f 6238/2/5 6231/2/5 6230/2/5
f 6238/2/5 6230/2/5 6229/2/5
f 6239/2/5 6231/2/5 6238/2/5
f 6240/2/5 6231/2/5 6239/2/5
f 6241/2/5 6236/2/5 6235/2/5
f 6241/2/5 6235/2/5 6234/2/5
f 6242/2/5 6236/2/5 6241/2/5
f 6243/2/5 6236/2/5 6242/2/5
f 6246/2/5 6239/2/5 6238/2/5
f 6246/2/5 6238/2/5 6237/2/5
f 6247/2/5 6239/2/5 6246/2/5
f 6248/2/5 6239/2/5 6247/2/5
f 6249/2/5 6244/2/5 6243/2/5
f 6249/2/5 6243/2/5 6242/2/5
f 6250/2/5 6244/2/5 6249/2/5
f 6251/2/5 6244/2/5 6250/2/5
f 6254/2/5 6247/2/5 6246/2/5
f 6254/2/5 6246/2/5 6245/2/5
f 6255/2/5 6247/2/5 6254/2/5
f 6256/2/5 6247/2/5 6255/2/5
f 6257/2/5 6252/2/5 6251/2/5
f 6257/2/5 6251/2/5 6250/2/5
f 6258/2/5 6252/2/5 6257/2/5
f 6259/2/5 6252/2/5 6258/2/5
f 6262/2/5 6255/2/5 6254/2/5
f 6262/2/5 6254/2/5 6253/2/5
f 6263/2/5 6255/2/5 6262/2/5
f 6264/2/5 6255/2/5 6263/2/5
f 6265/2/5 6260/2/5 6259/2/5
f 6265/2/5 6259/2/5 6258/2/5
f 6266/2/5 6260/2/5 6265/2/5
f 6267/2/5 6260/2/5 6266/2/5
f 6270/2/5 6263/2/5 6262/2/5
f 6270/2/5 6262/2/5 6261/2/5
f 6271/2/5 6263/2/5 6270/2/5
f 6272/2/5 6263/2/5 6271/2/5
f 6273/2/5 6268/2/5 6267/2/5
f 6273/2/5 6267/2/5 6266/2/5
f 6274/2/5 6268/2/5 6273/2/5
f 6275/2/5 6268/2/5 6274/2/5
f 6278/2/5 6271/2/5 6270/2/5
f 6278/2/5 6270/2/5 6269/2/5
f 6279/2/5 6271/2/5 6278/2/5
f 6280/2/5 6271/2/5 6279/2/5
f 6281/2/5 6276/2/5 6275/2/5
f 6281/2/5 6275/2/5 6274/2/5
f 6282/2/5 6276/2/5 6281/2/5
f 6283/2/5 6276/2/5 6282/2/5
f 6286/2/5 6279/2/5 6278/2/5
f 6286/2/5 6278/2/5 6277/2/5
f 6287/2/5 6279/2/5 6286/2/5
f 6288/2/5 6279/2/5 6287/2/5
f 6289/2/5 6284/2/5 6283/2/5
f 6289/2/5 6283/2/5 6282/2/5
f 6290/2/5 6284/2/5 6289/2/5
f 6291/2/5 6284/2/5 6290/2/5
f 6294/2/5 6287/2/5 6286/2/5
f 6294/2/5 6286/2/5 6285/2/5
f 6295/2/5 6287/2/5 6294/2/5
f 6296/2/5 6287/2/5 6295/2/5
f 6297/2/5 6292/2/5 6291/2/5
f 6297/2/5 6291/2/5 6290/2/5
f 6298/2/5 6292/2/5 6297/2/5
f 6299/2/5 6292/2/5 6298/2/5
f 6302/2/5 6295/2/5 6294/2/5
f 6302/2/5 6294/2/5 6293/2/5
f 6303/2/5 6295/2/5 6302/2/5
f 6304/2/5 6295/2/5 6303/2/5
f 6305/2/5 6300/2/5 6299/2/5
f 6305/2/5 6299/2/5 6298/2/5
f 6306/2/5 6300/2/5 6305/2/5
f 6307/2/5 6300/2/5 6306/2/5
f 6310/2/5 6303/2/5 6302/2/5
f 6310/2/5 6302/2/5 6301/2/5
f 6311/2/5 6303/2/5 6310/2/5
f 6312/2/5 6303/2/5 6311/2/5
f 6313/2/5 6308/2/5 6307/2/5
f 6313/2/5 6307/2/5 6306/2/5
f 6314/2/5 6308/2/5 6313/2/5
f 6315/2/5 6308/2/5 6314/2/5
f 6318/2/5 6311/2/5 6310/2/5
f 6318/2/5 6310/2/5 6309/2/5
f 6319/2/5 6311/2/5 6318/2/5
f 6320/2/5 6311/2/5 6319/2/5
f 6321/2/5 6316/2/5 6315/2/5
f 6321/2/5 6315/2/5 6314/2/5
f 6322/2/5 6316/2/5 6321/2/5
f 6323/2/5 6316/2/5 6322/2/5
f 6324/2/5 6319/2/5 6318/2/5
f 6324/2/5 6318/2/5 6317/2/5
f 6325/2/5 6319/2/5 6324/2/5
f 6326/2/5 6319/2/5 6325/2/5
f 6327/2/5 6323/2/5 6322/2/5
f 6327/2/5 6325/2/5 6324/2/5
f 6327/2/5 6324/2/5 6323/2/5
f 6328/2/5 6325/2/5 6327/2/5
f 6329/2/5 6327/2/5 6322/2/5
f 6330/2/5 6327/2/5 6329/2/5
f 6332/2/5 6327/2/5 6330/2/5
f 6333/2/5 6327/2/5 6332/2/5
f 6336/2/5 6332/2/5 6331/2/5
f 6336/2/5 6334/2/5 6333/2/5
f 6336/2/5 6333/2/5 6332/2/5
f 6337/2/5 6334/2/5 6336/2/5
f 6338/2/5 6334/2/5 6337/2/5
f 6339/2/5 6334/2/5 6338/2/5
f 6342/2/5 6336/2/5 6335/2/5
f 6342/2/5 6337/2/5 6336/2/5
f 6343/2/5 6337/2/5 6342/2/5
f 6344/2/5 6337/2/5 6343/2/5
f 6345/2/5 6339/2/5 6338/2/5
f 6345/2/5 6340/2/5 6339/2/5
f 6346/2/5 6340/2/5 6345/2/5
f 6347/2/5 6340/2/5 6346/2/5
f 6350/2/5 6343/2/5 6342/2/5
f 6350/2/5 6342/2/5 6341/2/5
f 6351/2/5 6343/2/5 6350/2/5
f 6352/2/5 6343/2/5 6351/2/5
f 6353/2/5 6347/2/5 6346/2/5
f 6353/2/5 6348/2/5 6347/2/5
f 6354/2/5 6348/2/5 6353/2/5
f 6355/2/5 6348/2/5 6354/2/5
f 6358/2/5 6351/2/5 6350/2/5
f 6358/2/5 6350/2/5 6349/2/5
f 6359/2/5 6351/2/5 6358/2/5
f 6360/2/5 6351/2/5 6359/2/5
f 6361/2/5 6355/2/5 6354/2/5
f 6361/2/5 6356/2/5 6355/2/5
f 6362/2/5 6356/2/5 6361/2/5
f 6363/2/5 6356/2/5 6362/2/5
f 6366/2/5 6359/2/5 6358/2/5
f 6366/2/5 6358/2/5 6357/2/5
f 6367/2/5 6359/2/5 6366/2/5
f 6368/2/5 6359/2/5 6367/2/5
f 6369/2/5 6363/2/5 6362/2/5
f 6369/2/5 6364/2/5 6363/2/5
f 6370/2/5 6364/2/5 6369/2/5
f 6371/2/5 6364/2/5 6370/2/5
f 6374/2/5 6367/2/5 6366/2/5
f 6374/2/5 6366/2/5 6365/2/5
f 6375/2/5 6367/2/5 6374/2/5
f 6376/2/5 6367/2/5 6375/2/5
f 6377/2/5 6371/2/5 6370/2/5
f 6377/2/5 6372/2/5 6371/2/5
f 6378/2/5 6372/2/5 6377/2/5
f 6379/2/5 6372/2/5 6378/2/5
f 6382/2/5 6375/2/5 6374/2/5
f 6382/2/5 6374/2/5 6373/2/5
f 6383/2/5 6375/2/5 6382/2/5
f 6384/2/5 6375/2/5 6383/2/5
f 6385/2/5 6379/2/5 6378/2/5
f 6385/2/5 6380/2/5 6379/2/5
f 6386/2/5 6380/2/5 6385/2/5
f 6387/2/5 6380/2/5 6386/2/5
f 6390/2/5 6383/2/5 6382/2/5
f 6390/2/5 6382/2/5 6381/2/5
f 6391/2/5 6383/2/5 6390/2/5
f 6392/2/5 6383/2/5 6391/2/5
f 6393/2/5 6387/2/5 6386/2/5
f 6393/2/5 6388/2/5 6387/2/5
f 6394/2/5 6388/2/5 6393/2/5
f 6395/2/5 6388/2/5 6394/2/5
f 6398/2/5 6391/2/5 6390/2/5
f 6398/2/5 6390/2/5 6389/2/5
f 6399/2/5 6391/2/5 6398/2/5
f 6400/2/5 6391/2/5 6399/2/5
f 6401/2/5 6395/2/5 6394/2/5
f 6401/2/5 6396/2/5 6395/2/5
f 6402/2/5 6396/2/5 6401/2/5
f 6403/2/5 6396/2/5 6402/2/5
f 6406/2/5 6399/2/5 6398/2/5
f 6406/2/5 6398/2/5 6397/2/5
f 6407/2/5 6399/2/5 6406/2/5
f 6408/2/5 6399/2/5 6407/2/5
f 6409/2/5 6403/2/5 6402/2/5
f 6409/2/5 6404/2/5 6403/2/5
f 6410/2/5 6404/2/5 6409/2/5
f 6411/2/5 6404/2/5 6410/2/5
f 6414/2/5 6407/2/5 6406/2/5
f 6414/2/5 6406/2/5 6405/2/5
f 6415/2/5 6407/2/5 6414/2/5
f 6416/2/5 6407/2/5 6415/2/5
f 6417/2/5 6411/2/5 6410/2/5
f 6417/2/5 6412/2/5 6411/2/5
f 6418/2/5 6412/2/5 6417/2/5
f 6419/2/5 6412/2/5 6418/2/5
f 6422/2/5 6415/2/5 6414/2/5
f 6422/2/5 6414/2/5 6413/2/5
f 6423/2/5 6415/2/5 6422/2/5
f 6424/2/5 6415/2/5 6423/2/5
f 6425/2/5 6419/2/5 6418/2/5
f 6425/2/5 6420/2/5 6419/2/5
f 6426/2/5 6420/2/5 6425/2/5
f 6427/2/5 6420/2/5 6426/2/5
f 6430/2/5 6423/2/5 6422/2/5
f 6430/2/5 6422/2/5 6421/2/5
f 6431/2/5 6423/2/5 6430/2/5
f 6432/2/5 6423/2/5 6431/2/5
f 6433/2/5 6427/2/5 6426/2/5
f 6433/2/5 6428/2/5 6427/2/5
f 6434/2/5 6428/2/5 6433/2/5
f 6435/2/5 6428/2/5 6434/2/5
f 6438/2/5 6431/2/5 6430/2/5
f 6438/2/5 6430/2/5 6429/2/5
f 6439/2/5 6431/2/5 6438/2/5
f 6440/2/5 6431/2/5 6439/2/5
f 6441/2/5 6435/2/5 6434/2/5
f 6441/2/5 6436/2/5 6435/2/5
f 6442/2/5 6436/2/5 6441/2/5
f 6443/2/5 6436/2/5 6442/2/5
f 6445/2/5 6209/2/5 6201/2/5
f 6446/2/5 6439/2/5 6438/2/5
f 6446/2/5 6438/2/5 6437/2/5
f 6447/2/5 6439/2/5 6446/2/5
f 6448/2/5 6439/2/5 6447/2/5
f 6449/2/5 6444/2/5 6443/2/5
f 6449/2/5 6443/2/5 6442/2/5
f 6450/2/5 6444/2/5 6449/2/5
f 6451/2/5 6444/2/5 6450/2/5
f 6452/2/5 6202/2/5 6216/2/5
f 6453/2/5 6447/2/5 6446/2/5
f 6453/2/5 6446/2/5 6445/2/5
f 6454/2/5 6447/2/5 6453/2/5
f 6455/2/5 6451/2/5 6450/2/5
f 6455/2/5 6452/2/5 6451/2/5
f 6456/2/5 6452/2/5 6455/2/5
f 6457/2/5 6453/2/5 6445/2/5
f 6458/2/5 6452/2/5 6456/2/5
f 6459/2/5 6457/2/5 6445/2/5
f 6459/2/5 6458/2/5 6457/2/5
f 6459/2/5 6445/2/5 6201/2/5
f 6460/2/5 6452/2/5 6458/2/5
f 6460/2/5 6458/2/5 6459/2/5
f 6460/2/5 6202/2/5 6452/2/5
f 6463/3/5 6462/3/5 6461/3/5
f 6464/3/5 6462/3/5 6463/3/5
f 6465/3/5 6462/3/5 6464/3/5
f 6466/3/5 6462/3/5 6465/3/5
f 6469/3/5 6465/3/5 6464/3/5
f 6470/3/5 6465/3/5 6469/3/5
f 6471/3/5 6465/3/5 6470/3/5
f 6472/3/5 6465/3/5 6471/3/5
f 6475/3/5 6468/3/5 6467/3/5
f 6477/3/5 6471/3/5 6470/3/5
f 6478/3/5 6471/3/5 6477/3/5
f 6479/3/5 6471/3/5 6478/3/5
f 6480/3/5 6471/3/5 6479/3/5
f 6482/3/5 6474/3/5 6473/3/5
f 6483/3/5 6476/3/5 6475/3/5
f 6485/3/5 6479/3/5 6478/3/5
f 6486/3/5 6479/3/5 6485/3/5
f 6487/3/5 6479/3/5 6486/3/5
f 6488/3/5 6479/3/5 6487/3/5
f 6490/3/5 6482/3/5 6481/3/5
f 6491/3/5 6484/3/5 6483/3/5
f 6493/3/5 6487/3/5 6486/3/5
f 6494/3/5 6487/3/5 6493/3/5
f 6495/3/5 6487/3/5 6494/3/5
f 6496/3/5 6487/3/5 6495/3/5
f 6498/3/5 6490/3/5 6489/3/5
f 6499/3/5 6492/3/5 6491/3/5
f 6501/3/5 6495/3/5 6494/3/5
f 6502/3/5 6495/3/5 6501/3/5
f 6503/3/5 6495/3/5 6502/3/5
f 6504/3/5 6495/3/5 6503/3/5
f 6506/3/5 6498/3/5 6497/3/5
f 6507/3/5 6500/3/5 6499/3/5
f 6509/3/5 6503/3/5 6502/3/5
f 6510/3/5 6503/3/5 6509/3/5
f 6511/3/5 6503/3/5 6510/3/5
f 6512/3/5 6503/3/5 6511/3/5
f 6514/3/5 6506/3/5 6505/3/5
f 6515/3/5 6508/3/5 6507/3/5
f 6517/3/5 6511/3/5 6510/3/5
f 6518/3/5 6511/3/5 6517/3/5
f 6519/3/5 6511/3/5 6518/3/5
f 6520/3/5 6511/3/5 6519/3/5
f 6522/3/5 6514/3/5 6513/3/5
f 6523/3/5 6516/3/5 6515/3/5
f 6525/3/5 6519/3/5 6518/3/5
f 6526/3/5 6519/3/5 6525/3/5
f 6527/3/5 6519/3/5 6526/3/5
f 6528/3/5 6519/3/5 6527/3/5
f 6530/3/5 6522/3/5 6521/3/5
f 6531/3/5 6524/3/5 6523/3/5
f 6533/3/5 6527/3/5 6526/3/5
f 6534/3/5 6527/3/5 6533/3/5
f 6535/3/5 6527/3/5 6534/3/5
f 6536/3/5 6527/3/5 6535/3/5
f 6538/3/5 6530/3/5 6529/3/5
f 6539/3/5 6532/3/5 6531/3/5
f 6541/3/5 6535/3/5 6534/3/5
f 6542/3/5 6535/3/5 6541/3/5
f 6543/3/5 6535/3/5 6542/3/5
f 6544/3/5 6535/3/5 6543/3/5
f 6546/3/5 6538/3/5 6537/3/5
f 6547/3/5 6540/3/5 6539/3/5
f 6549/3/5 6543/3/5 6542/3/5
f 6550/3/5 6543/3/5 6549/3/5
f 6551/3/5 6543/3/5 6550/3/5
f 6552/3/5 6543/3/5 6551/3/5
f 6554/3/5 6546/3/5 6545/3/5
f 6555/3/5 6548/3/5 6547/3/5
f 6557/3/5 6551/3/5 6550/3/5
f 6558/3/5 6551/3/5 6557/3/5
f 6559/3/5 6551/3/5 6558/3/5
f 6560/3/5 6551/3/5 6559/3/5
f 6562/3/5 6554/3/5 6553/3/5
f 6563/3/5 6556/3/5 6555/3/5
f 6565/3/5 6559/3/5 6558/3/5
f 6566/3/5 6559/3/5 6565/3/5
f 6567/3/5 6559/3/5 6566/3/5
f 6568/3/5 6559/3/5 6567/3/5
f 6570/3/5 6562/3/5 6561/3/5
f 6571/3/5 6564/3/5 6563/3/5
f 6573/3/5 6567/3/5 6566/3/5
f 6574/3/5 6567/3/5 6573/3/5
f 6575/3/5 6567/3/5 6574/3/5
f 6576/3/5 6567/3/5 6575/3/5
f 6578/3/5 6570/3/5 6569/3/5
f 6579/3/5 6572/3/5 6571/3/5
f 6581/3/5 6575/3/5 6574/3/5
f 6582/3/5 6575/3/5 6581/3/5
f 6584/3/5 6578/3/5 6577/3/5
f 6586/3/5 6584/3/5 6583/3/5
f 6587/3/5 6580/3/5 6579/3/5
f 6589/3/5 6587/3/5 6579/3/5
f 6589/3/5 6588/3/5 6587/3/5
f 6590/3/5 6588/3/5 6589/3/5
f 6591/3/5 6586/3/5 6585/3/5
f 6592/3/5 6584/3/5 6586/3/5
f 6592/3/5 6586/3/5 6591/3/5
f 6593/3/5 6579/3/5 6571/3/5
f 6593/3/5 6589/3/5 6579/3/5
f 6594/3/5 6589/3/5 6593/3/5
f 6597/3/5 6584/3/5 6592/3/5
f 6598/3/5 6578/3/5 6584/3/5
f 6598/3/5 6584/3/5 6597/3/5
f 6599/3/5 6571/3/5 6563/3/5
f 6599/3/5 6593/3/5 6571/3/5
f 6600/3/5 6593/3/5 6599/3/5
f 6602/3/5 6596/3/5 6595/3/5
f 6603/3/5 6596/3/5 6602/3/5
f 6605/3/5 6578/3/5 6598/3/5
f 6606/3/5 6570/3/5 6578/3/5
f 6606/3/5 6578/3/5 6605/3/5
f 6607/3/5 6563/3/5 6555/3/5
f 6607/3/5 6599/3/5 6563/3/5
f 6608/3/5 6599/3/5 6607/3/5
f 6610/3/5 6604/3/5 6603/3/5
f 6610/3/5 6603/3/5 6602/3/5
f 6610/3/5 6602/3/5 6601/3/5
f 6611/3/5 6604/3/5 6610/3/5
f 6613/3/5 6570/3/5 6606/3/5
f 6614/3/5 6562/3/5 6570/3/5
f 6614/3/5 6570/3/5 6613/3/5
f 6615/3/5 6555/3/5 6547/3/5
f 6615/3/5 6607/3/5 6555/3/5
f 6616/3/5 6607/3/5 6615/3/5
f 6618/3/5 6612/3/5 6611/3/5
f 6618/3/5 6611/3/5 6610/3/5
f 6618/3/5 6610/3/5 6609/3/5
f 6619/3/5 6612/3/5 6618/3/5
f 6621/3/5 6562/3/5 6614/3/5
f 6622/3/5 6554/3/5 6562/3/5
f 6622/3/5 6562/3/5 6621/3/5
f 6623/3/5 6547/3/5 6539/3/5
f 6623/3/5 6615/3/5 6547/3/5
f 6624/3/5 6615/3/5 6623/3/5
f 6626/3/5 6620/3/5 6619/3/5
f 6626/3/5 6619/3/5 6618/3/5
f 6626/3/5 6618/3/5 6617/3/5
f 6627/3/5 6620/3/5 6626/3/5
f 6629/3/5 6554/3/5 6622/3/5
f 6630/3/5 6546/3/5 6554/3/5
f 6630/3/5 6554/3/5 6629/3/5
f 6631/3/5 6539/3/5 6531/3/5
f 6631/3/5 6623/3/5 6539/3/5
f 6632/3/5 6623/3/5 6631/3/5
f 6634/3/5 6628/3/5 6627/3/5
f 6634/3/5 6627/3/5 6626/3/5
f 6634/3/5 6626/3/5 6625/3/5
f 6635/3/5 6628/3/5 6634/3/5
f 6637/3/5 6546/3/5 6630/3/5
f 6638/3/5 6538/3/5 6546/3/5
f 6638/3/5 6546/3/5 6637/3/5
f 6639/3/5 6531/3/5 6523/3/5
f 6639/3/5 6631/3/5 6531/3/5
f 6640/3/5 6631/3/5 6639/3/5
f 6642/3/5 6636/3/5 6635/3/5
f 6642/3/5 6635/3/5 6634/3/5
f 6642/3/5 6634/3/5 6633/3/5
f 6643/3/5 6636/3/5 6642/3/5
f 6645/3/5 6538/3/5 6638/3/5
f 6646/3/5 6530/3/5 6538/3/5
f 6646/3/5 6538/3/5 6645/3/5
f 6647/3/5 6523/3/5 6515/3/5
f 6647/3/5 6639/3/5 6523/3/5
f 6648/3/5 6639/3/5 6647/3/5
f 6650/3/5 6644/3/5 6643/3/5
f 6650/3/5 6643/3/5 6642/3/5
f 6650/3/5 6642/3/5 6641/3/5
f 6651/3/5 6644/3/5 6650/3/5
f 6653/3/5 6530/3/5 6646/3/5
f 6654/3/5 6522/3/5 6530/3/5
f 6654/3/5 6530/3/5 6653/3/5
f 6655/3/5 6515/3/5 6507/3/5
f 6655/3/5 6647/3/5 6515/3/5
f 6656/3/5 6647/3/5 6655/3/5
f 6658/3/5 6652/3/5 6651/3/5
f 6658/3/5 6651/3/5 6650/3/5
f 6658/3/5 6650/3/5 6649/3/5
f 6659/3/5 6652/3/5 6658/3/5
f 6661/3/5 6522/3/5 6654/3/5
f 6662/3/5 6514/3/5 6522/3/5
f 6662/3/5 6522/3/5 6661/3/5
f 6663/3/5 6507/3/5 6499/3/5
f 6663/3/5 6655/3/5 6507/3/5
f 6664/3/5 6655/3/5 6663/3/5
f 6666/3/5 6660/3/5 6659/3/5
f 6666/3/5 6659/3/5 6658/3/5
f 6666/3/5 6658/3/5 6657/3/5
f 6667/3/5 6660/3/5 6666/3/5
f 6669/3/5 6514/3/5 6662/3/5
f 6670/3/5 6506/3/5 6514/3/5
f 6670/3/5 6514/3/5 6669/3/5
f 6671/3/5 6499/3/5 6491/3/5
f 6671/3/5 6663/3/5 6499/3/5
f 6672/3/5 6663/3/5 6671/3/5
f 6674/3/5 6668/3/5 6667/3/5
f 6674/3/5 6667/3/5 6666/3/5
f 6674/3/5 6666/3/5 6665/3/5
f 6675/3/5 6668/3/5 6674/3/5
f 6677/3/5 6506/3/5 6670/3/5
f 6678/3/5 6498/3/5 6506/3/5
f 6678/3/5 6506/3/5 6677/3/5
f 6679/3/5 6491/3/5 6483/3/5
f 6679/3/5 6671/3/5 6491/3/5
f 6680/3/5 6671/3/5 6679/3/5
f 6682/3/5 6676/3/5 6675/3/5
f 6682/3/5 6675/3/5 6674/3/5
f 6682/3/5 6674/3/5 6673/3/5
f 6683/3/5 6676/3/5 6682/3/5
f 6685/3/5 6498/3/5 6678/3/5
f 6686/3/5 6490/3/5 6498/3/5
f 6686/3/5 6498/3/5 6685/3/5
f 6687/3/5 6483/3/5 6475/3/5
f 6687/3/5 6679/3/5 6483/3/5
f 6688/3/5 6679/3/5 6687/3/5
f 6690/3/5 6684/3/5 6683/3/5
f 6690/3/5 6683/3/5 6682/3/5
f 6690/3/5 6682/3/5 6681/3/5
f 6691/3/5 6684/3/5 6690/3/5
f 6693/3/5 6490/3/5 6686/3/5
f 6694/3/5 6482/3/5 6490/3/5
f 6694/3/5 6490/3/5 6693/3/5
f 6695/3/5 6475/3/5 6467/3/5
f 6695/3/5 6687/3/5 6475/3/5
f 6696/3/5 6687/3/5 6695/3/5
f 6698/3/5 6692/3/5 6691/3/5
f 6698/3/5 6691/3/5 6690/3/5
f 6698/3/5 6690/3/5 6689/3/5
f 6699/3/5 6692/3/5 6698/3/5
f 6701/3/5 6482/3/5 6694/3/5
f 6702/3/5 6474/3/5 6482/3/5
f 6702/3/5 6482/3/5 6701/3/5
f 6703/3/5 6695/3/5 6467/3/5
f 6704/3/5 6695/3/5 6703/3/5
f 6706/3/5 6700/3/5 6699/3/5
f 6706/3/5 6699/3/5 6698/3/5
f 6706/3/5 6698/3/5 6697/3/5
f 6707/3/5 6700/3/5 6706/3/5
f 6709/3/5 6474/3/5 6702/3/5
f 6710/3/5 6474/3/5 6709/3/5
f 6712/3/5 6708/3/5 6707/3/5
f 6712/3/5 6706/3/5 6705/3/5
f 6712/3/5 6707/3/5 6706/3/5
f 6713/3/5 6708/3/5 6712/3/5
f 6715/3/5 6712/3/5 6711/3/5
f 6715/3/5 6714/3/5 6713/3/5
f 6715/3/5 6713/3/5 6712/3/5
f 6716/3/5 6714/3/5 6715/3/5
f 6721/2/5 6718/2/5 6717/2/5
f 6722/2/5 6718/2/5 6721/2/5
f 6723/2/5 6720/2/5 6719/2/5
f 6724/2/5 6720/2/5 6723/2/5
f 6729/2/5 6726/2/5 6725/2/5
f 6730/2/5 6726/2/5 6729/2/5
f 6731/2/5 6728/2/5 6727/2/5
f 6732/2/5 6728/2/5 6731/2/5
f 6737/2/5 6734/2/5 6733/2/5
f 6738/2/5 6734/2/5 6737/2/5
f 6739/2/5 6736/2/5 6735/2/5
f 6740/2/5 6736/2/5 6739/2/5
f 6745/2/5 6742/2/5 6741/2/5
f 6746/2/5 6742/2/5 6745/2/5
f 6747/2/5 6744/2/5 6743/2/5
f 6748/2/5 6744/2/5 6747/2/5
f 6753/2/5 6750/2/5 6749/2/5
f 6754/2/5 6750/2/5 6753/2/5
f 6755/2/5 6752/2/5 6751/2/5
f 6756/2/5 6752/2/5 6755/2/5
f 6761/2/5 6758/2/5 6757/2/5
f 6762/2/5 6758/2/5 6761/2/5
f 6763/2/5 6760/2/5 6759/2/5
f 6764/2/5 6760/2/5 6763/2/5
f 6769/2/5 6766/2/5 6765/2/5
f 6770/2/5 6766/2/5 6769/2/5
f 6771/2/5 6768/2/5 6767/2/5
f 6772/2/5 6768/2/5 6771/2/5
f 6777/2/5 6774/2/5 6773/2/5
f 6778/2/5 6774/2/5 6777/2/5
f 6779/2/5 6776/2/5 6775/2/5
f 6780/2/5 6776/2/5 6779/2/5
f 6785/2/5 6782/2/5 6781/2/5
f 6786/2/5 6782/2/5 6785/2/5
f 6787/2/5 6784/2/5 6783/2/5
f 6788/2/5 6784/2/5 6787/2/5
f 6793/2/5 6790/2/5 6789/2/5
f 6794/2/5 6790/2/5 6793/2/5
f 6795/2/5 6792/2/5 6791/2/5
f 6796/2/5 6792/2/5 6795/2/5
f 6801/2/5 6798/2/5 6797/2/5
f 6802/2/5 6798/2/5 6801/2/5
f 6803/2/5 6800/2/5 6799/2/5
f 6804/2/5 6800/2/5 6803/2/5
f 6809/2/5 6806/2/5 6805/2/5
f 6810/2/5 6806/2/5 6809/2/5
f 6811/2/5 6808/2/5 6807/2/5
f 6812/2/5 6808/2/5 6811/2/5
f 6817/2/5 6814/2/5 6813/2/5
f 6818/2/5 6814/2/5 6817/2/5
f 6819/2/5 6816/2/5 6815/2/5
f 6820/2/5 6816/2/5 6819/2/5
f 6825/2/5 6822/2/5 6821/2/5
f 6826/2/5 6822/2/5 6825/2/5
f 6827/2/5 6824/2/5 6823/2/5
f 6828/2/5 6824/2/5 6827/2/5
f 6833/2/5 6830/2/5 6829/2/5
f 6834/2/5 6830/2/5 6833/2/5
f 6835/2/5 6832/2/5 6831/2/5
f 6836/2/5 6832/2/5 6835/2/5
f 6841/2/5 6838/2/5 6837/2/5
f 6842/2/5 6838/2/5 6841/2/5
f 6843/2/5 6840/2/5 6839/2/5
f 6844/2/5 6840/2/5 6843/2/5
f 6849/2/5 6846/2/5 6845/2/5
f 6850/2/5 6846/2/5 6849/2/5
f 6851/2/5 6848/2/5 6847/2/5
f 6852/2/5 6848/2/5 6851/2/5
f 6857/2/5 6854/2/5 6853/2/5
f 6858/2/5 6854/2/5 6857/2/5
f 6859/2/5 6856/2/5 6855/2/5
f 6860/2/5 6856/2/5 6859/2/5
f 6865/2/5 6862/2/5 6861/2/5
f 6866/2/5 6862/2/5 6865/2/5
f 6867/2/5 6864/2/5 6863/2/5
f 6868/2/5 6864/2/5 6867/2/5
f 6873/2/5 6870/2/5 6869/2/5
f 6874/2/5 6870/2/5 6873/2/5
f 6875/2/5 6872/2/5 6871/2/5
f 6876/2/5 6872/2/5 6875/2/5
f 6881/2/5 6878/2/5 6877/2/5
f 6882/2/5 6878/2/5 6881/2/5
f 6883/2/5 6880/2/5 6879/2/5
f 6884/2/5 6880/2/5 6883/2/5
f 6889/2/5 6886/2/5 6885/2/5
f 6890/2/5 6886/2/5 6889/2/5
f 6891/2/5 6888/2/5 6887/2/5
f 6892/2/5 6888/2/5 6891/2/5
f 6897/2/5 6894/2/5 6893/2/5
f 6898/2/5 6894/2/5 6897/2/5
f 6899/2/5 6896/2/5 6895/2/5
f 6900/2/5 6896/2/5 6899/2/5
f 6905/2/5 6902/2/5 6901/2/5
f 6906/2/5 6902/2/5 6905/2/5
f 6907/2/5 6904/2/5 6903/2/5
f 6908/2/5 6904/2/5 6907/2/5
f 6913/2/5 6910/2/5 6909/2/5
f 6914/2/5 6910/2/5 6913/2/5
f 6915/2/5 6912/2/5 6911/2/5
f 6916/2/5 6912/2/5 6915/2/5
f 6921/2/5 6918/2/5 6917/2/5
f 6922/2/5 6918/2/5 6921/2/5
f 6923/2/5 6920/2/5 6919/2/5
f 6924/2/5 6920/2/5 6923/2/5
f 6929/2/5 6926/2/5 6925/2/5
f 6930/2/5 6926/2/5 6929/2/5
f 6931/2/5 6928/2/5 6927/2/5
f 6932/2/5 6928/2/5 6931/2/5
f 6937/2/5 6934/2/5 6933/2/5
f 6938/2/5 6934/2/5 6937/2/5
f 6939/2/5 6936/2/5 6935/2/5
f 6940/2/5 6936/2/5 6939/2/5
f 6945/2/5 6942/2/5 6941/2/5
f 6946/2/5 6942/2/5 6945/2/5
f 6947/2/5 6944/2/5 6943/2/5
f 6948/2/5 6944/2/5 6947/2/5
f 6953/2/5 6950/2/5 6949/2/5
f 6954/2/5 6950/2/5 6953/2/5
f 6955/2/5 6952/2/5 6951/2/5
f 6956/2/5 6952/2/5 6955/2/5
f 6961/2/5 6958/2/5 6957/2/5
f 6962/2/5 6958/2/5 6961/2/5
f 6963/2/5 6960/2/5 6959/2/5
f 6964/2/5 6960/2/5 6963/2/5
f 6969/2/5 6966/2/5 6965/2/5
f 6970/2/5 6966/2/5 6969/2/5
f 6971/2/5 6968/2/5 6967/2/5
f 6972/2/5 6968/2/5 6971/2/5
f 6977/2/5 6974/2/5 6973/2/5
f 6978/2/5 6974/2/5 6977/2/5
f 6979/2/5 6976/2/5 6975/2/5
f 6980/2/5 6976/2/5 6979/2/5
f 6985/2/5 6982/2/5 6981/2/5
f 6986/2/5 6982/2/5 6985/2/5
f 6987/2/5 6984/2/5 6983/2/5
f 6988/2/5 6984/2/5 6987/2/5
f 6993/2/5 6990/2/5 6989/2/5
f 6994/2/5 6990/2/5 6993/2/5
f 6995/2/5 6992/2/5 6991/2/5
f 6996/2/5 6992/2/5 6995/2/5
f 7001/2/5 6998/2/5 6997/2/5
f 7002/2/5 6998/2/5 7001/2/5
f 7003/2/5 7000/2/5 6999/2/5
f 7004/2/5 7000/2/5 7003/2/5
f 7009/2/5 7006/2/5 7005/2/5
f 7010/2/5 7006/2/5 7009/2/5
f 7011/2/5 7008/2/5 7007/2/5
f 7012/2/5 7008/2/5 7011/2/5
f 7017/2/5 7014/2/5 7013/2/5
f 7018/2/5 7014/2/5 7017/2/5
f 7019/2/5 7016/2/5 7015/2/5
f 7020/2/5 7016/2/5 7019/2/5
f 7025/2/5 7022/2/5 7021/2/5
f 7026/2/5 7022/2/5 7025/2/5
f 7027/2/5 7024/2/5 7023/2/5
f 7028/2/5 7024/2/5 7027/2/5
f 7033/2/5 7030/2/5 7029/2/5
f 7034/2/5 7030/2/5 7033/2/5
f 7035/2/5 7032/2/5 7031/2/5
f 7036/2/5 7032/2/5 7035/2/5
f 7041/2/5 7038/2/5 7037/2/5
f 7042/2/5 7038/2/5 7041/2/5
f 7043/2/5 7040/2/5 7039/2/5
f 7044/2/5 7040/2/5 7043/2/5
f 7049/2/5 7046/2/5 7045/2/5
f 7050/2/5 7046/2/5 7049/2/5
f 7051/2/5 7048/2/5 7047/2/5
f 7052/2/5 7048/2/5 7051/2/5
f 7057/2/5 7054/2/5 7053/2/5
f 7058/2/5 7054/2/5 7057/2/5
f 7059/2/5 7056/2/5 7055/2/5
f 7060/2/5 7056/2/5 7059/2/5
f 7065/2/5 7062/2/5 7061/2/5
f 7066/2/5 7062/2/5 7065/2/5
f 7067/2/5 7064/2/5 7063/2/5
f 7068/2/5 7064/2/5 7067/2/5
f 7073/2/5 7070/2/5 7069/2/5
f 7074/2/5 7070/2/5 7073/2/5
f 7075/2/5 7072/2/5 7071/2/5
f 7076/2/5 7072/2/5 7075/2/5
f 7081/2/5 7078/2/5 7077/2/5
f 7082/2/5 7078/2/5 7081/2/5
f 7083/2/5 7080/2/5 7079/2/5
f 7084/2/5 7080/2/5 7083/2/5
f 7089/2/5 7086/2/5 7085/2/5
f 7090/2/5 7086/2/5 7089/2/5
f 7091/2/5 7088/2/5 7087/2/5
f 7092/2/5 7088/2/5 7091/2/5
f 7097/2/5 7094/2/5 7093/2/5
f 7098/2/5 7094/2/5 7097/2/5
f 7099/2/5 7096/2/5 7095/2/5
f 7100/2/5 7096/2/5 7099/2/5
f 7105/2/5 7102/2/5 7101/2/5
f 7106/2/5 7102/2/5 7105/2/5
f 7107/2/5 7104/2/5 7103/2/5
f 7108/2/5 7104/2/5 7107/2/5
f 7113/2/5 7110/2/5 7109/2/5
f 7114/2/5 7110/2/5 7113/2/5
f 7115/2/5 7112/2/5 7111/2/5
f 7116/2/5 7112/2/5 7115/2/5
f 7121/2/5 7118/2/5 7117/2/5
f 7122/2/5 7118/2/5 7121/2/5
f 7123/2/5 7120/2/5 7119/2/5
f 7124/2/5 7120/2/5 7123/2/5
f 7129/2/5 7126/2/5 7125/2/5
f 7130/2/5 7126/2/5 7129/2/5
f 7131/2/5 7128/2/5 7127/2/5
f 7132/2/5 7128/2/5 7131/2/5
f 7137/2/5 7134/2/5 7133/2/5
f 7138/2/5 7134/2/5 7137/2/5
f 7139/2/5 7136/2/5 7135/2/5
f 7140/2/5 7136/2/5 7139/2/5
f 7145/2/5 7142/2/5 7141/2/5
f 7146/2/5 7142/2/5 7145/2/5
f 7147/2/5 7144/2/5 7143/2/5
f 7148/2/5 7144/2/5 7147/2/5
f 7153/2/5 7150/2/5 7149/2/5
f 7154/2/5 7150/2/5 7153/2/5
f 7155/2/5 7152/2/5 7151/2/5
f 7156/2/5 7152/2/5 7155/2/5
f 7161/2/5 7158/2/5 7157/2/5
f 7162/2/5 7158/2/5 7161/2/5
f 7163/2/5 7160/2/5 7159/2/5
f 7164/2/5 7160/2/5 7163/2/5
f 7169/2/5 7166/2/5 7165/2/5
f 7170/2/5 7166/2/5 7169/2/5
f 7171/2/5 7168/2/5 7167/2/5
f 7172/2/5 7168/2/5 7171/2/5
f 7177/2/5 7174/2/5 7173/2/5
f 7178/2/5 7174/2/5 7177/2/5
f 7179/2/5 7176/2/5 7175/2/5
f 7180/2/5 7176/2/5 7179/2/5
f 7185/2/5 7182/2/5 7181/2/5
f 7186/2/5 7182/2/5 7185/2/5
f 7187/2/5 7184/2/5 7183/2/5
f 7188/2/5 7184/2/5 7187/2/5
f 7193/2/5 7190/2/5 7189/2/5
f 7194/2/5 7190/2/5 7193/2/5
f 7195/2/5 7192/2/5 7191/2/5
f 7196/2/5 7192/2/5 7195/2/5
f 7199/2/5 7198/2/5 7197/2/5
f 7200/2/5 7198/2/5 7199/2/5
f 7205/2/5 7202/2/5 7201/2/5
f 7206/2/5 7202/2/5 7205/2/5
f 7207/2/5 7204/2/5 7203/2/5
f 7208/2/5 7204/2/5 7207/2/5
f 7211/2/5 7210/2/5 7209/2/5
f 7212/2/5 7210/2/5 7211/2/5
f 7217/2/5 7214/2/5 7213/2/5
f 7218/2/5 7214/2/5 7217/2/5
f 7219/2/5 7216/2/5 7215/2/5
f 7220/2/5 7216/2/5 7219/2/5
f 7225/2/5 7222/2/5 7221/2/5
f 7226/2/5 7222/2/5 7225/2/5
f 7227/2/5 7224/2/5 7223/2/5
f 7228/2/5 7224/2/5 7227/2/5
f 7233/2/5 7230/2/5 7229/2/5
f 7234/2/5 7230/2/5 7233/2/5
f 7235/2/5 7232/2/5 7231/2/5
f 7236/2/5 7232/2/5 7235/2/5
f 7241/2/5 7238/2/5 7237/2/5
f 7242/2/5 7238/2/5 7241/2/5
f 7243/2/5 7240/2/5 7239/2/5
f 7244/2/5 7240/2/5 7243/2/5
f 7249/2/5 7246/2/5 7245/2/5
f 7250/2/5 7246/2/5 7249/2/5
f 7251/2/5 7248/2/5 7247/2/5
f 7252/2/5 7248/2/5 7251/2/5
f 7257/2/5 7254/2/5 7253/2/5
f 7258/2/5 7254/2/5 7257/2/5
f 7259/2/5 7256/2/5 7255/2/5
f 7260/2/5 7256/2/5 7259/2/5
f 7265/2/5 7262/2/5 7261/2/5
f 7266/2/5 7262/2/5 7265/2/5
f 7267/2/5 7264/2/5 7263/2/5
f 7268/2/5 7264/2/5 7267/2/5
f 7273/2/5 7270/2/5 7269/2/5
f 7274/2/5 7270/2/5 7273/2/5
f 7275/2/5 7272/2/5 7271/2/5
f 7276/2/5 7272/2/5 7275/2/5
f 7281/2/5 7278/2/5 7277/2/5
f 7282/2/5 7278/2/5 7281/2/5
f 7283/2/5 7280/2/5 7279/2/5
f 7284/2/5 7280/2/5 7283/2/5
f 7289/2/5 7286/2/5 7285/2/5
f 7290/2/5 7286/2/5 7289/2/5
f 7291/2/5 7288/2/5 7287/2/5
f 7292/2/5 7288/2/5 7291/2/5
f 7297/2/5 7294/2/5 7293/2/5
f 7298/2/5 7294/2/5 7297/2/5
f 7299/2/5 7296/2/5 7295/2/5
f 7300/2/5 7296/2/5 7299/2/5
f 7305/2/5 7302/2/5 7301/2/5
f 7306/2/5 7302/2/5 7305/2/5
f 7307/2/5 7304/2/5 7303/2/5
f 7308/2/5 7304/2/5 7307/2/5
f 7313/2/5 7310/2/5 7309/2/5
f 7314/2/5 7310/2/5 7313/2/5
f 7315/2/5 7312/2/5 7311/2/5
f 7316/2/5 7312/2/5 7315/2/5
f 7321/2/5 7318/2/5 7317/2/5
f 7322/2/5 7318/2/5 7321/2/5
f 7323/2/5 7320/2/5 7319/2/5
f 7324/2/5 7320/2/5 7323/2/5
f 7329/2/5 7326/2/5 7325/2/5
f 7330/2/5 7326/2/5 7329/2/5
f 7331/2/5 7328/2/5 7327/2/5
f 7332/2/5 7328/2/5 7331/2/5
f 7337/2/5 7334/2/5 7333/2/5
f 7338/2/5 7334/2/5 7337/2/5
f 7339/2/5 7336/2/5 7335/2/5
f 7340/2/5 7336/2/5 7339/2/5
f 7345/2/5 7342/2/5 7341/2/5
f 7346/2/5 7342/2/5 7345/2/5
f 7347/2/5 7344/2/5 7343/2/5
f 7348/2/5 7344/2/5 7347/2/5
f 7353/2/5 7350/2/5 7349/2/5
f 7354/2/5 7350/2/5 7353/2/5
f 7355/2/5 7352/2/5 7351/2/5
f 7356/2/5 7352/2/5 7355/2/5
f 7361/2/5 7358/2/5 7357/2/5
f 7362/2/5 7358/2/5 7361/2/5
f 7363/2/5 7360/2/5 7359/2/5
f 7364/2/5 7360/2/5 7363/2/5
f 7369/2/5 7366/2/5 7365/2/5
f 7370/2/5 7366/2/5 7369/2/5
f 7371/2/5 7368/2/5 7367/2/5
f 7372/2/5 7368/2/5 7371/2/5
f 7377/2/5 7374/2/5 7373/2/5
f 7378/2/5 7374/2/5 7377/2/5
f 7379/2/5 7376/2/5 7375/2/5
f 7380/2/5 7376/2/5 7379/2/5
f 7385/2/5 7382/2/5 7381/2/5
f 7386/2/5 7382/2/5 7385/2/5
f 7387/2/5 7384/2/5 7383/2/5
f 7388/2/5 7384/2/5 7387/2/5
f 7393/2/5 7390/2/5 7389/2/5
f 7394/2/5 7390/2/5 7393/2/5
f 7395/2/5 7392/2/5 7391/2/5
f 7396/2/5 7392/2/5 7395/2/5
f 7401/2/5 7398/2/5 7397/2/5
f 7402/2/5 7398/2/5 7401/2/5
f 7403/2/5 7400/2/5 7399/2/5
f 7404/2/5 7400/2/5 7403/2/5
f 7409/2/5 7406/2/5 7405/2/5
f 7410/2/5 7406/2/5 7409/2/5
f 7411/2/5 7408/2/5 7407/2/5
f 7412/2/5 7408/2/5 7411/2/5
f 7417/2/5 7414/2/5 7413/2/5
f 7418/2/5 7414/2/5 7417/2/5
f 7419/2/5 7416/2/5 7415/2/5
f 7420/2/5 7416/2/5 7419/2/5
f 7425/2/5 7422/2/5 7421/2/5
f 7426/2/5 7422/2/5 7425/2/5
f 7427/2/5 7424/2/5 7423/2/5
f 7428/2/5 7424/2/5 7427/2/5
f 7433/2/5 7430/2/5 7429/2/5
f 7434/2/5 7430/2/5 7433/2/5
f 7435/2/5 7432/2/5 7431/2/5
f 7436/2/5 7432/2/5 7435/2/5
f 7441/2/5 7438/2/5 7437/2/5
f 7442/2/5 7438/2/5 7441/2/5
f 7443/2/5 7440/2/5 7439/2/5
f 7444/2/5 7440/2/5 7443/2/5
f 7449/2/5 7446/2/5 7445/2/5
f 7450/2/5 7446/2/5 7449/2/5
f 7451/2/5 7448/2/5 7447/2/5
f 7452/2/5 7448/2/5 7451/2/5
f 7457/2/5 7454/2/5 7453/2/5
f 7458/2/5 7454/2/5 7457/2/5
f 7459/2/5 7456/2/5 7455/2/5
f 7460/2/5 7456/2/5 7459/2/5
f 7465/2/5 7462/2/5 7461/2/5
f 7466/2/5 7462/2/5 7465/2/5
f 7467/2/5 7464/2/5 7463/2/5
f 7468/2/5 7464/2/5 7467/2/5
f 7473/2/5 7470/2/5 7469/2/5
f 7474/2/5 7470/2/5 7473/2/5
f 7475/2/5 7472/2/5 7471/2/5
f 7476/2/5 7472/2/5 7475/2/5
f 7481/2/5 7478/2/5 7477/2/5
f 7482/2/5 7478/2/5 7481/2/5
f 7483/2/5 7480/2/5 7479/2/5
f 7484/2/5 7480/2/5 7483/2/5
f 7489/2/5 7486/2/5 7485/2/5
f 7490/2/5 7486/2/5 7489/2/5
f 7491/2/5 7488/2/5 7487/2/5
f 7492/2/5 7488/2/5 7491/2/5
f 7497/2/5 7494/2/5 7493/2/5
f 7498/2/5 7494/2/5 7497/2/5
f 7499/2/5 7496/2/5 7495/2/5
f 7500/2/5 7496/2/5 7499/2/5
f 7505/2/5 7502/2/5 7501/2/5
f 7506/2/5 7502/2/5 7505/2/5
f 7507/2/5 7504/2/5 7503/2/5
f 7508/2/5 7504/2/5 7507/2/5
f 7513/2/5 7510/2/5 7509/2/5
f 7514/2/5 7510/2/5 7513/2/5
f 7515/2/5 7512/2/5 7511/2/5
f 7516/2/5 7512/2/5 7515/2/5
f 7521/2/5 7518/2/5 7517/2/5
f 7522/2/5 7518/2/5 7521/2/5
f 7523/2/5 7520/2/5 7519/2/5
f 7524/2/5 7520/2/5 7523/2/5
f 7529/2/5 7526/2/5 7525/2/5
f 7530/2/5 7526/2/5 7529/2/5
f 7531/2/5 7528/2/5 7527/2/5
f 7532/2/5 7528/2/5 7531/2/5
f 7537/2/5 7534/2/5 7533/2/5
f 7538/2/5 7534/2/5 7537/2/5
f 7539/2/5 7536/2/5 7535/2/5
f 7540/2/5 7536/2/5 7539/2/5
f 7545/2/5 7542/2/5 7541/2/5
f 7546/2/5 7542/2/5 7545/2/5
f 7547/2/5 7544/2/5 7543/2/5
f 7548/2/5 7544/2/5 7547/2/5
f 7553/2/5 7550/2/5 7549/2/5
f 7554/2/5 7550/2/5 7553/2/5
f 7555/2/5 7552/2/5 7551/2/5
f 7556/2/5 7552/2/5 7555/2/5
f 7561/2/5 7558/2/5 7557/2/5
f 7562/2/5 7558/2/5 7561/2/5
f 7563/2/5 7560/2/5 7559/2/5
f 7564/2/5 7560/2/5 7563/2/5
f 7569/2/5 7566/2/5 7565/2/5
f 7570/2/5 7566/2/5 7569/2/5
f 7571/2/5 7568/2/5 7567/2/5
f 7572/2/5 7568/2/5 7571/2/5
f 7577/2/5 7574/2/5 7573/2/5
f 7578/2/5 7574/2/5 7577/2/5
f 7579/2/5 7576/2/5 7575/2/5
f 7580/2/5 7576/2/5 7579/2/5
f 7585/2/5 7582/2/5 7581/2/5
f 7586/2/5 7582/2/5 7585/2/5
f 7587/2/5 7584/2/5 7583/2/5
f 7588/2/5 7584/2/5 7587/2/5
f 7593/2/5 7590/2/5 7589/2/5
f 7594/2/5 7590/2/5 7593/2/5
f 7595/2/5 7592/2/5 7591/2/5
f 7596/2/5 7592/2/5 7595/2/5
f 7601/2/5 7598/2/5 7597/2/5
f 7602/2/5 7598/2/5 7601/2/5
f 7603/2/5 7600/2/5 7599/2/5
f 7604/2/5 7600/2/5 7603/2/5
f 7609/2/5 7606/2/5 7605/2/5
f 7610/2/5 7606/2/5 7609/2/5
f 7611/2/5 7608/2/5 7607/2/5
f 7612/2/5 7608/2/5 7611/2/5
f 7617/2/5 7614/2/5 7613/2/5
f 7618/2/5 7614/2/5 7617/2/5
f 7619/2/5 7616/2/5 7615/2/5
f 7620/2/5 7616/2/5 7619/2/5
f 7625/2/5 7622/2/5 7621/2/5
f 7626/2/5 7622/2/5 7625/2/5
f 7627/2/5 7624/2/5 7623/2/5
f 7628/2/5 7624/2/5 7627/2/5
f 7633/2/5 7630/2/5 7629/2/5
f 7634/2/5 7630/2/5 7633/2/5
f 7635/2/5 7632/2/5 7631/2/5
f 7636/2/5 7632/2/5 7635/2/5
f 7641/2/5 7638/2/5 7637/2/5
f 7642/2/5 7638/2/5 7641/2/5
f 7643/2/5 7640/2/5 7639/2/5
f 7644/2/5 7640/2/5 7643/2/5
f 7649/2/5 7646/2/5 7645/2/5
f 7650/2/5 7646/2/5 7649/2/5
f 7651/2/5 7648/2/5 7647/2/5
f 7652/2/5 7648/2/5 7651/2/5
f 7657/2/5 7654/2/5 7653/2/5
f 7658/2/5 7654/2/5 7657/2/5
f 7659/2/5 7656/2/5 7655/2/5
f 7660/2/5 7656/2/5 7659/2/5
f 7665/2/5 7662/2/5 7661/2/5
f 7666/2/5 7662/2/5 7665/2/5
f 7667/2/5 7664/2/5 7663/2/5
f 7668/2/5 7664/2/5 7667/2/5
f 7673/2/5 7670/2/5 7669/2/5
f 7674/2/5 7670/2/5 7673/2/5
f 7675/2/5 7672/2/5 7671/2/5
f 7676/2/5 7672/2/5 7675/2/5
f 7681/2/5 7678/2/5 7677/2/5
f 7682/2/5 7678/2/5 7681/2/5
f 7683/2/5 7680/2/5 7679/2/5
f 7684/2/5 7680/2/5 7683/2/5
f 7689/2/5 7686/2/5 7685/2/5
f 7690/2/5 7686/2/5 7689/2/5
f 7691/2/5 7688/2/5 7687/2/5
f 7692/2/5 7688/2/5 7691/2/5
f 7697/2/5 7694/2/5 7693/2/5
f 7698/2/5 7694/2/5 7697/2/5
f 7699/2/5 7696/2/5 7695/2/5
f 7700/2/5 7696/2/5 7699/2/5
f 7705/2/5 7702/2/5 7701/2/5
f 7706/2/5 7702/2/5 7705/2/5
f 7707/2/5 7704/2/5 7703/2/5
f 7708/2/5 7704/2/5 7707/2/5
f 7713/2/5 7710/2/5 7709/2/5
f 7714/2/5 7710/2/5 7713/2/5
f 7715/2/5 7712/2/5 7711/2/5
f 7716/2/5 7712/2/5 7715/2/5
f 7721/2/5 7718/2/5 7717/2/5
f 7722/2/5 7718/2/5 7721/2/5
f 7723/2/5 7720/2/5 7719/2/5
f 7724/2/5 7720/2/5 7723/2/5
f 7727/3/5 7726/3/5 7725/3/5
f 7728/3/5 7726/3/5 7727/3/5
f 7733/3/5 7730/3/5 7729/3/5
f 7734/3/5 7730/3/5 7733/3/5
f 7735/3/5 7732/3/5 7731/3/5
f 7736/3/5 7732/3/5 7735/3/5
f 7739/3/5 7738/3/5 7737/3/5
f 7740/3/5 7738/3/5 7739/3/5
f 7741/3/6 7742/3/6 7743/3/6
f 7743/3/6 7742/3/6 7744/3/6
f 7745/3/6 7746/3/6 7749/3/6
f 7749/3/6 7746/3/6 7750/3/6
f 7747/3/6 7748/3/6 7751/3/6
f 7751/3/6 7748/3/6 7752/3/6
f 7753/3/6 7754/3/6 7755/3/6
f 7755/3/6 7754/3/6 7756/3/6
f 7757/2/6 7758/2/6 7761/2/6
f 7761/2/6 7758/2/6 7762/2/6
f 7759/2/6 7760/2/6 7763/2/6
f 7763/2/6 7760/2/6 7764/2/6
f 7765/2/6 7766/2/6 7769/2/6
f 7769/2/6 7766/2/6 7770/2/6
f 7767/2/6 7768/2/6 7771/2/6
f 7771/2/6 7768/2/6 7772/2/6
f 7773/2/6 7774/2/6 7777/2/6
f 7777/2/6 7774/2/6 7778/2/6
f 7775/2/6 7776/2/6 7779/2/6
f 7779/2/6 7776/2/6 7780/2/6
f 7781/2/6 7782/2/6 7785/2/6
f 7785/2/6 7782/2/6 7786/2/6
f 7783/2/6 7784/2/6 7787/2/6
f 7787/2/6 7784/2/6 7788/2/6
f 7789/2/6 7790/2/6 7793/2/6
f 7793/2/6 7790/2/6 7794/2/6
f 7791/2/6 7792/2/6 7795/2/6
f 7795/2/6 7792/2/6 7796/2/6
f 7797/2/6 7798/2/6 7801/2/6
f 7801/2/6 7798/2/6 7802/2/6
f 7799/2/6 7800/2/6 7803/2/6
f 7803/2/6 7800/2/6 7804/2/6
f 7805/2/6 7806/2/6 7809/2/6
f 7809/2/6 7806/2/6 7810/2/6
f 7807/2/6 7808/2/6 7811/2/6
f 7811/2/6 7808/2/6 7812/2/6
f 7813/2/6 7814/2/6 7817/2/6
f 7817/2/6 7814/2/6 7818/2/6
f 7815/2/6 7816/2/6 7819/2/6
f 7819/2/6 7816/2/6 7820/2/6
f 7821/2/6 7822/2/6 7825/2/6
f 7825/2/6 7822/2/6 7826/2/6
f 7823/2/6 7824/2/6 7827/2/6
f 7827/2/6 7824/2/6 7828/2/6
f 7829/2/6 7830/2/6 7833/2/6
f 7833/2/6 7830/2/6 7834/2/6
f 7831/2/6 7832/2/6 7835/2/6
f 7835/2/6 7832/2/6 7836/2/6
f 7837/2/6 7838/2/6 7841/2/6
f 7841/2/6 7838/2/6 7842/2/6
f 7839/2/6 7840/2/6 7843/2/6
f 7843/2/6 7840/2/6 7844/2/6
f 7845/2/6 7846/2/6 7849/2/6
f 7849/2/6 7846/2/6 7850/2/6
f 7847/2/6 7848/2/6 7851/2/6
f 7851/2/6 7848/2/6 7852/2/6
f 7853/2/6 7854/2/6 7857/2/6
f 7857/2/6 7854/2/6 7858/2/6
f 7855/2/6 7856/2/6 7859/2/6
f 7859/2/6 7856/2/6 7860/2/6
f 7861/2/6 7862/2/6 7865/2/6
f 7865/2/6 7862/2/6 7866/2/6
f 7863/2/6 7864/2/6 7867/2/6
f 7867/2/6 7864/2/6 7868/2/6
f 7869/2/6 7870/2/6 7873/2/6
f 7873/2/6 7870/2/6 7874/2/6
f 7871/2/6 7872/2/6 7875/2/6
f 7875/2/6 7872/2/6 7876/2/6
f 7877/2/6 7878/2/6 7881/2/6
f 7881/2/6 7878/2/6 7882/2/6
f 7879/2/6 7880/2/6 7883/2/6
f 7883/2/6 7880/2/6 7884/2/6
f 7885/2/6 7886/2/6 7889/2/6
f 7889/2/6 7886/2/6 7890/2/6
f 7887/2/6 7888/2/6 7891/2/6
f 7891/2/6 7888/2/6 7892/2/6
f 7893/2/6 7894/2/6 7897/2/6
f 7897/2/6 7894/2/6 7898/2/6
f 7895/2/6 7896/2/6 7899/2/6
f 7899/2/6 7896/2/6 7900/2/6
f 7901/2/6 7902/2/6 7905/2/6
f 7905/2/6 7902/2/6 7906/2/6
f 7903/2/6 7904/2/6 7907/2/6
f 7907/2/6 7904/2/6 7908/2/6
f 7909/2/6 7910/2/6 7913/2/6
f 7913/2/6 7910/2/6 7914/2/6
f 7911/2/6 7912/2/6 7915/2/6
f 7915/2/6 7912/2/6 7916/2/6
f 7917/2/6 7918/2/6 7921/2/6
f 7921/2/6 7918/2/6 7922/2/6
f 7919/2/6 7920/2/6 7923/2/6
f 7923/2/6 7920/2/6 7924/2/6
f 7925/2/6 7926/2/6 7929/2/6
f 7929/2/6 7926/2/6 7930/2/6
f 7927/2/6 7928/2/6 7931/2/6
f 7931/2/6 7928/2/6 7932/2/6
f 7933/2/6 7934/2/6 7937/2/6
f 7937/2/6 7934/2/6 7938/2/6
f 7935/2/6 7936/2/6 7939/2/6
f 7939/2/6 7936/2/6 7940/2/6
f 7941/2/6 7942/2/6 7945/2/6
f 7945/2/6 7942/2/6 7946/2/6
f 7943/2/6 7944/2/6 7947/2/6
f 7947/2/6 7944/2/6 7948/2/6
f 7949/2/6 7950/2/6 7953/2/6
f 7953/2/6 7950/2/6 7954/2/6
f 7951/2/6 7952/2/6 7955/2/6
f 7955/2/6 7952/2/6 7956/2/6
f 7957/2/6 7958/2/6 7961/2/6
f 7961/2/6 7958/2/6 7962/2/6
f 7959/2/6 7960/2/6 7963/2/6
f 7963/2/6 7960/2/6 7964/2/6
f 7965/2/6 7966/2/6 7969/2/6
f 7969/2/6 7966/2/6 7970/2/6
f 7967/2/6 7968/2/6 7971/2/6
f 7971/2/6 7968/2/6 7972/2/6
f 7973/2/6 7974/2/6 7977/2/6
f 7977/2/6 7974/2/6 7978/2/6
f 7975/2/6 7976/2/6 7979/2/6
f 7979/2/6 7976/2/6 7980/2/6
f 7981/2/6 7982/2/6 7985/2/6
f 7985/2/6 7982/2/6 7986/2/6
f 7983/2/6 7984/2/6 7987/2/6
f 7987/2/6 7984/2/6 7988/2/6
f 7989/2/6 7990/2/6 7993/2/6
f 7993/2/6 7990/2/6 7994/2/6
f 7991/2/6 7992/2/6 7995/2/6
f 7995/2/6 7992/2/6 7996/2/6
f 7997/2/6 7998/2/6 8001/2/6
f 8001/2/6 7998/2/6 8002/2/6
f 7999/2/6 8000/2/6 8003/2/6
f 8003/2/6 8000/2/6 8004/2/6
f 8005/2/6 8006/2/6 8009/2/6
f 8009/2/6 8006/2/6 8010/2/6
f 8007/2/6 8008/2/6 8011/2/6
f 8011/2/6 8008/2/6 8012/2/6
f 8013/2/6 8014/2/6 8017/2/6
f 8017/2/6 8014/2/6 8018/2/6
f 8015/2/6 8016/2/6 8019/2/6
f 8019/2/6 8016/2/6 8020/2/6
f 8021/2/6 8022/2/6 8025/2/6
f 8025/2/6 8022/2/6 8026/2/6
f 8023/2/6 8024/2/6 8027/2/6
f 8027/2/6 8024/2/6 8028/2/6
f 8029/2/6 8030/2/6 8033/2/6
f 8033/2/6 8030/2/6 8034/2/6
f 8031/2/6 8032/2/6 8035/2/6
f 8035/2/6 8032/2/6 8036/2/6
f 8037/2/6 8038/2/6 8041/2/6
f 8041/2/6 8038/2/6 8042/2/6
f 8039/2/6 8040/2/6 8043/2/6
f 8043/2/6 8040/2/6 8044/2/6
f 8045/2/6 8046/2/6 8049/2/6
f 8049/2/6 8046/2/6 8050/2/6
f 8047/2/6 8048/2/6 8051/2/6
f 8051/2/6 8048/2/6 8052/2/6
f 8053/2/6 8054/2/6 8057/2/6
f 8057/2/6 8054/2/6 8058/2/6
f 8055/2/6 8056/2/6 8059/2/6
f 8059/2/6 8056/2/6 8060/2/6
f 8061/2/6 8062/2/6 8065/2/6
f 8065/2/6 8062/2/6 8066/2/6
f 8063/2/6 8064/2/6 8067/2/6
f 8067/2/6 8064/2/6 8068/2/6
f 8069/2/6 8070/2/6 8073/2/6
f 8073/2/6 8070/2/6 8074/2/6
f 8071/2/6 8072/2/6 8075/2/6
f 8075/2/6 8072/2/6 8076/2/6
f 8077/2/6 8078/2/6 8081/2/6
f 8081/2/6 8078/2/6 8082/2/6
f 8079/2/6 8080/2/6 8083/2/6
f 8083/2/6 8080/2/6 8084/2/6
f 8085/2/6 8086/2/6 8089/2/6
f 8089/2/6 8086/2/6 8090/2/6
f 8087/2/6 8088/2/6 8091/2/6
f 8091/2/6 8088/2/6 8092/2/6
f 8093/2/6 8094/2/6 8097/2/6
f 8097/2/6 8094/2/6 8098/2/6
f 8095/2/6 8096/2/6 8099/2/6
f 8099/2/6 8096/2/6 8100/2/6
f 8101/2/6 8102/2/6 8105/2/6
f 8105/2/6 8102/2/6 8106/2/6
f 8103/2/6 8104/2/6 8107/2/6
f 8107/2/6 8104/2/6 8108/2/6
f 8109/2/6 8110/2/6 8113/2/6
f 8113/2/6 8110/2/6 8114/2/6
f 8111/2/6 8112/2/6 8115/2/6
f 8115/2/6 8112/2/6 8116/2/6
f 8117/2/6 8118/2/6 8121/2/6
f 8121/2/6 8118/2/6 8122/2/6
f 8119/2/6 8120/2/6 8123/2/6
f 8123/2/6 8120/2/6 8124/2/6
f 8125/2/6 8126/2/6 8129/2/6
f 8129/2/6 8126/2/6 8130/2/6
f 8127/2/6 8128/2/6 8131/2/6
f 8131/2/6 8128/2/6 8132/2/6
f 8133/2/6 8134/2/6 8137/2/6
f 8137/2/6 8134/2/6 8138/2/6
f 8135/2/6 8136/2/6 8139/2/6
f 8139/2/6 8136/2/6 8140/2/6
f 8141/2/6 8142/2/6 8145/2/6
f 8145/2/6 8142/2/6 8146/2/6
f 8143/2/6 8144/2/6 8147/2/6
f 8147/2/6 8144/2/6 8148/2/6
f 8149/2/6 8150/2/6 8153/2/6
f 8153/2/6 8150/2/6 8154/2/6
f 8151/2/6 8152/2/6 8155/2/6
f 8155/2/6 8152/2/6 8156/2/6
f 8157/2/6 8158/2/6 8161/2/6
f 8161/2/6 8158/2/6 8162/2/6
f 8159/2/6 8160/2/6 8163/2/6
f 8163/2/6 8160/2/6 8164/2/6
f 8165/2/6 8166/2/6 8169/2/6
f 8169/2/6 8166/2/6 8170/2/6
f 8167/2/6 8168/2/6 8171/2/6
f 8171/2/6 8168/2/6 8172/2/6
f 8173/2/6 8174/2/6 8177/2/6
f 8177/2/6 8174/2/6 8178/2/6
f 8175/2/6 8176/2/6 8179/2/6
f 8179/2/6 8176/2/6 8180/2/6
f 8181/2/6 8182/2/6 8185/2/6
f 8185/2/6 8182/2/6 8186/2/6
f 8183/2/6 8184/2/6 8187/2/6
f 8187/2/6 8184/2/6 8188/2/6
f 8189/2/6 8190/2/6 8193/2/6
f 8193/2/6 8190/2/6 8194/2/6
f 8191/2/6 8192/2/6 8195/2/6
f 8195/2/6 8192/2/6 8196/2/6
f 8197/2/6 8198/2/6 8201/2/6
f 8201/2/6 8198/2/6 8202/2/6
f 8199/2/6 8200/2/6 8203/2/6
f 8203/2/6 8200/2/6 8204/2/6
f 8205/2/6 8206/2/6 8209/2/6
f 8209/2/6 8206/2/6 8210/2/6
f 8207/2/6 8208/2/6 8211/2/6
f 8211/2/6 8208/2/6 8212/2/6
f 8213/2/6 8214/2/6 8217/2/6
f 8217/2/6 8214/2/6 8218/2/6
f 8215/2/6 8216/2/6 8219/2/6
f 8219/2/6 8216/2/6 8220/2/6
f 8221/2/6 8222/2/6 8225/2/6
f 8225/2/6 8222/2/6 8226/2/6
f 8223/2/6 8224/2/6 8227/2/6
f 8227/2/6 8224/2/6 8228/2/6
f 8229/2/6 8230/2/6 8233/2/6
f 8233/2/6 8230/2/6 8234/2/6
f 8231/2/6 8232/2/6 8235/2/6
f 8235/2/6 8232/2/6 8236/2/6
f 8237/2/6 8238/2/6 8241/2/6
f 8241/2/6 8238/2/6 8242/2/6
f 8239/2/6 8240/2/6 8243/2/6
f 8243/2/6 8240/2/6 8244/2/6
f 8245/2/6 8246/2/6 8249/2/6
f 8249/2/6 8246/2/6 8250/2/6
f 8247/2/6 8248/2/6 8251/2/6
f 8251/2/6 8248/2/6 8252/2/6
f 8253/2/6 8254/2/6 8257/2/6
f 8257/2/6 8254/2/6 8258/2/6
f 8255/2/6 8256/2/6 8259/2/6
f 8259/2/6 8256/2/6 8260/2/6
f 8261/2/6 8262/2/6 8265/2/6
f 8265/2/6 8262/2/6 8266/2/6
f 8263/2/6 8264/2/6 8267/2/6
f 8267/2/6 8264/2/6 8268/2/6
f 8269/2/6 8270/2/6 8271/2/6
f 8271/2/6 8270/2/6 8272/2/6
f 8273/2/6 8274/2/6 8277/2/6
f 8277/2/6 8274/2/6 8278/2/6
f 8275/2/6 8276/2/6 8279/2/6
f 8279/2/6 8276/2/6 8280/2/6
f 8281/2/6 8282/2/6 8283/2/6
f 8283/2/6 8282/2/6 8284/2/6
f 8285/2/6 8286/2/6 8289/2/6
f 8289/2/6 8286/2/6 8290/2/6
f 8287/2/6 8288/2/6 8291/2/6
f 8291/2/6 8288/2/6 8292/2/6
f 8293/2/6 8294/2/6 8297/2/6
f 8297/2/6 8294/2/6 8298/2/6
f 8295/2/6 8296/2/6 8299/2/6
f 8299/2/6 8296/2/6 8300/2/6
f 8301/2/6 8302/2/6 8305/2/6
f 8305/2/6 8302/2/6 8306/2/6
f 8303/2/6 8304/2/6 8307/2/6
f 8307/2/6 8304/2/6 8308/2/6
f 8309/2/6 8310/2/6 8313/2/6
f 8313/2/6 8310/2/6 8314/2/6
f 8311/2/6 8312/2/6 8315/2/6
f 8315/2/6 8312/2/6 8316/2/6
f 8317/2/6 8318/2/6 8321/2/6
f 8321/2/6 8318/2/6 8322/2/6
f 8319/2/6 8320/2/6 8323/2/6
f 8323/2/6 8320/2/6 8324/2/6
f 8325/2/6 8326/2/6 8329/2/6
f 8329/2/6 8326/2/6 8330/2/6
f 8327/2/6 8328/2/6 8331/2/6
f 8331/2/6 8328/2/6 8332/2/6
f 8333/2/6 8334/2/6 8337/2/6
f 8337/2/6 8334/2/6 8338/2/6
f 8335/2/6 8336/2/6 8339/2/6
f 8339/2/6 8336/2/6 8340/2/6
f 8341/2/6 8342/2/6 8345/2/6
f 8345/2/6 8342/2/6 8346/2/6
f 8343/2/6 8344/2/6 8347/2/6
f 8347/2/6 8344/2/6 8348/2/6
f 8349/2/6 8350/2/6 8353/2/6
f 8353/2/6 8350/2/6 8354/2/6
f 8351/2/6 8352/2/6 8355/2/6
f 8355/2/6 8352/2/6 8356/2/6
f 8357/2/6 8358/2/6 8361/2/6
f 8361/2/6 8358/2/6 8362/2/6
f 8359/2/6 8360/2/6 8363/2/6
f 8363/2/6 8360/2/6 8364/2/6
f 8365/2/6 8366/2/6 8369/2/6
f 8369/2/6 8366/2/6 8370/2/6
f 8367/2/6 8368/2/6 8371/2/6
f 8371/2/6 8368/2/6 8372/2/6
f 8373/2/6 8374/2/6 8377/2/6
f 8377/2/6 8374/2/6 8378/2/6
f 8375/2/6 8376/2/6 8379/2/6
f 8379/2/6 8376/2/6 8380/2/6
f 8381/2/6 8382/2/6 8385/2/6
f 8385/2/6 8382/2/6 8386/2/6
f 8383/2/6 8384/2/6 8387/2/6
f 8387/2/6 8384/2/6 8388/2/6
f 8389/2/6 8390/2/6 8393/2/6
f 8393/2/6 8390/2/6 8394/2/6
f 8391/2/6 8392/2/6 8395/2/6
f 8395/2/6 8392/2/6 8396/2/6
f 8397/2/6 8398/2/6 8401/2/6
f 8401/2/6 8398/2/6 8402/2/6
f 8399/2/6 8400/2/6 8403/2/6
f 8403/2/6 8400/2/6 8404/2/6
f 8405/2/6 8406/2/6 8409/2/6
f 8409/2/6 8406/2/6 8410/2/6
f 8407/2/6 8408/2/6 8411/2/6
f 8411/2/6 8408/2/6 8412/2/6
f 8413/2/6 8414/2/6 8417/2/6
f 8417/2/6 8414/2/6 8418/2/6
f 8415/2/6 8416/2/6 8419/2/6
f 8419/2/6 8416/2/6 8420/2/6
f 8421/2/6 8422/2/6 8425/2/6
f 8425/2/6 8422/2/6 8426/2/6
f 8423/2/6 8424/2/6 8427/2/6
f 8427/2/6 8424/2/6 8428/2/6
f 8429/2/6 8430/2/6 8433/2/6
f 8433/2/6 8430/2/6 8434/2/6
f 8431/2/6 8432/2/6 8435/2/6
f 8435/2/6 8432/2/6 8436/2/6
f 8437/2/6 8438/2/6 8441/2/6
f 8441/2/6 8438/2/6 8442/2/6
f 8439/2/6 8440/2/6 8443/2/6
f 8443/2/6 8440/2/6 8444/2/6
f 8445/2/6 8446/2/6 8449/2/6
f 8449/2/6 8446/2/6 8450/2/6
f 8447/2/6 8448/2/6 8451/2/6
f 8451/2/6 8448/2/6 8452/2/6
f 8453/2/6 8454/2/6 8457/2/6
f 8457/2/6 8454/2/6 8458/2/6
f 8455/2/6 8456/2/6 8459/2/6
f 8459/2/6 8456/2/6 8460/2/6
f 8461/2/6 8462/2/6 8465/2/6
f 8465/2/6 8462/2/6 8466/2/6
f 8463/2/6 8464/2/6 8467/2/6
f 8467/2/6 8464/2/6 8468/2/6
f 8469/2/6 8470/2/6 8473/2/6
f 8473/2/6 8470/2/6 8474/2/6
f 8471/2/6 8472/2/6 8475/2/6
f 8475/2/6 8472/2/6 8476/2/6
f 8477/2/6 8478/2/6 8481/2/6
f 8481/2/6 8478/2/6 8482/2/6
f 8479/2/6 8480/2/6 8483/2/6
f 8483/2/6 8480/2/6 8484/2/6
f 8485/2/6 8486/2/6 8489/2/6
f 8489/2/6 8486/2/6 8490/2/6
f 8487/2/6 8488/2/6 8491/2/6
f 8491/2/6 8488/2/6 8492/2/6
f 8493/2/6 8494/2/6 8497/2/6
f 8497/2/6 8494/2/6 8498/2/6
f 8495/2/6 8496/2/6 8499/2/6
f 8499/2/6 8496/2/6 8500/2/6
f 8501/2/6 8502/2/6 8505/2/6
f 8505/2/6 8502/2/6 8506/2/6
f 8503/2/6 8504/2/6 8507/2/6
f 8507/2/6 8504/2/6 8508/2/6
f 8509/2/6 8510/2/6 8513/2/6
f 8513/2/6 8510/2/6 8514/2/6
f 8511/2/6 8512/2/6 8515/2/6
f 8515/2/6 8512/2/6 8516/2/6
f 8517/2/6 8518/2/6 8521/2/6
f 8521/2/6 8518/2/6 8522/2/6
f 8519/2/6 8520/2/6 8523/2/6
f 8523/2/6 8520/2/6 8524/2/6
f 8525/2/6 8526/2/6 8529/2/6
f 8529/2/6 8526/2/6 8530/2/6
f 8527/2/6 8528/2/6 8531/2/6
f 8531/2/6 8528/2/6 8532/2/6
f 8533/2/6 8534/2/6 8537/2/6
f 8537/2/6 8534/2/6 8538/2/6
f 8535/2/6 8536/2/6 8539/2/6
f 8539/2/6 8536/2/6 8540/2/6
f 8541/2/6 8542/2/6 8545/2/6
f 8545/2/6 8542/2/6 8546/2/6
f 8543/2/6 8544/2/6 8547/2/6
f 8547/2/6 8544/2/6 8548/2/6
f 8549/2/6 8550/2/6 8553/2/6
f 8553/2/6 8550/2/6 8554/2/6
f 8551/2/6 8552/2/6 8555/2/6
f 8555/2/6 8552/2/6 8556/2/6
f 8557/2/6 8558/2/6 8561/2/6
f 8561/2/6 8558/2/6 8562/2/6
f 8559/2/6 8560/2/6 8563/2/6
f 8563/2/6 8560/2/6 8564/2/6
f 8565/2/6 8566/2/6 8569/2/6
f 8569/2/6 8566/2/6 8570/2/6
f 8567/2/6 8568/2/6 8571/2/6
f 8571/2/6 8568/2/6 8572/2/6
f 8573/2/6 8574/2/6 8577/2/6
f 8577/2/6 8574/2/6 8578/2/6
f 8575/2/6 8576/2/6 8579/2/6
f 8579/2/6 8576/2/6 8580/2/6
f 8581/2/6 8582/2/6 8585/2/6
f 8585/2/6 8582/2/6 8586/2/6
f 8583/2/6 8584/2/6 8587/2/6
f 8587/2/6 8584/2/6 8588/2/6
f 8589/2/6 8590/2/6 8593/2/6
f 8593/2/6 8590/2/6 8594/2/6
f 8591/2/6 8592/2/6 8595/2/6
f 8595/2/6 8592/2/6 8596/2/6
f 8597/2/6 8598/2/6 8601/2/6
f 8601/2/6 8598/2/6 8602/2/6
f 8599/2/6 8600/2/6 8603/2/6
f 8603/2/6 8600/2/6 8604/2/6
f 8605/2/6 8606/2/6 8609/2/6
f 8609/2/6 8606/2/6 8610/2/6
f 8607/2/6 8608/2/6 8611/2/6
f 8611/2/6 8608/2/6 8612/2/6
f 8613/2/6 8614/2/6 8617/2/6
f 8617/2/6 8614/2/6 8618/2/6
f 8615/2/6 8616/2/6 8619/2/6
f 8619/2/6 8616/2/6 8620/2/6
f 8621/2/6 8622/2/6 8625/2/6
f 8625/2/6 8622/2/6 8626/2/6
f 8623/2/6 8624/2/6 8627/2/6
f 8627/2/6 8624/2/6 8628/2/6
f 8629/2/6 8630/2/6 8633/2/6
f 8633/2/6 8630/2/6 8634/2/6
f 8631/2/6 8632/2/6 8635/2/6
f 8635/2/6 8632/2/6 8636/2/6
f 8637/2/6 8638/2/6 8641/2/6
f 8641/2/6 8638/2/6 8642/2/6
f 8639/2/6 8640/2/6 8643/2/6
f 8643/2/6 8640/2/6 8644/2/6
f 8645/2/6 8646/2/6 8649/2/6
f 8649/2/6 8646/2/6 8650/2/6
f 8647/2/6 8648/2/6 8651/2/6
f 8651/2/6 8648/2/6 8652/2/6
f 8653/2/6 8654/2/6 8657/2/6
f 8657/2/6 8654/2/6 8658/2/6
f 8655/2/6 8656/2/6 8659/2/6
f 8659/2/6 8656/2/6 8660/2/6
f 8661/2/6 8662/2/6 8665/2/6
f 8665/2/6 8662/2/6 8666/2/6
f 8663/2/6 8664/2/6 8667/2/6
f 8667/2/6 8664/2/6 8668/2/6
f 8669/2/6 8670/2/6 8673/2/6
f 8673/2/6 8670/2/6 8674/2/6
f 8671/2/6 8672/2/6 8675/2/6
f 8675/2/6 8672/2/6 8676/2/6
f 8677/2/6 8678/2/6 8681/2/6
f 8681/2/6 8678/2/6 8682/2/6
f 8679/2/6 8680/2/6 8683/2/6
f 8683/2/6 8680/2/6 8684/2/6
f 8685/2/6 8686/2/6 8689/2/6
f 8689/2/6 8686/2/6 8690/2/6
f 8687/2/6 8688/2/6 8691/2/6
f 8691/2/6 8688/2/6 8692/2/6
f 8693/2/6 8694/2/6 8697/2/6
f 8697/2/6 8694/2/6 8698/2/6
f 8695/2/6 8696/2/6 8699/2/6
f 8699/2/6 8696/2/6 8700/2/6
f 8701/2/6 8702/2/6 8705/2/6
f 8705/2/6 8702/2/6 8706/2/6
f 8703/2/6 8704/2/6 8707/2/6
f 8707/2/6 8704/2/6 8708/2/6
f 8709/2/6 8710/2/6 8713/2/6
f 8713/2/6 8710/2/6 8714/2/6
f 8711/2/6 8712/2/6 8715/2/6
f 8715/2/6 8712/2/6 8716/2/6
f 8717/2/6 8718/2/6 8721/2/6
f 8721/2/6 8718/2/6 8722/2/6
f 8719/2/6 8720/2/6 8723/2/6
f 8723/2/6 8720/2/6 8724/2/6
f 8725/2/6 8726/2/6 8729/2/6
f 8729/2/6 8726/2/6 8730/2/6
f 8727/2/6 8728/2/6 8731/2/6
f 8731/2/6 8728/2/6 8732/2/6
f 8733/2/6 8734/2/6 8737/2/6
f 8737/2/6 8734/2/6 8738/2/6
f 8735/2/6 8736/2/6 8739/2/6
f 8739/2/6 8736/2/6 8740/2/6
f 8741/2/6 8742/2/6 8745/2/6
f 8745/2/6 8742/2/6 8746/2/6
f 8743/2/6 8744/2/6 8747/2/6
f 8747/2/6 8744/2/6 8748/2/6
f 8749/2/6 8750/2/6 8753/2/6
f 8753/2/6 8750/2/6 8754/2/6
f 8751/2/6 8752/2/6 8755/2/6
f 8755/2/6 8752/2/6 8756/2/6
f 8757/2/6 8758/2/6 8761/2/6
f 8761/2/6 8758/2/6 8762/2/6
f 8759/2/6 8760/2/6 8763/2/6
f 8763/2/6 8760/2/6 8764/2/6
f 8765/3/6 8766/3/6 8767/3/6
f 8767/3/6 8766/3/6 8768/3/6
f 8768/3/6 8766/3/6 8769/3/6
f 8769/3/6 8766/3/6 8770/3/6
f 8768/3/6 8769/3/6 8773/3/6
f 8773/3/6 8769/3/6 8774/3/6
f 8774/3/6 8769/3/6 8775/3/6
f 8775/3/6 8769/3/6 8776/3/6
f 8771/3/6 8772/3/6 8779/3/6
f 8774/3/6 8775/3/6 8781/3/6
f 8781/3/6 8775/3/6 8782/3/6
f 8782/3/6 8775/3/6 8783/3/6
f 8783/3/6 8775/3/6 8784/3/6
f 8777/3/6 8778/3/6 8786/3/6
f 8779/3/6 8780/3/6 8787/3/6
f 8782/3/6 8783/3/6 8789/3/6
f 8789/3/6 8783/3/6 8790/3/6
f 8790/3/6 8783/3/6 8791/3/6
f 8791/3/6 8783/3/6 8792/3/6
f 8785/3/6 8786/3/6 8794/3/6
f 8787/3/6 8788/3/6 8795/3/6
f 8790/3/6 8791/3/6 8797/3/6
f 8797/3/6 8791/3/6 8798/3/6
f 8798/3/6 8791/3/6 8799/3/6
f 8799/3/6 8791/3/6 8800/3/6
f 8793/3/6 8794/3/6 8802/3/6
f 8795/3/6 8796/3/6 8803/3/6
f 8798/3/6 8799/3/6 8805/3/6
f 8805/3/6 8799/3/6 8806/3/6
f 8806/3/6 8799/3/6 8807/3/6
f 8807/3/6 8799/3/6 8808/3/6
f 8801/3/6 8802/3/6 8810/3/6
f 8803/3/6 8804/3/6 8811/3/6
f 8806/3/6 8807/3/6 8813/3/6
f 8813/3/6 8807/3/6 8814/3/6
f 8814/3/6 8807/3/6 8815/3/6
f 8815/3/6 8807/3/6 8816/3/6
f 8809/3/6 8810/3/6 8818/3/6
f 8811/3/6 8812/3/6 8819/3/6
f 8814/3/6 8815/3/6 8821/3/6
f 8821/3/6 8815/3/6 8822/3/6
f 8822/3/6 8815/3/6 8823/3/6
f 8823/3/6 8815/3/6 8824/3/6
f 8817/3/6 8818/3/6 8826/3/6
f 8819/3/6 8820/3/6 8827/3/6
f 8822/3/6 8823/3/6 8829/3/6
f 8829/3/6 8823/3/6 8830/3/6
f 8830/3/6 8823/3/6 8831/3/6
f 8831/3/6 8823/3/6 8832/3/6
f 8825/3/6 8826/3/6 8834/3/6
f 8827/3/6 8828/3/6 8835/3/6
f 8830/3/6 8831/3/6 8837/3/6
f 8837/3/6 8831/3/6 8838/3/6
f 8838/3/6 8831/3/6 8839/3/6
f 8839/3/6 8831/3/6 8840/3/6
f 8833/3/6 8834/3/6 8842/3/6
f 8835/3/6 8836/3/6 8843/3/6
f 8838/3/6 8839/3/6 8845/3/6
f 8845/3/6 8839/3/6 8846/3/6
f 8846/3/6 8839/3/6 8847/3/6
f 8847/3/6 8839/3/6 8848/3/6
f 8841/3/6 8842/3/6 8850/3/6
f 8843/3/6 8844/3/6 8851/3/6
f 8846/3/6 8847/3/6 8853/3/6
f 8853/3/6 8847/3/6 8854/3/6
f 8854/3/6 8847/3/6 8855/3/6
f 8855/3/6 8847/3/6 8856/3/6
f 8849/3/6 8850/3/6 8858/3/6
f 8851/3/6 8852/3/6 8859/3/6
f 8854/3/6 8855/3/6 8861/3/6
f 8861/3/6 8855/3/6 8862/3/6
f 8862/3/6 8855/3/6 8863/3/6
f 8863/3/6 8855/3/6 8864/3/6
f 8857/3/6 8858/3/6 8866/3/6
f 8859/3/6 8860/3/6 8867/3/6
f 8862/3/6 8863/3/6 8869/3/6
f 8869/3/6 8863/3/6 8870/3/6
f 8870/3/6 8863/3/6 8871/3/6
f 8871/3/6 8863/3/6 8872/3/6
f 8865/3/6 8866/3/6 8874/3/6
f 8867/3/6 8868/3/6 8875/3/6
f 8870/3/6 8871/3/6 8877/3/6
f 8877/3/6 8871/3/6 8878/3/6
f 8878/3/6 8871/3/6 8879/3/6
f 8879/3/6 8871/3/6 8880/3/6
f 8873/3/6 8874/3/6 8882/3/6
f 8875/3/6 8876/3/6 8883/3/6
f 8878/3/6 8879/3/6 8885/3/6
f 8885/3/6 8879/3/6 8886/3/6
f 8881/3/6 8882/3/6 8888/3/6
f 8883/3/6 8884/3/6 8889/3/6
f 8887/3/6 8888/3/6 8892/3/6
f 8889/3/6 8890/3/6 8893/3/6
f 8883/3/6 8889/3/6 8893/3/6
f 8893/3/6 8890/3/6 8894/3/6
f 8891/3/6 8892/3/6 8895/3/6
f 8892/3/6 8888/3/6 8896/3/6
f 8895/3/6 8892/3/6 8896/3/6
f 8875/3/6 8883/3/6 8897/3/6
f 8883/3/6 8893/3/6 8897/3/6
f 8897/3/6 8893/3/6 8898/3/6
f 8896/3/6 8888/3/6 8901/3/6
f 8888/3/6 8882/3/6 8902/3/6
f 8901/3/6 8888/3/6 8902/3/6
f 8867/3/6 8875/3/6 8903/3/6
f 8875/3/6 8897/3/6 8903/3/6
f 8903/3/6 8897/3/6 8904/3/6
f 8899/3/6 8900/3/6 8906/3/6
f 8906/3/6 8900/3/6 8907/3/6
f 8902/3/6 8882/3/6 8909/3/6
f 8882/3/6 8874/3/6 8910/3/6
f 8909/3/6 8882/3/6 8910/3/6
f 8859/3/6 8867/3/6 8911/3/6
f 8867/3/6 8903/3/6 8911/3/6
f 8911/3/6 8903/3/6 8912/3/6
f 8906/3/6 8907/3/6 8914/3/6
f 8907/3/6 8908/3/6 8914/3/6
f 8905/3/6 8906/3/6 8914/3/6
f 8914/3/6 8908/3/6 8915/3/6
f 8910/3/6 8874/3/6 8917/3/6
f 8874/3/6 8866/3/6 8918/3/6
f 8917/3/6 8874/3/6 8918/3/6
f 8851/3/6 8859/3/6 8919/3/6
f 8859/3/6 8911/3/6 8919/3/6
f 8919/3/6 8911/3/6 8920/3/6
f 8915/3/6 8916/3/6 8922/3/6
f 8914/3/6 8915/3/6 8922/3/6
f 8913/3/6 8914/3/6 8922/3/6
f 8922/3/6 8916/3/6 8923/3/6
f 8918/3/6 8866/3/6 8925/3/6
f 8866/3/6 8858/3/6 8926/3/6
f 8925/3/6 8866/3/6 8926/3/6
f 8843/3/6 8851/3/6 8927/3/6
f 8851/3/6 8919/3/6 8927/3/6
f 8927/3/6 8919/3/6 8928/3/6
f 8922/3/6 8923/3/6 8930/3/6
f 8923/3/6 8924/3/6 8930/3/6
f 8921/3/6 8922/3/6 8930/3/6
f 8930/3/6 8924/3/6 8931/3/6
f 8926/3/6 8858/3/6 8933/3/6
f 8858/3/6 8850/3/6 8934/3/6
f 8933/3/6 8858/3/6 8934/3/6
f 8835/3/6 8843/3/6 8935/3/6
f 8843/3/6 8927/3/6 8935/3/6
f 8935/3/6 8927/3/6 8936/3/6
f 8931/3/6 8932/3/6 8938/3/6
f 8930/3/6 8931/3/6 8938/3/6
f 8929/3/6 8930/3/6 8938/3/6
f 8938/3/6 8932/3/6 8939/3/6
f 8934/3/6 8850/3/6 8941/3/6
f 8850/3/6 8842/3/6 8942/3/6
f 8941/3/6 8850/3/6 8942/3/6
f 8827/3/6 8835/3/6 8943/3/6
f 8835/3/6 8935/3/6 8943/3/6
f 8943/3/6 8935/3/6 8944/3/6
f 8938/3/6 8939/3/6 8946/3/6
f 8939/3/6 8940/3/6 8946/3/6
f 8937/3/6 8938/3/6 8946/3/6
f 8946/3/6 8940/3/6 8947/3/6
f 8942/3/6 8842/3/6 8949/3/6
f 8842/3/6 8834/3/6 8950/3/6
f 8949/3/6 8842/3/6 8950/3/6
f 8819/3/6 8827/3/6 8951/3/6
f 8827/3/6 8943/3/6 8951/3/6
f 8951/3/6 8943/3/6 8952/3/6
f 8947/3/6 8948/3/6 8954/3/6
f 8946/3/6 8947/3/6 8954/3/6
f 8945/3/6 8946/3/6 8954/3/6
f 8954/3/6 8948/3/6 8955/3/6
f 8950/3/6 8834/3/6 8957/3/6
f 8834/3/6 8826/3/6 8958/3/6
f 8957/3/6 8834/3/6 8958/3/6
f 8811/3/6 8819/3/6 8959/3/6
f 8819/3/6 8951/3/6 8959/3/6
f 8959/3/6 8951/3/6 8960/3/6
f 8954/3/6 8955/3/6 8962/3/6
f 8955/3/6 8956/3/6 8962/3/6
f 8953/3/6 8954/3/6 8962/3/6
f 8962/3/6 8956/3/6 8963/3/6
f 8958/3/6 8826/3/6 8965/3/6
f 8826/3/6 8818/3/6 8966/3/6
f 8965/3/6 8826/3/6 8966/3/6
f 8803/3/6 8811/3/6 8967/3/6
f 8811/3/6 8959/3/6 8967/3/6
f 8967/3/6 8959/3/6 8968/3/6
f 8963/3/6 8964/3/6 8970/3/6
f 8962/3/6 8963/3/6 8970/3/6
f 8961/3/6 8962/3/6 8970/3/6
f 8970/3/6 8964/3/6 8971/3/6
f 8966/3/6 8818/3/6 8973/3/6
f 8818/3/6 8810/3/6 8974/3/6
f 8973/3/6 8818/3/6 8974/3/6
f 8795/3/6 8803/3/6 8975/3/6
f 8803/3/6 8967/3/6 8975/3/6
f 8975/3/6 8967/3/6 8976/3/6
f 8970/3/6 8971/3/6 8978/3/6
f 8971/3/6 8972/3/6 8978/3/6
f 8969/3/6 8970/3/6 8978/3/6
f 8978/3/6 8972/3/6 8979/3/6
f 8974/3/6 8810/3/6 8981/3/6
f 8810/3/6 8802/3/6 8982/3/6
f 8981/3/6 8810/3/6 8982/3/6
f 8787/3/6 8795/3/6 8983/3/6
f 8795/3/6 8975/3/6 8983/3/6
f 8983/3/6 8975/3/6 8984/3/6
f 8979/3/6 8980/3/6 8986/3/6
f 8978/3/6 8979/3/6 8986/3/6
f 8977/3/6 8978/3/6 8986/3/6
f 8986/3/6 8980/3/6 8987/3/6
f 8982/3/6 8802/3/6 8989/3/6
f 8802/3/6 8794/3/6 8990/3/6
f 8989/3/6 8802/3/6 8990/3/6
f 8779/3/6 8787/3/6 8991/3/6
f 8787/3/6 8983/3/6 8991/3/6
f 8991/3/6 8983/3/6 8992/3/6
f 8986/3/6 8987/3/6 8994/3/6
f 8987/3/6 8988/3/6 8994/3/6
f 8985/3/6 8986/3/6 8994/3/6
f 8994/3/6 8988/3/6 8995/3/6
f 8990/3/6 8794/3/6 8997/3/6
f 8794/3/6 8786/3/6 8998/3/6
f 8997/3/6 8794/3/6 8998/3/6
f 8771/3/6 8779/3/6 8999/3/6
f 8779/3/6 8991/3/6 8999/3/6
f 8999/3/6 8991/3/6 9000/3/6
f 8995/3/6 8996/3/6 9002/3/6
f 8994/3/6 8995/3/6 9002/3/6
f 8993/3/6 8994/3/6 9002/3/6
f 9002/3/6 8996/3/6 9003/3/6
f 8998/3/6 8786/3/6 9005/3/6
f 8786/3/6 8778/3/6 9006/3/6
f 9005/3/6 8786/3/6 9006/3/6
f 8771/3/6 8999/3/6 9007/3/6
f 9007/3/6 8999/3/6 9008/3/6
f 9003/3/6 9004/3/6 9010/3/6
f 9002/3/6 9003/3/6 9010/3/6
f 9001/3/6 9002/3/6 9010/3/6
f 9010/3/6 9004/3/6 9011/3/6
f 9006/3/6 8778/3/6 9013/3/6
f 9013/3/6 8778/3/6 9014/3/6
f 9011/3/6 9012/3/6 9016/3/6
f 9009/3/6 9010/3/6 9016/3/6
f 9010/3/6 9011/3/6 9016/3/6
f 9016/3/6 9012/3/6 9017/3/6
f 9015/3/6 9016/3/6 9019/3/6
f 9017/3/6 9018/3/6 9019/3/6
f 9016/3/6 9017/3/6 9019/3/6
f 9019/3/6 9018/3/6 9020/3/6
f 9021/2/6 9022/2/6 9023/2/6
f 9023/2/6 9022/2/6 9024/2/6
f 9021/2/6 9023/2/6 9025/2/6
f 9024/2/6 9022/2/6 9028/2/6
f 9025/2/6 9026/2/6 9029/2/6
f 9021/2/6 9025/2/6 9029/2/6
f 9029/2/6 9026/2/6 9030/2/6
f 9030/2/6 9026/2/6 9031/2/6
f 9027/2/6 9028/2/6 9034/2/6
f 9028/2/6 9022/2/6 9035/2/6
f 9034/2/6 9028/2/6 9035/2/6
f 9035/2/6 9022/2/6 9036/2/6
f 9031/2/6 9032/2/6 9037/2/6
f 9030/2/6 9031/2/6 9037/2/6
f 9037/2/6 9032/2/6 9038/2/6
f 9038/2/6 9032/2/6 9039/2/6
f 9033/2/6 9034/2/6 9042/2/6
f 9034/2/6 9035/2/6 9042/2/6
f 9042/2/6 9035/2/6 9043/2/6
f 9043/2/6 9035/2/6 9044/2/6
f 9039/2/6 9040/2/6 9045/2/6
f 9038/2/6 9039/2/6 9045/2/6
f 9045/2/6 9040/2/6 9046/2/6
f 9046/2/6 9040/2/6 9047/2/6
f 9042/2/6 9043/2/6 9050/2/6
f 9041/2/6 9042/2/6 9050/2/6
f 9050/2/6 9043/2/6 9051/2/6
f 9051/2/6 9043/2/6 9052/2/6
f 9047/2/6 9048/2/6 9053/2/6
f 9046/2/6 9047/2/6 9053/2/6
f 9053/2/6 9048/2/6 9054/2/6
f 9054/2/6 9048/2/6 9055/2/6
f 9050/2/6 9051/2/6 9058/2/6
f 9049/2/6 9050/2/6 9058/2/6
f 9058/2/6 9051/2/6 9059/2/6
f 9059/2/6 9051/2/6 9060/2/6
f 9055/2/6 9056/2/6 9061/2/6
f 9054/2/6 9055/2/6 9061/2/6
f 9061/2/6 9056/2/6 9062/2/6
f 9062/2/6 9056/2/6 9063/2/6
f 9058/2/6 9059/2/6 9066/2/6
f 9057/2/6 9058/2/6 9066/2/6
f 9066/2/6 9059/2/6 9067/2/6
f 9067/2/6 9059/2/6 9068/2/6
f 9063/2/6 9064/2/6 9069/2/6
f 9062/2/6 9063/2/6 9069/2/6
f 9069/2/6 9064/2/6 9070/2/6
f 9070/2/6 9064/2/6 9071/2/6
f 9066/2/6 9067/2/6 9074/2/6
f 9065/2/6 9066/2/6 9074/2/6
f 9074/2/6 9067/2/6 9075/2/6
f 9075/2/6 9067/2/6 9076/2/6
f 9071/2/6 9072/2/6 9077/2/6
f 9070/2/6 9071/2/6 9077/2/6
f 9077/2/6 9072/2/6 9078/2/6
f 9078/2/6 9072/2/6 9079/2/6
f 9074/2/6 9075/2/6 9082/2/6
f 9073/2/6 9074/2/6 9082/2/6
f 9082/2/6 9075/2/6 9083/2/6
f 9083/2/6 9075/2/6 9084/2/6
f 9079/2/6 9080/2/6 9085/2/6
f 9078/2/6 9079/2/6 9085/2/6
f 9085/2/6 9080/2/6 9086/2/6
f 9086/2/6 9080/2/6 9087/2/6
f 9082/2/6 9083/2/6 9090/2/6
f 9081/2/6 9082/2/6 9090/2/6
f 9090/2/6 9083/2/6 9091/2/6
f 9091/2/6 9083/2/6 9092/2/6
f 9087/2/6 9088/2/6 9093/2/6
f 9086/2/6 9087/2/6 9093/2/6
f 9093/2/6 9088/2/6 9094/2/6
f 9094/2/6 9088/2/6 9095/2/6
f 9090/2/6 9091/2/6 9098/2/6
f 9089/2/6 9090/2/6 9098/2/6
f 9098/2/6 9091/2/6 9099/2/6
f 9099/2/6 9091/2/6 9100/2/6
f 9095/2/6 9096/2/6 9101/2/6
f 9094/2/6 9095/2/6 9101/2/6
f 9101/2/6 9096/2/6 9102/2/6
f 9102/2/6 9096/2/6 9103/2/6
f 9098/2/6 9099/2/6 9106/2/6
f 9097/2/6 9098/2/6 9106/2/6
f 9106/2/6 9099/2/6 9107/2/6
f 9107/2/6 9099/2/6 9108/2/6
f 9103/2/6 9104/2/6 9109/2/6
f 9102/2/6 9103/2/6 9109/2/6
f 9109/2/6 9104/2/6 9110/2/6
f 9110/2/6 9104/2/6 9111/2/6
f 9106/2/6 9107/2/6 9114/2/6
f 9105/2/6 9106/2/6 9114/2/6
f 9114/2/6 9107/2/6 9115/2/6
f 9115/2/6 9107/2/6 9116/2/6
f 9111/2/6 9112/2/6 9117/2/6
f 9110/2/6 9111/2/6 9117/2/6
f 9117/2/6 9112/2/6 9118/2/6
f 9118/2/6 9112/2/6 9119/2/6
f 9114/2/6 9115/2/6 9122/2/6
f 9113/2/6 9114/2/6 9122/2/6
f 9122/2/6 9115/2/6 9123/2/6
f 9123/2/6 9115/2/6 9124/2/6
f 9119/2/6 9120/2/6 9125/2/6
f 9118/2/6 9119/2/6 9125/2/6
f 9125/2/6 9120/2/6 9126/2/6
f 9126/2/6 9120/2/6 9127/2/6
f 9122/2/6 9123/2/6 9130/2/6
f 9121/2/6 9122/2/6 9130/2/6
f 9130/2/6 9123/2/6 9131/2/6
f 9131/2/6 9123/2/6 9132/2/6
f 9127/2/6 9128/2/6 9133/2/6
f 9126/2/6 9127/2/6 9133/2/6
f 9133/2/6 9128/2/6 9134/2/6
f 9134/2/6 9128/2/6 9135/2/6
f 9130/2/6 9131/2/6 9138/2/6
f 9129/2/6 9130/2/6 9138/2/6
f 9138/2/6 9131/2/6 9139/2/6
f 9139/2/6 9131/2/6 9140/2/6
f 9135/2/6 9136/2/6 9141/2/6
f 9134/2/6 9135/2/6 9141/2/6
f 9141/2/6 9136/2/6 9142/2/6
f 9142/2/6 9136/2/6 9143/2/6
f 9138/2/6 9139/2/6 9144/2/6
f 9137/2/6 9138/2/6 9144/2/6
f 9144/2/6 9139/2/6 9145/2/6
f 9145/2/6 9139/2/6 9146/2/6
f 9142/2/6 9143/2/6 9147/2/6
f 9144/2/6 9145/2/6 9147/2/6
f 9143/2/6 9144/2/6 9147/2/6
f 9147/2/6 9145/2/6 9148/2/6
f 9148/2/6 9145/2/6 9149/2/6
f 9149/2/6 9145/2/6 9150/2/6
f 9148/2/6 9149/2/6 9152/2/6
f 9152/2/6 9149/2/6 9153/2/6
f 9151/2/6 9152/2/6 9156/2/6
f 9153/2/6 9154/2/6 9156/2/6
f 9152/2/6 9153/2/6 9156/2/6
f 9156/2/6 9154/2/6 9157/2/6
f 9157/2/6 9154/2/6 9158/2/6
f 9158/2/6 9154/2/6 9159/2/6
f 9155/2/6 9156/2/6 9162/2/6
f 9156/2/6 9157/2/6 9162/2/6
f 9162/2/6 9157/2/6 9163/2/6
f 9163/2/6 9157/2/6 9164/2/6
f 9158/2/6 9159/2/6 9165/2/6
f 9159/2/6 9160/2/6 9165/2/6
f 9165/2/6 9160/2/6 9166/2/6
f 9166/2/6 9160/2/6 9167/2/6
f 9162/2/6 9163/2/6 9170/2/6
f 9161/2/6 9162/2/6 9170/2/6
f 9170/2/6 9163/2/6 9171/2/6
f 9171/2/6 9163/2/6 9172/2/6
f 9166/2/6 9167/2/6 9173/2/6
f 9167/2/6 9168/2/6 9173/2/6
f 9173/2/6 9168/2/6 9174/2/6
f 9174/2/6 9168/2/6 9175/2/6
f 9170/2/6 9171/2/6 9178/2/6
f 9169/2/6 9170/2/6 9178/2/6
f 9178/2/6 9171/2/6 9179/2/6
f 9179/2/6 9171/2/6 9180/2/6
f 9174/2/6 9175/2/6 9181/2/6
f 9175/2/6 9176/2/6 9181/2/6
f 9181/2/6 9176/2/6 9182/2/6
f 9182/2/6 9176/2/6 9183/2/6
f 9178/2/6 9179/2/6 9186/2/6
f 9177/2/6 9178/2/6 9186/2/6
f 9186/2/6 9179/2/6 9187/2/6
f 9187/2/6 9179/2/6 9188/2/6
f 9182/2/6 9183/2/6 9189/2/6
f 9183/2/6 9184/2/6 9189/2/6
f 9189/2/6 9184/2/6 9190/2/6
f 9190/2/6 9184/2/6 9191/2/6
f 9186/2/6 9187/2/6 9194/2/6
f 9185/2/6 9186/2/6 9194/2/6
f 9194/2/6 9187/2/6 9195/2/6
f 9195/2/6 9187/2/6 9196/2/6
f 9190/2/6 9191/2/6 9197/2/6
f 9191/2/6 9192/2/6 9197/2/6
f 9197/2/6 9192/2/6 9198/2/6
f 9198/2/6 9192/2/6 9199/2/6
f 9194/2/6 9195/2/6 9202/2/6
f 9193/2/6 9194/2/6 9202/2/6
f 9202/2/6 9195/2/6 9203/2/6
f 9203/2/6 9195/2/6 9204/2/6
f 9198/2/6 9199/2/6 9205/2/6
f 9199/2/6 9200/2/6 9205/2/6
f 9205/2/6 9200/2/6 9206/2/6
f 9206/2/6 9200/2/6 9207/2/6
f 9202/2/6 9203/2/6 9210/2/6
f 9201/2/6 9202/2/6 9210/2/6
f 9210/2/6 9203/2/6 9211/2/6
f 9211/2/6 9203/2/6 9212/2/6
f 9206/2/6 9207/2/6 9213/2/6
f 9207/2/6 9208/2/6 9213/2/6
f 9213/2/6 9208/2/6 9214/2/6
f 9214/2/6 9208/2/6 9215/2/6
f 9210/2/6 9211/2/6 9218/2/6
f 9209/2/6 9210/2/6 9218/2/6
f 9218/2/6 9211/2/6 9219/2/6
f 9219/2/6 9211/2/6 9220/2/6
f 9214/2/6 9215/2/6 9221/2/6
f 9215/2/6 9216/2/6 9221/2/6
f 9221/2/6 9216/2/6 9222/2/6
f 9222/2/6 9216/2/6 9223/2/6
f 9218/2/6 9219/2/6 9226/2/6
f 9217/2/6 9218/2/6 9226/2/6
f 9226/2/6 9219/2/6 9227/2/6
f 9227/2/6 9219/2/6 9228/2/6
f 9222/2/6 9223/2/6 9229/2/6
f 9223/2/6 9224/2/6 9229/2/6
f 9229/2/6 9224/2/6 9230/2/6
f 9230/2/6 9224/2/6 9231/2/6
f 9226/2/6 9227/2/6 9234/2/6
f 9225/2/6 9226/2/6 9234/2/6
f 9234/2/6 9227/2/6 9235/2/6
f 9235/2/6 9227/2/6 9236/2/6
f 9230/2/6 9231/2/6 9237/2/6
f 9231/2/6 9232/2/6 9237/2/6
f 9237/2/6 9232/2/6 9238/2/6
f 9238/2/6 9232/2/6 9239/2/6
f 9234/2/6 9235/2/6 9242/2/6
f 9233/2/6 9234/2/6 9242/2/6
f 9242/2/6 9235/2/6 9243/2/6
f 9243/2/6 9235/2/6 9244/2/6
f 9238/2/6 9239/2/6 9245/2/6
f 9239/2/6 9240/2/6 9245/2/6
f 9245/2/6 9240/2/6 9246/2/6
f 9246/2/6 9240/2/6 9247/2/6
f 9242/2/6 9243/2/6 9250/2/6
f 9241/2/6 9242/2/6 9250/2/6
f 9250/2/6 9243/2/6 9251/2/6
f 9251/2/6 9243/2/6 9252/2/6
f 9246/2/6 9247/2/6 9253/2/6
f 9247/2/6 9248/2/6 9253/2/6
f 9253/2/6 9248/2/6 9254/2/6
f 9254/2/6 9248/2/6 9255/2/6
f 9250/2/6 9251/2/6 9258/2/6
f 9249/2/6 9250/2/6 9258/2/6
f 9258/2/6 9251/2/6 9259/2/6
f 9259/2/6 9251/2/6 9260/2/6
f 9254/2/6 9255/2/6 9261/2/6
f 9255/2/6 9256/2/6 9261/2/6
f 9261/2/6 9256/2/6 9262/2/6
f 9262/2/6 9256/2/6 9263/2/6
f 9021/2/6 9029/2/6 9265/2/6
f 9258/2/6 9259/2/6 9266/2/6
f 9257/2/6 9258/2/6 9266/2/6
f 9266/2/6 9259/2/6 9267/2/6
f 9267/2/6 9259/2/6 9268/2/6
f 9263/2/6 9264/2/6 9269/2/6
f 9262/2/6 9263/2/6 9269/2/6
f 9269/2/6 9264/2/6 9270/2/6
f 9270/2/6 9264/2/6 9271/2/6
f 9036/2/6 9022/2/6 9272/2/6
f 9266/2/6 9267/2/6 9273/2/6
f 9265/2/6 9266/2/6 9273/2/6
f 9273/2/6 9267/2/6 9274/2/6
f 9270/2/6 9271/2/6 9275/2/6
f 9271/2/6 9272/2/6 9275/2/6
f 9275/2/6 9272/2/6 9276/2/6
f 9265/2/6 9273/2/6 9277/2/6
f 9276/2/6 9272/2/6 9278/2/6
f 9265/2/6 9277/2/6 9279/2/6
f 9277/2/6 9278/2/6 9279/2/6
f 9021/2/6 9265/2/6 9279/2/6
f 9278/2/6 9272/2/6 9280/2/6
f 9279/2/6 9278/2/6 9280/2/6
f 9272/2/6 9022/2/6 9280/2/6
