# MagicaVoxel @ Ephtracy

# group
o 

# material
mtllib Walls.mtl
usemtl palette

# normals
vn -1 0 0
vn 1 0 0
vn 0 0 1
vn 0 0 -1
vn 0 -1 0
vn 0 1 0

# texcoords
vt 0.966797 0.5
vt 0.974609 0.5
vt 0.978516 0.5

# verts
v -8 0 1
v -8 0 -1
v -8 0.1 0.9
v -8 0.1 -0.9
v -8 0.2 0.8
v -8 0.2 0.7
v -8 0.2 -0.7
v -8 0.2 -0.8
v -8 0.3 0.8
v -8 0.3 0.7
v -8 0.3 -0.7
v -8 0.3 -0.8
v -8 1.7 0.8
v -8 1.7 0.7
v -8 1.7 -0.7
v -8 1.7 -0.8
v -8 1.8 0.8
v -8 1.8 0.7
v -8 1.8 -0.7
v -8 1.8 -0.8
v -8 1.9 0.9
v -8 1.9 -0.9
v -8 2.1 0.9
v -8 2.1 -0.9
v -8 2.2 0.8
v -8 2.2 0.7
v -8 2.2 -0.7
v -8 2.2 -0.8
v -8 2.3 0.8
v -8 2.3 0.7
v -8 2.3 -0.7
v -8 2.3 -0.8
v -8 3.7 0.8
v -8 3.7 0.7
v -8 3.7 -0.7
v -8 3.7 -0.8
v -8 3.8 0.8
v -8 3.8 0.7
v -8 3.8 -0.7
v -8 3.8 -0.8
v -8 3.9 0.9
v -8 3.9 -0.9
v -8 4.1 0.9
v -8 4.1 -0.9
v -8 4.2 0.8
v -8 4.2 0.7
v -8 4.2 -0.7
v -8 4.2 -0.8
v -8 4.3 0.8
v -8 4.3 0.7
v -8 4.3 -0.7
v -8 4.3 -0.8
v -8 5.7 0.8
v -8 5.7 0.7
v -8 5.7 -0.7
v -8 5.7 -0.8
v -8 5.8 0.8
v -8 5.8 0.7
v -8 5.8 -0.7
v -8 5.8 -0.8
v -8 5.9 0.9
v -8 5.9 -0.9
v -8 6.1 0.9
v -8 6.1 -0.9
v -8 6.2 0.8
v -8 6.2 0.7
v -8 6.2 -0.7
v -8 6.2 -0.8
v -8 6.3 0.8
v -8 6.3 0.7
v -8 6.3 -0.7
v -8 6.3 -0.8
v -8 7.7 0.8
v -8 7.7 0.7
v -8 7.7 -0.7
v -8 7.7 -0.8
v -8 7.8 0.8
v -8 7.8 0.7
v -8 7.8 -0.7
v -8 7.8 -0.8
v -8 7.9 0.9
v -8 7.9 -0.9
v -8 8.1 0.9
v -8 8.1 -0.9
v -8 8.2 0.8
v -8 8.2 0.7
v -8 8.2 -0.7
v -8 8.2 -0.8
v -8 8.3 0.8
v -8 8.3 0.7
v -8 8.3 -0.7
v -8 8.3 -0.8
v -8 9.7 0.8
v -8 9.7 0.7
v -8 9.7 -0.7
v -8 9.7 -0.8
v -8 9.8 0.8
v -8 9.8 0.7
v -8 9.8 -0.7
v -8 9.8 -0.8
v -8 9.9 0.9
v -8 9.9 -0.9
v -8 10.1 0.9
v -8 10.1 -0.9
v -8 10.2 0.8
v -8 10.2 0.7
v -8 10.2 -0.7
v -8 10.2 -0.8
v -8 10.3 0.8
v -8 10.3 0.7
v -8 10.3 -0.7
v -8 10.3 -0.8
v -8 11.7 0.8
v -8 11.7 0.7
v -8 11.7 -0.7
v -8 11.7 -0.8
v -8 11.8 0.8
v -8 11.8 0.7
v -8 11.8 -0.7
v -8 11.8 -0.8
v -8 11.9 0.9
v -8 11.9 -0.9
v -8 12.1 0.9
v -8 12.1 -0.9
v -8 12.2 0.8
v -8 12.2 0.7
v -8 12.2 -0.7
v -8 12.2 -0.8
v -8 12.3 0.8
v -8 12.3 0.7
v -8 12.3 -0.7
v -8 12.3 -0.8
v -8 13.7 0.8
v -8 13.7 0.7
v -8 13.7 -0.7
v -8 13.7 -0.8
v -8 13.8 0.8
v -8 13.8 0.7
v -8 13.8 -0.7
v -8 13.8 -0.8
v -8 13.9 0.9
v -8 13.9 -0.9
v -8 14.1 0.9
v -8 14.1 -0.9
v -8 14.2 0.8
v -8 14.2 0.7
v -8 14.2 -0.7
v -8 14.2 -0.8
v -8 14.3 0.8
v -8 14.3 0.7
v -8 14.3 -0.7
v -8 14.3 -0.8
v -8 15.7 0.8
v -8 15.7 0.7
v -8 15.7 -0.7
v -8 15.7 -0.8
v -8 15.8 0.8
v -8 15.8 0.7
v -8 15.8 -0.7
v -8 15.8 -0.8
v -8 15.9 0.9
v -8 15.9 -0.9
v -8 16 1
v -8 16 -1
v 8 0 1
v 8 0 -1
v 8 0.1 0.9
v 8 0.1 -0.9
v 8 0.2 0.8
v 8 0.2 0.7
v 8 0.2 -0.7
v 8 0.2 -0.8
v 8 0.3 0.8
v 8 0.3 0.7
v 8 0.3 -0.7
v 8 0.3 -0.8
v 8 1.7 0.8
v 8 1.7 0.7
v 8 1.7 -0.7
v 8 1.7 -0.8
v 8 1.8 0.8
v 8 1.8 0.7
v 8 1.8 -0.7
v 8 1.8 -0.8
v 8 1.9 0.9
v 8 1.9 -0.9
v 8 2.1 0.9
v 8 2.1 -0.9
v 8 2.2 0.8
v 8 2.2 0.7
v 8 2.2 -0.7
v 8 2.2 -0.8
v 8 2.3 0.8
v 8 2.3 0.7
v 8 2.3 -0.7
v 8 2.3 -0.8
v 8 3.7 0.8
v 8 3.7 0.7
v 8 3.7 -0.7
v 8 3.7 -0.8
v 8 3.8 0.8
v 8 3.8 0.7
v 8 3.8 -0.7
v 8 3.8 -0.8
v 8 3.9 0.9
v 8 3.9 -0.9
v 8 4.1 0.9
v 8 4.1 -0.9
v 8 4.2 0.8
v 8 4.2 0.7
v 8 4.2 -0.7
v 8 4.2 -0.8
v 8 4.3 0.8
v 8 4.3 0.7
v 8 4.3 -0.7
v 8 4.3 -0.8
v 8 5.7 0.8
v 8 5.7 0.7
v 8 5.7 -0.7
v 8 5.7 -0.8
v 8 5.8 0.8
v 8 5.8 0.7
v 8 5.8 -0.7
v 8 5.8 -0.8
v 8 5.9 0.9
v 8 5.9 -0.9
v 8 6.1 0.9
v 8 6.1 -0.9
v 8 6.2 0.8
v 8 6.2 0.7
v 8 6.2 -0.7
v 8 6.2 -0.8
v 8 6.3 0.8
v 8 6.3 0.7
v 8 6.3 -0.7
v 8 6.3 -0.8
v 8 7.7 0.8
v 8 7.7 0.7
v 8 7.7 -0.7
v 8 7.7 -0.8
v 8 7.8 0.8
v 8 7.8 0.7
v 8 7.8 -0.7
v 8 7.8 -0.8
v 8 7.9 0.9
v 8 7.9 -0.9
v 8 8.1 0.9
v 8 8.1 -0.9
v 8 8.2 0.8
v 8 8.2 0.7
v 8 8.2 -0.7
v 8 8.2 -0.8
v 8 8.3 0.8
v 8 8.3 0.7
v 8 8.3 -0.7
v 8 8.3 -0.8
v 8 9.7 0.8
v 8 9.7 0.7
v 8 9.7 -0.7
v 8 9.7 -0.8
v 8 9.8 0.8
v 8 9.8 0.7
v 8 9.8 -0.7
v 8 9.8 -0.8
v 8 9.9 0.9
v 8 9.9 -0.9
v 8 10.1 0.9
v 8 10.1 -0.9
v 8 10.2 0.8
v 8 10.2 0.7
v 8 10.2 -0.7
v 8 10.2 -0.8
v 8 10.3 0.8
v 8 10.3 0.7
v 8 10.3 -0.7
v 8 10.3 -0.8
v 8 11.7 0.8
v 8 11.7 0.7
v 8 11.7 -0.7
v 8 11.7 -0.8
v 8 11.8 0.8
v 8 11.8 0.7
v 8 11.8 -0.7
v 8 11.8 -0.8
v 8 11.9 0.9
v 8 11.9 -0.9
v 8 12.1 0.9
v 8 12.1 -0.9
v 8 12.2 0.8
v 8 12.2 0.7
v 8 12.2 -0.7
v 8 12.2 -0.8
v 8 12.3 0.8
v 8 12.3 0.7
v 8 12.3 -0.7
v 8 12.3 -0.8
v 8 13.7 0.8
v 8 13.7 0.7
v 8 13.7 -0.7
v 8 13.7 -0.8
v 8 13.8 0.8
v 8 13.8 0.7
v 8 13.8 -0.7
v 8 13.8 -0.8
v 8 13.9 0.9
v 8 13.9 -0.9
v 8 14.1 0.9
v 8 14.1 -0.9
v 8 14.2 0.8
v 8 14.2 0.7
v 8 14.2 -0.7
v 8 14.2 -0.8
v 8 14.3 0.8
v 8 14.3 0.7
v 8 14.3 -0.7
v 8 14.3 -0.8
v 8 15.7 0.8
v 8 15.7 0.7
v 8 15.7 -0.7
v 8 15.7 -0.8
v 8 15.8 0.8
v 8 15.8 0.7
v 8 15.8 -0.7
v 8 15.8 -0.8
v 8 15.9 0.9
v 8 15.9 -0.9
v 8 16 1
v 8 16 -1
v -8 0 1
v -8 16 1
v -7.9 0.1 1
v -7.9 1.9 1
v -7.9 2.1 1
v -7.9 3.9 1
v -7.9 4.1 1
v -7.9 5.9 1
v -7.9 6.1 1
v -7.9 7.9 1
v -7.9 8.1 1
v -7.9 9.9 1
v -7.9 10.1 1
v -7.9 11.9 1
v -7.9 12.1 1
v -7.9 13.9 1
v -7.9 14.1 1
v -7.9 15.9 1
v -7.8 0.2 1
v -7.8 0.3 1
v -7.8 1.7 1
v -7.8 1.8 1
v -7.8 2.2 1
v -7.8 2.3 1
v -7.8 3.7 1
v -7.8 3.8 1
v -7.8 4.2 1
v -7.8 4.3 1
v -7.8 5.7 1
v -7.8 5.8 1
v -7.8 6.2 1
v -7.8 6.3 1
v -7.8 7.7 1
v -7.8 7.8 1
v -7.8 8.2 1
v -7.8 8.3 1
v -7.8 9.7 1
v -7.8 9.8 1
v -7.8 10.2 1
v -7.8 10.3 1
v -7.8 11.7 1
v -7.8 11.8 1
v -7.8 12.2 1
v -7.8 12.3 1
v -7.8 13.7 1
v -7.8 13.8 1
v -7.8 14.2 1
v -7.8 14.3 1
v -7.8 15.7 1
v -7.8 15.8 1
v -7.7 0.2 1
v -7.7 0.3 1
v -7.7 1.7 1
v -7.7 1.8 1
v -7.7 2.2 1
v -7.7 2.3 1
v -7.7 3.7 1
v -7.7 3.8 1
v -7.7 4.2 1
v -7.7 4.3 1
v -7.7 5.7 1
v -7.7 5.8 1
v -7.7 6.2 1
v -7.7 6.3 1
v -7.7 7.7 1
v -7.7 7.8 1
v -7.7 8.2 1
v -7.7 8.3 1
v -7.7 9.7 1
v -7.7 9.8 1
v -7.7 10.2 1
v -7.7 10.3 1
v -7.7 11.7 1
v -7.7 11.8 1
v -7.7 12.2 1
v -7.7 12.3 1
v -7.7 13.7 1
v -7.7 13.8 1
v -7.7 14.2 1
v -7.7 14.3 1
v -7.7 15.7 1
v -7.7 15.8 1
v -6.3 0.2 1
v -6.3 0.3 1
v -6.3 2.2 1
v -6.3 2.3 1
v -6.3 3.7 1
v -6.3 3.8 1
v -6.3 4.2 1
v -6.3 4.3 1
v -6.3 5.7 1
v -6.3 5.8 1
v -6.3 6.2 1
v -6.3 6.3 1
v -6.3 7.7 1
v -6.3 7.8 1
v -6.3 8.2 1
v -6.3 8.3 1
v -6.3 9.7 1
v -6.3 9.8 1
v -6.3 10.2 1
v -6.3 10.3 1
v -6.3 11.7 1
v -6.3 11.8 1
v -6.3 12.2 1
v -6.3 12.3 1
v -6.3 13.7 1
v -6.3 13.8 1
v -6.3 14.2 1
v -6.3 14.3 1
v -6.3 15.7 1
v -6.3 15.8 1
v -6.2 0.2 1
v -6.2 0.3 1
v -6.2 2.2 1
v -6.2 2.3 1
v -6.2 3.7 1
v -6.2 3.8 1
v -6.2 4.2 1
v -6.2 4.3 1
v -6.2 5.7 1
v -6.2 5.8 1
v -6.2 6.2 1
v -6.2 6.3 1
v -6.2 7.7 1
v -6.2 7.8 1
v -6.2 8.2 1
v -6.2 8.3 1
v -6.2 9.7 1
v -6.2 9.8 1
v -6.2 10.2 1
v -6.2 10.3 1
v -6.2 11.7 1
v -6.2 11.8 1
v -6.2 12.2 1
v -6.2 12.3 1
v -6.2 13.7 1
v -6.2 13.8 1
v -6.2 14.2 1
v -6.2 14.3 1
v -6.2 15.7 1
v -6.2 15.8 1
v -6.1 0.1 1
v -6.1 1.9 1
v -6.1 2.1 1
v -6.1 3.9 1
v -6.1 4.1 1
v -6.1 5.9 1
v -6.1 6.1 1
v -6.1 7.9 1
v -6.1 8.1 1
v -6.1 9.9 1
v -6.1 10.1 1
v -6.1 11.9 1
v -6.1 12.1 1
v -6.1 13.9 1
v -6.1 14.1 1
v -6.1 15.9 1
v -5.9 0.1 1
v -5.9 1.9 1
v -5.9 2.1 1
v -5.9 3.9 1
v -5.9 4.1 1
v -5.9 5.9 1
v -5.9 6.1 1
v -5.9 7.9 1
v -5.9 8.1 1
v -5.9 9.9 1
v -5.9 10.1 1
v -5.9 11.9 1
v -5.9 12.1 1
v -5.9 13.9 1
v -5.9 14.1 1
v -5.9 15.9 1
v -5.8 0.2 1
v -5.8 0.3 1
v -5.8 1.7 1
v -5.8 1.8 1
v -5.8 2.2 1
v -5.8 2.3 1
v -5.8 3.7 1
v -5.8 3.8 1
v -5.8 4.2 1
v -5.8 4.3 1
v -5.8 5.7 1
v -5.8 5.8 1
v -5.8 6.2 1
v -5.8 6.3 1
v -5.8 7.7 1
v -5.8 7.8 1
v -5.8 8.2 1
v -5.8 8.3 1
v -5.8 9.7 1
v -5.8 9.8 1
v -5.8 10.2 1
v -5.8 10.3 1
v -5.8 11.7 1
v -5.8 11.8 1
v -5.8 12.2 1
v -5.8 12.3 1
v -5.8 13.7 1
v -5.8 13.8 1
v -5.8 14.2 1
v -5.8 14.3 1
v -5.8 15.7 1
v -5.8 15.8 1
v -5.7 0.2 1
v -5.7 0.3 1
v -5.7 1.7 1
v -5.7 1.8 1
v -5.7 2.2 1
v -5.7 2.3 1
v -5.7 3.7 1
v -5.7 3.8 1
v -5.7 4.2 1
v -5.7 4.3 1
v -5.7 5.7 1
v -5.7 5.8 1
v -5.7 6.2 1
v -5.7 6.3 1
v -5.7 7.7 1
v -5.7 7.8 1
v -5.7 8.2 1
v -5.7 8.3 1
v -5.7 9.7 1
v -5.7 9.8 1
v -5.7 10.2 1
v -5.7 10.3 1
v -5.7 11.7 1
v -5.7 11.8 1
v -5.7 12.2 1
v -5.7 12.3 1
v -5.7 13.7 1
v -5.7 13.8 1
v -5.7 14.2 1
v -5.7 14.3 1
v -5.7 15.7 1
v -5.7 15.8 1
v -4.3 0.2 1
v -4.3 0.3 1
v -4.3 1.7 1
v -4.3 1.8 1
v -4.3 3.7 1
v -4.3 3.8 1
v -4.3 4.2 1
v -4.3 4.3 1
v -4.3 5.7 1
v -4.3 5.8 1
v -4.3 6.2 1
v -4.3 6.3 1
v -4.3 7.7 1
v -4.3 7.8 1
v -4.3 8.2 1
v -4.3 8.3 1
v -4.3 9.7 1
v -4.3 9.8 1
v -4.3 10.2 1
v -4.3 10.3 1
v -4.3 11.7 1
v -4.3 11.8 1
v -4.3 12.2 1
v -4.3 12.3 1
v -4.3 14.2 1
v -4.3 14.3 1
v -4.3 15.7 1
v -4.3 15.8 1
v -4.2 0.2 1
v -4.2 0.3 1
v -4.2 1.7 1
v -4.2 1.8 1
v -4.2 3.7 1
v -4.2 3.8 1
v -4.2 4.2 1
v -4.2 4.3 1
v -4.2 5.7 1
v -4.2 5.8 1
v -4.2 6.2 1
v -4.2 6.3 1
v -4.2 7.7 1
v -4.2 7.8 1
v -4.2 8.2 1
v -4.2 8.3 1
v -4.2 9.7 1
v -4.2 9.8 1
v -4.2 10.2 1
v -4.2 10.3 1
v -4.2 11.7 1
v -4.2 11.8 1
v -4.2 12.2 1
v -4.2 12.3 1
v -4.2 14.2 1
v -4.2 14.3 1
v -4.2 15.7 1
v -4.2 15.8 1
v -4.1 0.1 1
v -4.1 1.9 1
v -4.1 2.1 1
v -4.1 3.9 1
v -4.1 4.1 1
v -4.1 5.9 1
v -4.1 6.1 1
v -4.1 7.9 1
v -4.1 8.1 1
v -4.1 9.9 1
v -4.1 10.1 1
v -4.1 11.9 1
v -4.1 12.1 1
v -4.1 13.9 1
v -4.1 14.1 1
v -4.1 15.9 1
v -3.9 0.1 1
v -3.9 1.9 1
v -3.9 2.1 1
v -3.9 3.9 1
v -3.9 4.1 1
v -3.9 5.9 1
v -3.9 6.1 1
v -3.9 7.9 1
v -3.9 8.1 1
v -3.9 9.9 1
v -3.9 10.1 1
v -3.9 11.9 1
v -3.9 12.1 1
v -3.9 13.9 1
v -3.9 14.1 1
v -3.9 15.9 1
v -3.8 0.2 1
v -3.8 0.3 1
v -3.8 1.7 1
v -3.8 1.8 1
v -3.8 2.2 1
v -3.8 2.3 1
v -3.8 3.7 1
v -3.8 3.8 1
v -3.8 4.2 1
v -3.8 4.3 1
v -3.8 5.7 1
v -3.8 5.8 1
v -3.8 6.2 1
v -3.8 6.3 1
v -3.8 7.7 1
v -3.8 7.8 1
v -3.8 8.2 1
v -3.8 8.3 1
v -3.8 9.7 1
v -3.8 9.8 1
v -3.8 10.2 1
v -3.8 10.3 1
v -3.8 11.7 1
v -3.8 11.8 1
v -3.8 12.2 1
v -3.8 12.3 1
v -3.8 13.7 1
v -3.8 13.8 1
v -3.8 14.2 1
v -3.8 14.3 1
v -3.8 15.7 1
v -3.8 15.8 1
v -3.7 0.2 1
v -3.7 0.3 1
v -3.7 1.7 1
v -3.7 1.8 1
v -3.7 2.2 1
v -3.7 2.3 1
v -3.7 3.7 1
v -3.7 3.8 1
v -3.7 4.2 1
v -3.7 4.3 1
v -3.7 5.7 1
v -3.7 5.8 1
v -3.7 6.2 1
v -3.7 6.3 1
v -3.7 7.7 1
v -3.7 7.8 1
v -3.7 8.2 1
v -3.7 8.3 1
v -3.7 9.7 1
v -3.7 9.8 1
v -3.7 10.2 1
v -3.7 10.3 1
v -3.7 11.7 1
v -3.7 11.8 1
v -3.7 12.2 1
v -3.7 12.3 1
v -3.7 13.7 1
v -3.7 13.8 1
v -3.7 14.2 1
v -3.7 14.3 1
v -3.7 15.7 1
v -3.7 15.8 1
v -2.3 0.2 1
v -2.3 0.3 1
v -2.3 1.7 1
v -2.3 1.8 1
v -2.3 2.2 1
v -2.3 2.3 1
v -2.3 3.7 1
v -2.3 3.8 1
v -2.3 4.2 1
v -2.3 4.3 1
v -2.3 5.7 1
v -2.3 5.8 1
v -2.3 6.2 1
v -2.3 6.3 1
v -2.3 7.7 1
v -2.3 7.8 1
v -2.3 8.2 1
v -2.3 8.3 1
v -2.3 9.7 1
v -2.3 9.8 1
v -2.3 10.2 1
v -2.3 10.3 1
v -2.3 11.7 1
v -2.3 11.8 1
v -2.3 12.2 1
v -2.3 12.3 1
v -2.3 13.7 1
v -2.3 13.8 1
v -2.3 14.2 1
v -2.3 14.3 1
v -2.3 15.7 1
v -2.3 15.8 1
v -2.2 0.2 1
v -2.2 0.3 1
v -2.2 1.7 1
v -2.2 1.8 1
v -2.2 2.2 1
v -2.2 2.3 1
v -2.2 3.7 1
v -2.2 3.8 1
v -2.2 4.2 1
v -2.2 4.3 1
v -2.2 5.7 1
v -2.2 5.8 1
v -2.2 6.2 1
v -2.2 6.3 1
v -2.2 7.7 1
v -2.2 7.8 1
v -2.2 8.2 1
v -2.2 8.3 1
v -2.2 9.7 1
v -2.2 9.8 1
v -2.2 10.2 1
v -2.2 10.3 1
v -2.2 11.7 1
v -2.2 11.8 1
v -2.2 12.2 1
v -2.2 12.3 1
v -2.2 13.7 1
v -2.2 13.8 1
v -2.2 14.2 1
v -2.2 14.3 1
v -2.2 15.7 1
v -2.2 15.8 1
v -2.1 0.1 1
v -2.1 1.9 1
v -2.1 2.1 1
v -2.1 3.9 1
v -2.1 4.1 1
v -2.1 5.9 1
v -2.1 6.1 1
v -2.1 7.9 1
v -2.1 8.1 1
v -2.1 9.9 1
v -2.1 10.1 1
v -2.1 11.9 1
v -2.1 12.1 1
v -2.1 13.9 1
v -2.1 14.1 1
v -2.1 15.9 1
v -1.9 0.1 1
v -1.9 1.9 1
v -1.9 2.1 1
v -1.9 3.9 1
v -1.9 4.1 1
v -1.9 5.9 1
v -1.9 6.1 1
v -1.9 7.9 1
v -1.9 8.1 1
v -1.9 9.9 1
v -1.9 10.1 1
v -1.9 11.9 1
v -1.9 12.1 1
v -1.9 13.9 1
v -1.9 14.1 1
v -1.9 15.9 1
v -1.8 0.2 1
v -1.8 0.3 1
v -1.8 1.7 1
v -1.8 1.8 1
v -1.8 2.2 1
v -1.8 2.3 1
v -1.8 3.7 1
v -1.8 3.8 1
v -1.8 4.2 1
v -1.8 4.3 1
v -1.8 5.7 1
v -1.8 5.8 1
v -1.8 6.2 1
v -1.8 6.3 1
v -1.8 7.7 1
v -1.8 7.8 1
v -1.8 8.2 1
v -1.8 8.3 1
v -1.8 9.7 1
v -1.8 9.8 1
v -1.8 10.2 1
v -1.8 10.3 1
v -1.8 11.7 1
v -1.8 11.8 1
v -1.8 12.2 1
v -1.8 12.3 1
v -1.8 13.7 1
v -1.8 13.8 1
v -1.8 14.2 1
v -1.8 14.3 1
v -1.8 15.7 1
v -1.8 15.8 1
v -1.7 0.2 1
v -1.7 0.3 1
v -1.7 1.7 1
v -1.7 1.8 1
v -1.7 2.2 1
v -1.7 2.3 1
v -1.7 3.7 1
v -1.7 3.8 1
v -1.7 4.2 1
v -1.7 4.3 1
v -1.7 5.7 1
v -1.7 5.8 1
v -1.7 6.2 1
v -1.7 6.3 1
v -1.7 7.7 1
v -1.7 7.8 1
v -1.7 8.2 1
v -1.7 8.3 1
v -1.7 9.7 1
v -1.7 9.8 1
v -1.7 10.2 1
v -1.7 10.3 1
v -1.7 11.7 1
v -1.7 11.8 1
v -1.7 12.2 1
v -1.7 12.3 1
v -1.7 13.7 1
v -1.7 13.8 1
v -1.7 14.2 1
v -1.7 14.3 1
v -1.7 15.7 1
v -1.7 15.8 1
v -0.3 0.2 1
v -0.3 0.3 1
v -0.3 1.7 1
v -0.3 1.8 1
v -0.3 2.2 1
v -0.3 2.3 1
v -0.3 3.7 1
v -0.3 3.8 1
v -0.3 4.2 1
v -0.3 4.3 1
v -0.3 5.7 1
v -0.3 5.8 1
v -0.3 6.2 1
v -0.3 6.3 1
v -0.3 7.7 1
v -0.3 7.8 1
v -0.3 8.2 1
v -0.3 8.3 1
v -0.3 9.7 1
v -0.3 9.8 1
v -0.3 10.2 1
v -0.3 10.3 1
v -0.3 11.7 1
v -0.3 11.8 1
v -0.3 12.2 1
v -0.3 12.3 1
v -0.3 13.7 1
v -0.3 13.8 1
v -0.3 14.2 1
v -0.3 14.3 1
v -0.3 15.7 1
v -0.3 15.8 1
v -0.2 0.2 1
v -0.2 0.3 1
v -0.2 1.7 1
v -0.2 1.8 1
v -0.2 2.2 1
v -0.2 2.3 1
v -0.2 3.7 1
v -0.2 3.8 1
v -0.2 4.2 1
v -0.2 4.3 1
v -0.2 5.7 1
v -0.2 5.8 1
v -0.2 6.2 1
v -0.2 6.3 1
v -0.2 7.7 1
v -0.2 7.8 1
v -0.2 8.2 1
v -0.2 8.3 1
v -0.2 9.7 1
v -0.2 9.8 1
v -0.2 10.2 1
v -0.2 10.3 1
v -0.2 11.7 1
v -0.2 11.8 1
v -0.2 12.2 1
v -0.2 12.3 1
v -0.2 13.7 1
v -0.2 13.8 1
v -0.2 14.2 1
v -0.2 14.3 1
v -0.2 15.7 1
v -0.2 15.8 1
v -0.1 0.1 1
v -0.1 1.9 1
v -0.1 2.1 1
v -0.1 3.9 1
v -0.1 4.1 1
v -0.1 5.9 1
v -0.1 6.1 1
v -0.1 7.9 1
v -0.1 8.1 1
v -0.1 9.9 1
v -0.1 10.1 1
v -0.1 11.9 1
v -0.1 12.1 1
v -0.1 13.9 1
v -0.1 14.1 1
v -0.1 15.9 1
v 0.0999994 0.1 1
v 0.0999994 1.9 1
v 0.0999994 2.1 1
v 0.0999994 3.9 1
v 0.0999994 4.1 1
v 0.0999994 5.9 1
v 0.0999994 6.1 1
v 0.0999994 7.9 1
v 0.0999994 8.1 1
v 0.0999994 9.9 1
v 0.0999994 10.1 1
v 0.0999994 11.9 1
v 0.0999994 12.1 1
v 0.0999994 13.9 1
v 0.0999994 14.1 1
v 0.0999994 15.9 1
v 0.2 0.2 1
v 0.2 0.3 1
v 0.2 1.7 1
v 0.2 1.8 1
v 0.2 2.2 1
v 0.2 2.3 1
v 0.2 3.7 1
v 0.2 3.8 1
v 0.2 4.2 1
v 0.2 4.3 1
v 0.2 5.7 1
v 0.2 5.8 1
v 0.2 6.2 1
v 0.2 6.3 1
v 0.2 7.7 1
v 0.2 7.8 1
v 0.2 8.2 1
v 0.2 8.3 1
v 0.2 9.7 1
v 0.2 9.8 1
v 0.2 10.2 1
v 0.2 10.3 1
v 0.2 11.7 1
v 0.2 11.8 1
v 0.2 12.2 1
v 0.2 12.3 1
v 0.2 13.7 1
v 0.2 13.8 1
v 0.2 14.2 1
v 0.2 14.3 1
v 0.2 15.7 1
v 0.2 15.8 1
v 0.3 0.2 1
v 0.3 0.3 1
v 0.3 1.7 1
v 0.3 1.8 1
v 0.3 2.2 1
v 0.3 2.3 1
v 0.3 3.7 1
v 0.3 3.8 1
v 0.3 4.2 1
v 0.3 4.3 1
v 0.3 5.7 1
v 0.3 5.8 1
v 0.3 6.2 1
v 0.3 6.3 1
v 0.3 7.7 1
v 0.3 7.8 1
v 0.3 8.2 1
v 0.3 8.3 1
v 0.3 9.7 1
v 0.3 9.8 1
v 0.3 10.2 1
v 0.3 10.3 1
v 0.3 11.7 1
v 0.3 11.8 1
v 0.3 12.2 1
v 0.3 12.3 1
v 0.3 13.7 1
v 0.3 13.8 1
v 0.3 14.2 1
v 0.3 14.3 1
v 0.3 15.7 1
v 0.3 15.8 1
v 1.7 0.2 1
v 1.7 0.3 1
v 1.7 1.7 1
v 1.7 1.8 1
v 1.7 2.2 1
v 1.7 2.3 1
v 1.7 3.7 1
v 1.7 3.8 1
v 1.7 4.2 1
v 1.7 4.3 1
v 1.7 5.7 1
v 1.7 5.8 1
v 1.7 6.2 1
v 1.7 6.3 1
v 1.7 7.7 1
v 1.7 7.8 1
v 1.7 8.2 1
v 1.7 8.3 1
v 1.7 9.7 1
v 1.7 9.8 1
v 1.7 10.2 1
v 1.7 10.3 1
v 1.7 11.7 1
v 1.7 11.8 1
v 1.7 12.2 1
v 1.7 12.3 1
v 1.7 13.7 1
v 1.7 13.8 1
v 1.7 14.2 1
v 1.7 14.3 1
v 1.7 15.7 1
v 1.7 15.8 1
v 1.8 0.2 1
v 1.8 0.3 1
v 1.8 1.7 1
v 1.8 1.8 1
v 1.8 2.2 1
v 1.8 2.3 1
v 1.8 3.7 1
v 1.8 3.8 1
v 1.8 4.2 1
v 1.8 4.3 1
v 1.8 5.7 1
v 1.8 5.8 1
v 1.8 6.2 1
v 1.8 6.3 1
v 1.8 7.7 1
v 1.8 7.8 1
v 1.8 8.2 1
v 1.8 8.3 1
v 1.8 9.7 1
v 1.8 9.8 1
v 1.8 10.2 1
v 1.8 10.3 1
v 1.8 11.7 1
v 1.8 11.8 1
v 1.8 12.2 1
v 1.8 12.3 1
v 1.8 13.7 1
v 1.8 13.8 1
v 1.8 14.2 1
v 1.8 14.3 1
v 1.8 15.7 1
v 1.8 15.8 1
v 1.9 0.1 1
v 1.9 1.9 1
v 1.9 2.1 1
v 1.9 3.9 1
v 1.9 4.1 1
v 1.9 5.9 1
v 1.9 6.1 1
v 1.9 7.9 1
v 1.9 8.1 1
v 1.9 9.9 1
v 1.9 10.1 1
v 1.9 11.9 1
v 1.9 12.1 1
v 1.9 13.9 1
v 1.9 14.1 1
v 1.9 15.9 1
v 2.1 0.1 1
v 2.1 1.9 1
v 2.1 2.1 1
v 2.1 3.9 1
v 2.1 4.1 1
v 2.1 5.9 1
v 2.1 6.1 1
v 2.1 7.9 1
v 2.1 8.1 1
v 2.1 9.9 1
v 2.1 10.1 1
v 2.1 11.9 1
v 2.1 12.1 1
v 2.1 13.9 1
v 2.1 14.1 1
v 2.1 15.9 1
v 2.2 0.2 1
v 2.2 0.3 1
v 2.2 1.7 1
v 2.2 1.8 1
v 2.2 2.2 1
v 2.2 2.3 1
v 2.2 3.7 1
v 2.2 3.8 1
v 2.2 4.2 1
v 2.2 4.3 1
v 2.2 5.7 1
v 2.2 5.8 1
v 2.2 6.2 1
v 2.2 6.3 1
v 2.2 7.7 1
v 2.2 7.8 1
v 2.2 8.2 1
v 2.2 8.3 1
v 2.2 9.7 1
v 2.2 9.8 1
v 2.2 10.2 1
v 2.2 10.3 1
v 2.2 11.7 1
v 2.2 11.8 1
v 2.2 12.2 1
v 2.2 12.3 1
v 2.2 13.7 1
v 2.2 13.8 1
v 2.2 14.2 1
v 2.2 14.3 1
v 2.2 15.7 1
v 2.2 15.8 1
v 2.3 0.2 1
v 2.3 0.3 1
v 2.3 1.7 1
v 2.3 1.8 1
v 2.3 2.2 1
v 2.3 2.3 1
v 2.3 3.7 1
v 2.3 3.8 1
v 2.3 4.2 1
v 2.3 4.3 1
v 2.3 5.7 1
v 2.3 5.8 1
v 2.3 6.2 1
v 2.3 6.3 1
v 2.3 7.7 1
v 2.3 7.8 1
v 2.3 8.2 1
v 2.3 8.3 1
v 2.3 9.7 1
v 2.3 9.8 1
v 2.3 10.2 1
v 2.3 10.3 1
v 2.3 11.7 1
v 2.3 11.8 1
v 2.3 12.2 1
v 2.3 12.3 1
v 2.3 13.7 1
v 2.3 13.8 1
v 2.3 14.2 1
v 2.3 14.3 1
v 2.3 15.7 1
v 2.3 15.8 1
v 3.7 0.2 1
v 3.7 0.3 1
v 3.7 1.7 1
v 3.7 1.8 1
v 3.7 2.2 1
v 3.7 2.3 1
v 3.7 3.7 1
v 3.7 3.8 1
v 3.7 4.2 1
v 3.7 4.3 1
v 3.7 5.7 1
v 3.7 5.8 1
v 3.7 6.2 1
v 3.7 6.3 1
v 3.7 7.7 1
v 3.7 7.8 1
v 3.7 8.2 1
v 3.7 8.3 1
v 3.7 9.7 1
v 3.7 9.8 1
v 3.7 10.2 1
v 3.7 10.3 1
v 3.7 11.7 1
v 3.7 11.8 1
v 3.7 12.2 1
v 3.7 12.3 1
v 3.7 13.7 1
v 3.7 13.8 1
v 3.7 14.2 1
v 3.7 14.3 1
v 3.7 15.7 1
v 3.7 15.8 1
v 3.8 0.2 1
v 3.8 0.3 1
v 3.8 1.7 1
v 3.8 1.8 1
v 3.8 2.2 1
v 3.8 2.3 1
v 3.8 3.7 1
v 3.8 3.8 1
v 3.8 4.2 1
v 3.8 4.3 1
v 3.8 5.7 1
v 3.8 5.8 1
v 3.8 6.2 1
v 3.8 6.3 1
v 3.8 7.7 1
v 3.8 7.8 1
v 3.8 8.2 1
v 3.8 8.3 1
v 3.8 9.7 1
v 3.8 9.8 1
v 3.8 10.2 1
v 3.8 10.3 1
v 3.8 11.7 1
v 3.8 11.8 1
v 3.8 12.2 1
v 3.8 12.3 1
v 3.8 13.7 1
v 3.8 13.8 1
v 3.8 14.2 1
v 3.8 14.3 1
v 3.8 15.7 1
v 3.8 15.8 1
v 3.9 0.1 1
v 3.9 1.9 1
v 3.9 2.1 1
v 3.9 3.9 1
v 3.9 4.1 1
v 3.9 5.9 1
v 3.9 6.1 1
v 3.9 7.9 1
v 3.9 8.1 1
v 3.9 9.9 1
v 3.9 10.1 1
v 3.9 11.9 1
v 3.9 12.1 1
v 3.9 13.9 1
v 3.9 14.1 1
v 3.9 15.9 1
v 4.1 0.1 1
v 4.1 1.9 1
v 4.1 2.1 1
v 4.1 3.9 1
v 4.1 4.1 1
v 4.1 5.9 1
v 4.1 6.1 1
v 4.1 7.9 1
v 4.1 8.1 1
v 4.1 9.9 1
v 4.1 10.1 1
v 4.1 11.9 1
v 4.1 12.1 1
v 4.1 13.9 1
v 4.1 14.1 1
v 4.1 15.9 1
v 4.2 0.2 1
v 4.2 0.3 1
v 4.2 1.7 1
v 4.2 1.8 1
v 4.2 3.7 1
v 4.2 3.8 1
v 4.2 4.2 1
v 4.2 4.3 1
v 4.2 5.7 1
v 4.2 5.8 1
v 4.2 6.2 1
v 4.2 6.3 1
v 4.2 7.7 1
v 4.2 7.8 1
v 4.2 8.2 1
v 4.2 8.3 1
v 4.2 9.7 1
v 4.2 9.8 1
v 4.2 10.2 1
v 4.2 10.3 1
v 4.2 11.7 1
v 4.2 11.8 1
v 4.2 12.2 1
v 4.2 12.3 1
v 4.2 14.2 1
v 4.2 14.3 1
v 4.2 15.7 1
v 4.2 15.8 1
v 4.3 0.2 1
v 4.3 0.3 1
v 4.3 1.7 1
v 4.3 1.8 1
v 4.3 3.7 1
v 4.3 3.8 1
v 4.3 4.2 1
v 4.3 4.3 1
v 4.3 5.7 1
v 4.3 5.8 1
v 4.3 6.2 1
v 4.3 6.3 1
v 4.3 7.7 1
v 4.3 7.8 1
v 4.3 8.2 1
v 4.3 8.3 1
v 4.3 9.7 1
v 4.3 9.8 1
v 4.3 10.2 1
v 4.3 10.3 1
v 4.3 11.7 1
v 4.3 11.8 1
v 4.3 12.2 1
v 4.3 12.3 1
v 4.3 14.2 1
v 4.3 14.3 1
v 4.3 15.7 1
v 4.3 15.8 1
v 5.7 0.2 1
v 5.7 0.3 1
v 5.7 1.7 1
v 5.7 1.8 1
v 5.7 2.2 1
v 5.7 2.3 1
v 5.7 3.7 1
v 5.7 3.8 1
v 5.7 4.2 1
v 5.7 4.3 1
v 5.7 5.7 1
v 5.7 5.8 1
v 5.7 6.2 1
v 5.7 6.3 1
v 5.7 7.7 1
v 5.7 7.8 1
v 5.7 8.2 1
v 5.7 8.3 1
v 5.7 9.7 1
v 5.7 9.8 1
v 5.7 10.2 1
v 5.7 10.3 1
v 5.7 11.7 1
v 5.7 11.8 1
v 5.7 12.2 1
v 5.7 12.3 1
v 5.7 13.7 1
v 5.7 13.8 1
v 5.7 14.2 1
v 5.7 14.3 1
v 5.7 15.7 1
v 5.7 15.8 1
v 5.8 0.2 1
v 5.8 0.3 1
v 5.8 1.7 1
v 5.8 1.8 1
v 5.8 2.2 1
v 5.8 2.3 1
v 5.8 3.7 1
v 5.8 3.8 1
v 5.8 4.2 1
v 5.8 4.3 1
v 5.8 5.7 1
v 5.8 5.8 1
v 5.8 6.2 1
v 5.8 6.3 1
v 5.8 7.7 1
v 5.8 7.8 1
v 5.8 8.2 1
v 5.8 8.3 1
v 5.8 9.7 1
v 5.8 9.8 1
v 5.8 10.2 1
v 5.8 10.3 1
v 5.8 11.7 1
v 5.8 11.8 1
v 5.8 12.2 1
v 5.8 12.3 1
v 5.8 13.7 1
v 5.8 13.8 1
v 5.8 14.2 1
v 5.8 14.3 1
v 5.8 15.7 1
v 5.8 15.8 1
v 5.9 0.1 1
v 5.9 1.9 1
v 5.9 2.1 1
v 5.9 3.9 1
v 5.9 4.1 1
v 5.9 5.9 1
v 5.9 6.1 1
v 5.9 7.9 1
v 5.9 8.1 1
v 5.9 9.9 1
v 5.9 10.1 1
v 5.9 11.9 1
v 5.9 12.1 1
v 5.9 13.9 1
v 5.9 14.1 1
v 5.9 15.9 1
v 6.1 0.1 1
v 6.1 1.9 1
v 6.1 2.1 1
v 6.1 3.9 1
v 6.1 4.1 1
v 6.1 5.9 1
v 6.1 6.1 1
v 6.1 7.9 1
v 6.1 8.1 1
v 6.1 9.9 1
v 6.1 10.1 1
v 6.1 11.9 1
v 6.1 12.1 1
v 6.1 13.9 1
v 6.1 14.1 1
v 6.1 15.9 1
v 6.2 0.2 1
v 6.2 0.3 1
v 6.2 2.2 1
v 6.2 2.3 1
v 6.2 3.7 1
v 6.2 3.8 1
v 6.2 4.2 1
v 6.2 4.3 1
v 6.2 5.7 1
v 6.2 5.8 1
v 6.2 6.2 1
v 6.2 6.3 1
v 6.2 7.7 1
v 6.2 7.8 1
v 6.2 8.2 1
v 6.2 8.3 1
v 6.2 9.7 1
v 6.2 9.8 1
v 6.2 10.2 1
v 6.2 10.3 1
v 6.2 11.7 1
v 6.2 11.8 1
v 6.2 12.2 1
v 6.2 12.3 1
v 6.2 13.7 1
v 6.2 13.8 1
v 6.2 14.2 1
v 6.2 14.3 1
v 6.2 15.7 1
v 6.2 15.8 1
v 6.3 0.2 1
v 6.3 0.3 1
v 6.3 2.2 1
v 6.3 2.3 1
v 6.3 3.7 1
v 6.3 3.8 1
v 6.3 4.2 1
v 6.3 4.3 1
v 6.3 5.7 1
v 6.3 5.8 1
v 6.3 6.2 1
v 6.3 6.3 1
v 6.3 7.7 1
v 6.3 7.8 1
v 6.3 8.2 1
v 6.3 8.3 1
v 6.3 9.7 1
v 6.3 9.8 1
v 6.3 10.2 1
v 6.3 10.3 1
v 6.3 11.7 1
v 6.3 11.8 1
v 6.3 12.2 1
v 6.3 12.3 1
v 6.3 13.7 1
v 6.3 13.8 1
v 6.3 14.2 1
v 6.3 14.3 1
v 6.3 15.7 1
v 6.3 15.8 1
v 7.7 0.2 1
v 7.7 0.3 1
v 7.7 1.7 1
v 7.7 1.8 1
v 7.7 2.2 1
v 7.7 2.3 1
v 7.7 3.7 1
v 7.7 3.8 1
v 7.7 4.2 1
v 7.7 4.3 1
v 7.7 5.7 1
v 7.7 5.8 1
v 7.7 6.2 1
v 7.7 6.3 1
v 7.7 7.7 1
v 7.7 7.8 1
v 7.7 8.2 1
v 7.7 8.3 1
v 7.7 9.7 1
v 7.7 9.8 1
v 7.7 10.2 1
v 7.7 10.3 1
v 7.7 11.7 1
v 7.7 11.8 1
v 7.7 12.2 1
v 7.7 12.3 1
v 7.7 13.7 1
v 7.7 13.8 1
v 7.7 14.2 1
v 7.7 14.3 1
v 7.7 15.7 1
v 7.7 15.8 1
v 7.8 0.2 1
v 7.8 0.3 1
v 7.8 1.7 1
v 7.8 1.8 1
v 7.8 2.2 1
v 7.8 2.3 1
v 7.8 3.7 1
v 7.8 3.8 1
v 7.8 4.2 1
v 7.8 4.3 1
v 7.8 5.7 1
v 7.8 5.8 1
v 7.8 6.2 1
v 7.8 6.3 1
v 7.8 7.7 1
v 7.8 7.8 1
v 7.8 8.2 1
v 7.8 8.3 1
v 7.8 9.7 1
v 7.8 9.8 1
v 7.8 10.2 1
v 7.8 10.3 1
v 7.8 11.7 1
v 7.8 11.8 1
v 7.8 12.2 1
v 7.8 12.3 1
v 7.8 13.7 1
v 7.8 13.8 1
v 7.8 14.2 1
v 7.8 14.3 1
v 7.8 15.7 1
v 7.8 15.8 1
v 7.9 0.1 1
v 7.9 1.9 1
v 7.9 2.1 1
v 7.9 3.9 1
v 7.9 4.1 1
v 7.9 5.9 1
v 7.9 6.1 1
v 7.9 7.9 1
v 7.9 8.1 1
v 7.9 9.9 1
v 7.9 10.1 1
v 7.9 11.9 1
v 7.9 12.1 1
v 7.9 13.9 1
v 7.9 14.1 1
v 7.9 15.9 1
v 8 0 1
v 8 16 1
v -8 0 -1
v -8 16 -1
v -7.9 0.1 -1
v -7.9 1.9 -1
v -7.9 2.1 -1
v -7.9 3.9 -1
v -7.9 4.1 -1
v -7.9 5.9 -1
v -7.9 6.1 -1
v -7.9 7.9 -1
v -7.9 8.1 -1
v -7.9 9.9 -1
v -7.9 10.1 -1
v -7.9 11.9 -1
v -7.9 12.1 -1
v -7.9 13.9 -1
v -7.9 14.1 -1
v -7.9 15.9 -1
v -7.8 0.2 -1
v -7.8 0.3 -1
v -7.8 1.7 -1
v -7.8 1.8 -1
v -7.8 2.2 -1
v -7.8 2.3 -1
v -7.8 3.7 -1
v -7.8 3.8 -1
v -7.8 4.2 -1
v -7.8 4.3 -1
v -7.8 5.7 -1
v -7.8 5.8 -1
v -7.8 6.2 -1
v -7.8 6.3 -1
v -7.8 7.7 -1
v -7.8 7.8 -1
v -7.8 8.2 -1
v -7.8 8.3 -1
v -7.8 9.7 -1
v -7.8 9.8 -1
v -7.8 10.2 -1
v -7.8 10.3 -1
v -7.8 11.7 -1
v -7.8 11.8 -1
v -7.8 12.2 -1
v -7.8 12.3 -1
v -7.8 13.7 -1
v -7.8 13.8 -1
v -7.8 14.2 -1
v -7.8 14.3 -1
v -7.8 15.7 -1
v -7.8 15.8 -1
v -7.7 0.2 -1
v -7.7 0.3 -1
v -7.7 1.7 -1
v -7.7 1.8 -1
v -7.7 2.2 -1
v -7.7 2.3 -1
v -7.7 3.7 -1
v -7.7 3.8 -1
v -7.7 4.2 -1
v -7.7 4.3 -1
v -7.7 5.7 -1
v -7.7 5.8 -1
v -7.7 6.2 -1
v -7.7 6.3 -1
v -7.7 7.7 -1
v -7.7 7.8 -1
v -7.7 8.2 -1
v -7.7 8.3 -1
v -7.7 9.7 -1
v -7.7 9.8 -1
v -7.7 10.2 -1
v -7.7 10.3 -1
v -7.7 11.7 -1
v -7.7 11.8 -1
v -7.7 12.2 -1
v -7.7 12.3 -1
v -7.7 13.7 -1
v -7.7 13.8 -1
v -7.7 14.2 -1
v -7.7 14.3 -1
v -7.7 15.7 -1
v -7.7 15.8 -1
v -6.3 0.2 -1
v -6.3 0.3 -1
v -6.3 1.7 -1
v -6.3 1.8 -1
v -6.3 2.2 -1
v -6.3 2.3 -1
v -6.3 3.7 -1
v -6.3 3.8 -1
v -6.3 4.2 -1
v -6.3 4.3 -1
v -6.3 5.7 -1
v -6.3 5.8 -1
v -6.3 6.2 -1
v -6.3 6.3 -1
v -6.3 7.7 -1
v -6.3 7.8 -1
v -6.3 8.2 -1
v -6.3 8.3 -1
v -6.3 9.7 -1
v -6.3 9.8 -1
v -6.3 10.2 -1
v -6.3 10.3 -1
v -6.3 11.7 -1
v -6.3 11.8 -1
v -6.3 12.2 -1
v -6.3 12.3 -1
v -6.3 13.7 -1
v -6.3 13.8 -1
v -6.3 14.2 -1
v -6.3 14.3 -1
v -6.3 15.7 -1
v -6.3 15.8 -1
v -6.2 0.2 -1
v -6.2 0.3 -1
v -6.2 1.7 -1
v -6.2 1.8 -1
v -6.2 2.2 -1
v -6.2 2.3 -1
v -6.2 3.7 -1
v -6.2 3.8 -1
v -6.2 4.2 -1
v -6.2 4.3 -1
v -6.2 5.7 -1
v -6.2 5.8 -1
v -6.2 6.2 -1
v -6.2 6.3 -1
v -6.2 7.7 -1
v -6.2 7.8 -1
v -6.2 8.2 -1
v -6.2 8.3 -1
v -6.2 9.7 -1
v -6.2 9.8 -1
v -6.2 10.2 -1
v -6.2 10.3 -1
v -6.2 11.7 -1
v -6.2 11.8 -1
v -6.2 12.2 -1
v -6.2 12.3 -1
v -6.2 13.7 -1
v -6.2 13.8 -1
v -6.2 14.2 -1
v -6.2 14.3 -1
v -6.2 15.7 -1
v -6.2 15.8 -1
v -6.1 0.1 -1
v -6.1 1.9 -1
v -6.1 2.1 -1
v -6.1 3.9 -1
v -6.1 4.1 -1
v -6.1 5.9 -1
v -6.1 6.1 -1
v -6.1 7.9 -1
v -6.1 8.1 -1
v -6.1 9.9 -1
v -6.1 10.1 -1
v -6.1 11.9 -1
v -6.1 12.1 -1
v -6.1 13.9 -1
v -6.1 14.1 -1
v -6.1 15.9 -1
v -5.9 0.1 -1
v -5.9 1.9 -1
v -5.9 2.1 -1
v -5.9 3.9 -1
v -5.9 4.1 -1
v -5.9 5.9 -1
v -5.9 6.1 -1
v -5.9 7.9 -1
v -5.9 8.1 -1
v -5.9 9.9 -1
v -5.9 10.1 -1
v -5.9 11.9 -1
v -5.9 12.1 -1
v -5.9 13.9 -1
v -5.9 14.1 -1
v -5.9 15.9 -1
v -5.8 0.2 -1
v -5.8 0.3 -1
v -5.8 1.7 -1
v -5.8 1.8 -1
v -5.8 2.2 -1
v -5.8 2.3 -1
v -5.8 3.7 -1
v -5.8 3.8 -1
v -5.8 4.2 -1
v -5.8 4.3 -1
v -5.8 5.7 -1
v -5.8 5.8 -1
v -5.8 6.2 -1
v -5.8 6.3 -1
v -5.8 7.7 -1
v -5.8 7.8 -1
v -5.8 8.2 -1
v -5.8 8.3 -1
v -5.8 9.7 -1
v -5.8 9.8 -1
v -5.8 10.2 -1
v -5.8 10.3 -1
v -5.8 11.7 -1
v -5.8 11.8 -1
v -5.8 12.2 -1
v -5.8 12.3 -1
v -5.8 13.7 -1
v -5.8 13.8 -1
v -5.8 14.2 -1
v -5.8 14.3 -1
v -5.8 15.7 -1
v -5.8 15.8 -1
v -5.7 0.2 -1
v -5.7 0.3 -1
v -5.7 1.7 -1
v -5.7 1.8 -1
v -5.7 2.2 -1
v -5.7 2.3 -1
v -5.7 3.7 -1
v -5.7 3.8 -1
v -5.7 4.2 -1
v -5.7 4.3 -1
v -5.7 5.7 -1
v -5.7 5.8 -1
v -5.7 6.2 -1
v -5.7 6.3 -1
v -5.7 7.7 -1
v -5.7 7.8 -1
v -5.7 8.2 -1
v -5.7 8.3 -1
v -5.7 9.7 -1
v -5.7 9.8 -1
v -5.7 10.2 -1
v -5.7 10.3 -1
v -5.7 11.7 -1
v -5.7 11.8 -1
v -5.7 12.2 -1
v -5.7 12.3 -1
v -5.7 13.7 -1
v -5.7 13.8 -1
v -5.7 14.2 -1
v -5.7 14.3 -1
v -5.7 15.7 -1
v -5.7 15.8 -1
v -4.3 0.2 -1
v -4.3 0.3 -1
v -4.3 1.7 -1
v -4.3 1.8 -1
v -4.3 2.2 -1
v -4.3 2.3 -1
v -4.3 3.7 -1
v -4.3 3.8 -1
v -4.3 4.2 -1
v -4.3 4.3 -1
v -4.3 5.7 -1
v -4.3 5.8 -1
v -4.3 6.2 -1
v -4.3 6.3 -1
v -4.3 7.7 -1
v -4.3 7.8 -1
v -4.3 8.2 -1
v -4.3 8.3 -1
v -4.3 9.7 -1
v -4.3 9.8 -1
v -4.3 10.2 -1
v -4.3 10.3 -1
v -4.3 11.7 -1
v -4.3 11.8 -1
v -4.3 12.2 -1
v -4.3 12.3 -1
v -4.3 13.7 -1
v -4.3 13.8 -1
v -4.3 14.2 -1
v -4.3 14.3 -1
v -4.3 15.7 -1
v -4.3 15.8 -1
v -4.2 0.2 -1
v -4.2 0.3 -1
v -4.2 1.7 -1
v -4.2 1.8 -1
v -4.2 2.2 -1
v -4.2 2.3 -1
v -4.2 3.7 -1
v -4.2 3.8 -1
v -4.2 4.2 -1
v -4.2 4.3 -1
v -4.2 5.7 -1
v -4.2 5.8 -1
v -4.2 6.2 -1
v -4.2 6.3 -1
v -4.2 7.7 -1
v -4.2 7.8 -1
v -4.2 8.2 -1
v -4.2 8.3 -1
v -4.2 9.7 -1
v -4.2 9.8 -1
v -4.2 10.2 -1
v -4.2 10.3 -1
v -4.2 11.7 -1
v -4.2 11.8 -1
v -4.2 12.2 -1
v -4.2 12.3 -1
v -4.2 13.7 -1
v -4.2 13.8 -1
v -4.2 14.2 -1
v -4.2 14.3 -1
v -4.2 15.7 -1
v -4.2 15.8 -1
v -4.1 0.1 -1
v -4.1 1.9 -1
v -4.1 2.1 -1
v -4.1 3.9 -1
v -4.1 4.1 -1
v -4.1 5.9 -1
v -4.1 6.1 -1
v -4.1 7.9 -1
v -4.1 8.1 -1
v -4.1 9.9 -1
v -4.1 10.1 -1
v -4.1 11.9 -1
v -4.1 12.1 -1
v -4.1 13.9 -1
v -4.1 14.1 -1
v -4.1 15.9 -1
v -3.9 0.1 -1
v -3.9 1.9 -1
v -3.9 2.1 -1
v -3.9 3.9 -1
v -3.9 4.1 -1
v -3.9 5.9 -1
v -3.9 6.1 -1
v -3.9 7.9 -1
v -3.9 8.1 -1
v -3.9 9.9 -1
v -3.9 10.1 -1
v -3.9 11.9 -1
v -3.9 12.1 -1
v -3.9 13.9 -1
v -3.9 14.1 -1
v -3.9 15.9 -1
v -3.8 0.2 -1
v -3.8 0.3 -1
v -3.8 1.7 -1
v -3.8 1.8 -1
v -3.8 2.2 -1
v -3.8 2.3 -1
v -3.8 3.7 -1
v -3.8 3.8 -1
v -3.8 4.2 -1
v -3.8 4.3 -1
v -3.8 5.7 -1
v -3.8 5.8 -1
v -3.8 6.2 -1
v -3.8 6.3 -1
v -3.8 7.7 -1
v -3.8 7.8 -1
v -3.8 8.2 -1
v -3.8 8.3 -1
v -3.8 9.7 -1
v -3.8 9.8 -1
v -3.8 10.2 -1
v -3.8 10.3 -1
v -3.8 11.7 -1
v -3.8 11.8 -1
v -3.8 12.2 -1
v -3.8 12.3 -1
v -3.8 13.7 -1
v -3.8 13.8 -1
v -3.8 14.2 -1
v -3.8 14.3 -1
v -3.8 15.7 -1
v -3.8 15.8 -1
v -3.7 0.2 -1
v -3.7 0.3 -1
v -3.7 1.7 -1
v -3.7 1.8 -1
v -3.7 2.2 -1
v -3.7 2.3 -1
v -3.7 3.7 -1
v -3.7 3.8 -1
v -3.7 4.2 -1
v -3.7 4.3 -1
v -3.7 5.7 -1
v -3.7 5.8 -1
v -3.7 6.2 -1
v -3.7 6.3 -1
v -3.7 7.7 -1
v -3.7 7.8 -1
v -3.7 8.2 -1
v -3.7 8.3 -1
v -3.7 9.7 -1
v -3.7 9.8 -1
v -3.7 10.2 -1
v -3.7 10.3 -1
v -3.7 11.7 -1
v -3.7 11.8 -1
v -3.7 12.2 -1
v -3.7 12.3 -1
v -3.7 13.7 -1
v -3.7 13.8 -1
v -3.7 14.2 -1
v -3.7 14.3 -1
v -3.7 15.7 -1
v -3.7 15.8 -1
v -2.3 0.2 -1
v -2.3 0.3 -1
v -2.3 1.7 -1
v -2.3 1.8 -1
v -2.3 2.2 -1
v -2.3 2.3 -1
v -2.3 3.7 -1
v -2.3 3.8 -1
v -2.3 4.2 -1
v -2.3 4.3 -1
v -2.3 5.7 -1
v -2.3 5.8 -1
v -2.3 6.2 -1
v -2.3 6.3 -1
v -2.3 7.7 -1
v -2.3 7.8 -1
v -2.3 8.2 -1
v -2.3 8.3 -1
v -2.3 9.7 -1
v -2.3 9.8 -1
v -2.3 10.2 -1
v -2.3 10.3 -1
v -2.3 11.7 -1
v -2.3 11.8 -1
v -2.3 12.2 -1
v -2.3 12.3 -1
v -2.3 13.7 -1
v -2.3 13.8 -1
v -2.3 14.2 -1
v -2.3 14.3 -1
v -2.3 15.7 -1
v -2.3 15.8 -1
v -2.2 0.2 -1
v -2.2 0.3 -1
v -2.2 1.7 -1
v -2.2 1.8 -1
v -2.2 2.2 -1
v -2.2 2.3 -1
v -2.2 3.7 -1
v -2.2 3.8 -1
v -2.2 4.2 -1
v -2.2 4.3 -1
v -2.2 5.7 -1
v -2.2 5.8 -1
v -2.2 6.2 -1
v -2.2 6.3 -1
v -2.2 7.7 -1
v -2.2 7.8 -1
v -2.2 8.2 -1
v -2.2 8.3 -1
v -2.2 9.7 -1
v -2.2 9.8 -1
v -2.2 10.2 -1
v -2.2 10.3 -1
v -2.2 11.7 -1
v -2.2 11.8 -1
v -2.2 12.2 -1
v -2.2 12.3 -1
v -2.2 13.7 -1
v -2.2 13.8 -1
v -2.2 14.2 -1
v -2.2 14.3 -1
v -2.2 15.7 -1
v -2.2 15.8 -1
v -2.1 0.1 -1
v -2.1 1.9 -1
v -2.1 2.1 -1
v -2.1 3.9 -1
v -2.1 4.1 -1
v -2.1 5.9 -1
v -2.1 6.1 -1
v -2.1 7.9 -1
v -2.1 8.1 -1
v -2.1 9.9 -1
v -2.1 10.1 -1
v -2.1 11.9 -1
v -2.1 12.1 -1
v -2.1 13.9 -1
v -2.1 14.1 -1
v -2.1 15.9 -1
v -1.9 0.1 -1
v -1.9 1.9 -1
v -1.9 2.1 -1
v -1.9 3.9 -1
v -1.9 4.1 -1
v -1.9 5.9 -1
v -1.9 6.1 -1
v -1.9 7.9 -1
v -1.9 8.1 -1
v -1.9 9.9 -1
v -1.9 10.1 -1
v -1.9 11.9 -1
v -1.9 12.1 -1
v -1.9 13.9 -1
v -1.9 14.1 -1
v -1.9 15.9 -1
v -1.8 0.2 -1
v -1.8 0.3 -1
v -1.8 1.7 -1
v -1.8 1.8 -1
v -1.8 2.2 -1
v -1.8 2.3 -1
v -1.8 3.7 -1
v -1.8 3.8 -1
v -1.8 4.2 -1
v -1.8 4.3 -1
v -1.8 5.7 -1
v -1.8 5.8 -1
v -1.8 6.2 -1
v -1.8 6.3 -1
v -1.8 7.7 -1
v -1.8 7.8 -1
v -1.8 8.2 -1
v -1.8 8.3 -1
v -1.8 9.7 -1
v -1.8 9.8 -1
v -1.8 10.2 -1
v -1.8 10.3 -1
v -1.8 11.7 -1
v -1.8 11.8 -1
v -1.8 12.2 -1
v -1.8 12.3 -1
v -1.8 13.7 -1
v -1.8 13.8 -1
v -1.8 14.2 -1
v -1.8 14.3 -1
v -1.8 15.7 -1
v -1.8 15.8 -1
v -1.7 0.2 -1
v -1.7 0.3 -1
v -1.7 1.7 -1
v -1.7 1.8 -1
v -1.7 2.2 -1
v -1.7 2.3 -1
v -1.7 3.7 -1
v -1.7 3.8 -1
v -1.7 4.2 -1
v -1.7 4.3 -1
v -1.7 5.7 -1
v -1.7 5.8 -1
v -1.7 6.2 -1
v -1.7 6.3 -1
v -1.7 7.7 -1
v -1.7 7.8 -1
v -1.7 8.2 -1
v -1.7 8.3 -1
v -1.7 9.7 -1
v -1.7 9.8 -1
v -1.7 10.2 -1
v -1.7 10.3 -1
v -1.7 11.7 -1
v -1.7 11.8 -1
v -1.7 12.2 -1
v -1.7 12.3 -1
v -1.7 13.7 -1
v -1.7 13.8 -1
v -1.7 14.2 -1
v -1.7 14.3 -1
v -1.7 15.7 -1
v -1.7 15.8 -1
v -0.3 0.2 -1
v -0.3 0.3 -1
v -0.3 1.7 -1
v -0.3 1.8 -1
v -0.3 2.2 -1
v -0.3 2.3 -1
v -0.3 3.7 -1
v -0.3 3.8 -1
v -0.3 4.2 -1
v -0.3 4.3 -1
v -0.3 5.7 -1
v -0.3 5.8 -1
v -0.3 6.2 -1
v -0.3 6.3 -1
v -0.3 7.7 -1
v -0.3 7.8 -1
v -0.3 8.2 -1
v -0.3 8.3 -1
v -0.3 9.7 -1
v -0.3 9.8 -1
v -0.3 10.2 -1
v -0.3 10.3 -1
v -0.3 11.7 -1
v -0.3 11.8 -1
v -0.3 12.2 -1
v -0.3 12.3 -1
v -0.3 13.7 -1
v -0.3 13.8 -1
v -0.3 14.2 -1
v -0.3 14.3 -1
v -0.3 15.7 -1
v -0.3 15.8 -1
v -0.2 0.2 -1
v -0.2 0.3 -1
v -0.2 1.7 -1
v -0.2 1.8 -1
v -0.2 2.2 -1
v -0.2 2.3 -1
v -0.2 3.7 -1
v -0.2 3.8 -1
v -0.2 4.2 -1
v -0.2 4.3 -1
v -0.2 5.7 -1
v -0.2 5.8 -1
v -0.2 6.2 -1
v -0.2 6.3 -1
v -0.2 7.7 -1
v -0.2 7.8 -1
v -0.2 8.2 -1
v -0.2 8.3 -1
v -0.2 9.7 -1
v -0.2 9.8 -1
v -0.2 10.2 -1
v -0.2 10.3 -1
v -0.2 11.7 -1
v -0.2 11.8 -1
v -0.2 12.2 -1
v -0.2 12.3 -1
v -0.2 13.7 -1
v -0.2 13.8 -1
v -0.2 14.2 -1
v -0.2 14.3 -1
v -0.2 15.7 -1
v -0.2 15.8 -1
v -0.1 0.1 -1
v -0.1 1.9 -1
v -0.1 2.1 -1
v -0.1 3.9 -1
v -0.1 4.1 -1
v -0.1 5.9 -1
v -0.1 6.1 -1
v -0.1 7.9 -1
v -0.1 8.1 -1
v -0.1 9.9 -1
v -0.1 10.1 -1
v -0.1 11.9 -1
v -0.1 12.1 -1
v -0.1 13.9 -1
v -0.1 14.1 -1
v -0.1 15.9 -1
v 0.0999994 0.1 -1
v 0.0999994 1.9 -1
v 0.0999994 2.1 -1
v 0.0999994 3.9 -1
v 0.0999994 4.1 -1
v 0.0999994 5.9 -1
v 0.0999994 6.1 -1
v 0.0999994 7.9 -1
v 0.0999994 8.1 -1
v 0.0999994 9.9 -1
v 0.0999994 10.1 -1
v 0.0999994 11.9 -1
v 0.0999994 12.1 -1
v 0.0999994 13.9 -1
v 0.0999994 14.1 -1
v 0.0999994 15.9 -1
v 0.2 0.2 -1
v 0.2 0.3 -1
v 0.2 1.7 -1
v 0.2 1.8 -1
v 0.2 2.2 -1
v 0.2 2.3 -1
v 0.2 3.7 -1
v 0.2 3.8 -1
v 0.2 4.2 -1
v 0.2 4.3 -1
v 0.2 5.7 -1
v 0.2 5.8 -1
v 0.2 6.2 -1
v 0.2 6.3 -1
v 0.2 7.7 -1
v 0.2 7.8 -1
v 0.2 8.2 -1
v 0.2 8.3 -1
v 0.2 9.7 -1
v 0.2 9.8 -1
v 0.2 10.2 -1
v 0.2 10.3 -1
v 0.2 11.7 -1
v 0.2 11.8 -1
v 0.2 12.2 -1
v 0.2 12.3 -1
v 0.2 13.7 -1
v 0.2 13.8 -1
v 0.2 14.2 -1
v 0.2 14.3 -1
v 0.2 15.7 -1
v 0.2 15.8 -1
v 0.3 0.2 -1
v 0.3 0.3 -1
v 0.3 1.7 -1
v 0.3 1.8 -1
v 0.3 2.2 -1
v 0.3 2.3 -1
v 0.3 3.7 -1
v 0.3 3.8 -1
v 0.3 4.2 -1
v 0.3 4.3 -1
v 0.3 5.7 -1
v 0.3 5.8 -1
v 0.3 6.2 -1
v 0.3 6.3 -1
v 0.3 7.7 -1
v 0.3 7.8 -1
v 0.3 8.2 -1
v 0.3 8.3 -1
v 0.3 9.7 -1
v 0.3 9.8 -1
v 0.3 10.2 -1
v 0.3 10.3 -1
v 0.3 11.7 -1
v 0.3 11.8 -1
v 0.3 12.2 -1
v 0.3 12.3 -1
v 0.3 13.7 -1
v 0.3 13.8 -1
v 0.3 14.2 -1
v 0.3 14.3 -1
v 0.3 15.7 -1
v 0.3 15.8 -1
v 1.7 0.2 -1
v 1.7 0.3 -1
v 1.7 1.7 -1
v 1.7 1.8 -1
v 1.7 2.2 -1
v 1.7 2.3 -1
v 1.7 3.7 -1
v 1.7 3.8 -1
v 1.7 4.2 -1
v 1.7 4.3 -1
v 1.7 5.7 -1
v 1.7 5.8 -1
v 1.7 6.2 -1
v 1.7 6.3 -1
v 1.7 7.7 -1
v 1.7 7.8 -1
v 1.7 8.2 -1
v 1.7 8.3 -1
v 1.7 9.7 -1
v 1.7 9.8 -1
v 1.7 10.2 -1
v 1.7 10.3 -1
v 1.7 11.7 -1
v 1.7 11.8 -1
v 1.7 12.2 -1
v 1.7 12.3 -1
v 1.7 13.7 -1
v 1.7 13.8 -1
v 1.7 14.2 -1
v 1.7 14.3 -1
v 1.7 15.7 -1
v 1.7 15.8 -1
v 1.8 0.2 -1
v 1.8 0.3 -1
v 1.8 1.7 -1
v 1.8 1.8 -1
v 1.8 2.2 -1
v 1.8 2.3 -1
v 1.8 3.7 -1
v 1.8 3.8 -1
v 1.8 4.2 -1
v 1.8 4.3 -1
v 1.8 5.7 -1
v 1.8 5.8 -1
v 1.8 6.2 -1
v 1.8 6.3 -1
v 1.8 7.7 -1
v 1.8 7.8 -1
v 1.8 8.2 -1
v 1.8 8.3 -1
v 1.8 9.7 -1
v 1.8 9.8 -1
v 1.8 10.2 -1
v 1.8 10.3 -1
v 1.8 11.7 -1
v 1.8 11.8 -1
v 1.8 12.2 -1
v 1.8 12.3 -1
v 1.8 13.7 -1
v 1.8 13.8 -1
v 1.8 14.2 -1
v 1.8 14.3 -1
v 1.8 15.7 -1
v 1.8 15.8 -1
v 1.9 0.1 -1
v 1.9 1.9 -1
v 1.9 2.1 -1
v 1.9 3.9 -1
v 1.9 4.1 -1
v 1.9 5.9 -1
v 1.9 6.1 -1
v 1.9 7.9 -1
v 1.9 8.1 -1
v 1.9 9.9 -1
v 1.9 10.1 -1
v 1.9 11.9 -1
v 1.9 12.1 -1
v 1.9 13.9 -1
v 1.9 14.1 -1
v 1.9 15.9 -1
v 2.1 0.1 -1
v 2.1 1.9 -1
v 2.1 2.1 -1
v 2.1 3.9 -1
v 2.1 4.1 -1
v 2.1 5.9 -1
v 2.1 6.1 -1
v 2.1 7.9 -1
v 2.1 8.1 -1
v 2.1 9.9 -1
v 2.1 10.1 -1
v 2.1 11.9 -1
v 2.1 12.1 -1
v 2.1 13.9 -1
v 2.1 14.1 -1
v 2.1 15.9 -1
v 2.2 0.2 -1
v 2.2 0.3 -1
v 2.2 1.7 -1
v 2.2 1.8 -1
v 2.2 2.2 -1
v 2.2 2.3 -1
v 2.2 3.7 -1
v 2.2 3.8 -1
v 2.2 4.2 -1
v 2.2 4.3 -1
v 2.2 5.7 -1
v 2.2 5.8 -1
v 2.2 6.2 -1
v 2.2 6.3 -1
v 2.2 7.7 -1
v 2.2 7.8 -1
v 2.2 8.2 -1
v 2.2 8.3 -1
v 2.2 9.7 -1
v 2.2 9.8 -1
v 2.2 10.2 -1
v 2.2 10.3 -1
v 2.2 11.7 -1
v 2.2 11.8 -1
v 2.2 12.2 -1
v 2.2 12.3 -1
v 2.2 13.7 -1
v 2.2 13.8 -1
v 2.2 14.2 -1
v 2.2 14.3 -1
v 2.2 15.7 -1
v 2.2 15.8 -1
v 2.3 0.2 -1
v 2.3 0.3 -1
v 2.3 1.7 -1
v 2.3 1.8 -1
v 2.3 2.2 -1
v 2.3 2.3 -1
v 2.3 3.7 -1
v 2.3 3.8 -1
v 2.3 4.2 -1
v 2.3 4.3 -1
v 2.3 5.7 -1
v 2.3 5.8 -1
v 2.3 6.2 -1
v 2.3 6.3 -1
v 2.3 7.7 -1
v 2.3 7.8 -1
v 2.3 8.2 -1
v 2.3 8.3 -1
v 2.3 9.7 -1
v 2.3 9.8 -1
v 2.3 10.2 -1
v 2.3 10.3 -1
v 2.3 11.7 -1
v 2.3 11.8 -1
v 2.3 12.2 -1
v 2.3 12.3 -1
v 2.3 13.7 -1
v 2.3 13.8 -1
v 2.3 14.2 -1
v 2.3 14.3 -1
v 2.3 15.7 -1
v 2.3 15.8 -1
v 3.7 0.2 -1
v 3.7 0.3 -1
v 3.7 1.7 -1
v 3.7 1.8 -1
v 3.7 2.2 -1
v 3.7 2.3 -1
v 3.7 3.7 -1
v 3.7 3.8 -1
v 3.7 4.2 -1
v 3.7 4.3 -1
v 3.7 5.7 -1
v 3.7 5.8 -1
v 3.7 6.2 -1
v 3.7 6.3 -1
v 3.7 7.7 -1
v 3.7 7.8 -1
v 3.7 8.2 -1
v 3.7 8.3 -1
v 3.7 9.7 -1
v 3.7 9.8 -1
v 3.7 10.2 -1
v 3.7 10.3 -1
v 3.7 11.7 -1
v 3.7 11.8 -1
v 3.7 12.2 -1
v 3.7 12.3 -1
v 3.7 13.7 -1
v 3.7 13.8 -1
v 3.7 14.2 -1
v 3.7 14.3 -1
v 3.7 15.7 -1
v 3.7 15.8 -1
v 3.8 0.2 -1
v 3.8 0.3 -1
v 3.8 1.7 -1
v 3.8 1.8 -1
v 3.8 2.2 -1
v 3.8 2.3 -1
v 3.8 3.7 -1
v 3.8 3.8 -1
v 3.8 4.2 -1
v 3.8 4.3 -1
v 3.8 5.7 -1
v 3.8 5.8 -1
v 3.8 6.2 -1
v 3.8 6.3 -1
v 3.8 7.7 -1
v 3.8 7.8 -1
v 3.8 8.2 -1
v 3.8 8.3 -1
v 3.8 9.7 -1
v 3.8 9.8 -1
v 3.8 10.2 -1
v 3.8 10.3 -1
v 3.8 11.7 -1
v 3.8 11.8 -1
v 3.8 12.2 -1
v 3.8 12.3 -1
v 3.8 13.7 -1
v 3.8 13.8 -1
v 3.8 14.2 -1
v 3.8 14.3 -1
v 3.8 15.7 -1
v 3.8 15.8 -1
v 3.9 0.1 -1
v 3.9 1.9 -1
v 3.9 2.1 -1
v 3.9 3.9 -1
v 3.9 4.1 -1
v 3.9 5.9 -1
v 3.9 6.1 -1
v 3.9 7.9 -1
v 3.9 8.1 -1
v 3.9 9.9 -1
v 3.9 10.1 -1
v 3.9 11.9 -1
v 3.9 12.1 -1
v 3.9 13.9 -1
v 3.9 14.1 -1
v 3.9 15.9 -1
v 4.1 0.1 -1
v 4.1 1.9 -1
v 4.1 2.1 -1
v 4.1 3.9 -1
v 4.1 4.1 -1
v 4.1 5.9 -1
v 4.1 6.1 -1
v 4.1 7.9 -1
v 4.1 8.1 -1
v 4.1 9.9 -1
v 4.1 10.1 -1
v 4.1 11.9 -1
v 4.1 12.1 -1
v 4.1 13.9 -1
v 4.1 14.1 -1
v 4.1 15.9 -1
v 4.2 0.2 -1
v 4.2 0.3 -1
v 4.2 1.7 -1
v 4.2 1.8 -1
v 4.2 2.2 -1
v 4.2 2.3 -1
v 4.2 3.7 -1
v 4.2 3.8 -1
v 4.2 4.2 -1
v 4.2 4.3 -1
v 4.2 5.7 -1
v 4.2 5.8 -1
v 4.2 6.2 -1
v 4.2 6.3 -1
v 4.2 7.7 -1
v 4.2 7.8 -1
v 4.2 8.2 -1
v 4.2 8.3 -1
v 4.2 9.7 -1
v 4.2 9.8 -1
v 4.2 10.2 -1
v 4.2 10.3 -1
v 4.2 11.7 -1
v 4.2 11.8 -1
v 4.2 12.2 -1
v 4.2 12.3 -1
v 4.2 13.7 -1
v 4.2 13.8 -1
v 4.2 14.2 -1
v 4.2 14.3 -1
v 4.2 15.7 -1
v 4.2 15.8 -1
v 4.3 0.2 -1
v 4.3 0.3 -1
v 4.3 1.7 -1
v 4.3 1.8 -1
v 4.3 2.2 -1
v 4.3 2.3 -1
v 4.3 3.7 -1
v 4.3 3.8 -1
v 4.3 4.2 -1
v 4.3 4.3 -1
v 4.3 5.7 -1
v 4.3 5.8 -1
v 4.3 6.2 -1
v 4.3 6.3 -1
v 4.3 7.7 -1
v 4.3 7.8 -1
v 4.3 8.2 -1
v 4.3 8.3 -1
v 4.3 9.7 -1
v 4.3 9.8 -1
v 4.3 10.2 -1
v 4.3 10.3 -1
v 4.3 11.7 -1
v 4.3 11.8 -1
v 4.3 12.2 -1
v 4.3 12.3 -1
v 4.3 13.7 -1
v 4.3 13.8 -1
v 4.3 14.2 -1
v 4.3 14.3 -1
v 4.3 15.7 -1
v 4.3 15.8 -1
v 5.7 0.2 -1
v 5.7 0.3 -1
v 5.7 1.7 -1
v 5.7 1.8 -1
v 5.7 2.2 -1
v 5.7 2.3 -1
v 5.7 3.7 -1
v 5.7 3.8 -1
v 5.7 4.2 -1
v 5.7 4.3 -1
v 5.7 5.7 -1
v 5.7 5.8 -1
v 5.7 6.2 -1
v 5.7 6.3 -1
v 5.7 7.7 -1
v 5.7 7.8 -1
v 5.7 8.2 -1
v 5.7 8.3 -1
v 5.7 9.7 -1
v 5.7 9.8 -1
v 5.7 10.2 -1
v 5.7 10.3 -1
v 5.7 11.7 -1
v 5.7 11.8 -1
v 5.7 12.2 -1
v 5.7 12.3 -1
v 5.7 13.7 -1
v 5.7 13.8 -1
v 5.7 14.2 -1
v 5.7 14.3 -1
v 5.7 15.7 -1
v 5.7 15.8 -1
v 5.8 0.2 -1
v 5.8 0.3 -1
v 5.8 1.7 -1
v 5.8 1.8 -1
v 5.8 2.2 -1
v 5.8 2.3 -1
v 5.8 3.7 -1
v 5.8 3.8 -1
v 5.8 4.2 -1
v 5.8 4.3 -1
v 5.8 5.7 -1
v 5.8 5.8 -1
v 5.8 6.2 -1
v 5.8 6.3 -1
v 5.8 7.7 -1
v 5.8 7.8 -1
v 5.8 8.2 -1
v 5.8 8.3 -1
v 5.8 9.7 -1
v 5.8 9.8 -1
v 5.8 10.2 -1
v 5.8 10.3 -1
v 5.8 11.7 -1
v 5.8 11.8 -1
v 5.8 12.2 -1
v 5.8 12.3 -1
v 5.8 13.7 -1
v 5.8 13.8 -1
v 5.8 14.2 -1
v 5.8 14.3 -1
v 5.8 15.7 -1
v 5.8 15.8 -1
v 5.9 0.1 -1
v 5.9 1.9 -1
v 5.9 2.1 -1
v 5.9 3.9 -1
v 5.9 4.1 -1
v 5.9 5.9 -1
v 5.9 6.1 -1
v 5.9 7.9 -1
v 5.9 8.1 -1
v 5.9 9.9 -1
v 5.9 10.1 -1
v 5.9 11.9 -1
v 5.9 12.1 -1
v 5.9 13.9 -1
v 5.9 14.1 -1
v 5.9 15.9 -1
v 6.1 0.1 -1
v 6.1 1.9 -1
v 6.1 2.1 -1
v 6.1 3.9 -1
v 6.1 4.1 -1
v 6.1 5.9 -1
v 6.1 6.1 -1
v 6.1 7.9 -1
v 6.1 8.1 -1
v 6.1 9.9 -1
v 6.1 10.1 -1
v 6.1 11.9 -1
v 6.1 12.1 -1
v 6.1 13.9 -1
v 6.1 14.1 -1
v 6.1 15.9 -1
v 6.2 0.2 -1
v 6.2 0.3 -1
v 6.2 1.7 -1
v 6.2 1.8 -1
v 6.2 2.2 -1
v 6.2 2.3 -1
v 6.2 3.7 -1
v 6.2 3.8 -1
v 6.2 4.2 -1
v 6.2 4.3 -1
v 6.2 5.7 -1
v 6.2 5.8 -1
v 6.2 6.2 -1
v 6.2 6.3 -1
v 6.2 7.7 -1
v 6.2 7.8 -1
v 6.2 8.2 -1
v 6.2 8.3 -1
v 6.2 9.7 -1
v 6.2 9.8 -1
v 6.2 10.2 -1
v 6.2 10.3 -1
v 6.2 11.7 -1
v 6.2 11.8 -1
v 6.2 12.2 -1
v 6.2 12.3 -1
v 6.2 13.7 -1
v 6.2 13.8 -1
v 6.2 14.2 -1
v 6.2 14.3 -1
v 6.2 15.7 -1
v 6.2 15.8 -1
v 6.3 0.2 -1
v 6.3 0.3 -1
v 6.3 1.7 -1
v 6.3 1.8 -1
v 6.3 2.2 -1
v 6.3 2.3 -1
v 6.3 3.7 -1
v 6.3 3.8 -1
v 6.3 4.2 -1
v 6.3 4.3 -1
v 6.3 5.7 -1
v 6.3 5.8 -1
v 6.3 6.2 -1
v 6.3 6.3 -1
v 6.3 7.7 -1
v 6.3 7.8 -1
v 6.3 8.2 -1
v 6.3 8.3 -1
v 6.3 9.7 -1
v 6.3 9.8 -1
v 6.3 10.2 -1
v 6.3 10.3 -1
v 6.3 11.7 -1
v 6.3 11.8 -1
v 6.3 12.2 -1
v 6.3 12.3 -1
v 6.3 13.7 -1
v 6.3 13.8 -1
v 6.3 14.2 -1
v 6.3 14.3 -1
v 6.3 15.7 -1
v 6.3 15.8 -1
v 7.7 0.2 -1
v 7.7 0.3 -1
v 7.7 1.7 -1
v 7.7 1.8 -1
v 7.7 2.2 -1
v 7.7 2.3 -1
v 7.7 3.7 -1
v 7.7 3.8 -1
v 7.7 4.2 -1
v 7.7 4.3 -1
v 7.7 5.7 -1
v 7.7 5.8 -1
v 7.7 6.2 -1
v 7.7 6.3 -1
v 7.7 7.7 -1
v 7.7 7.8 -1
v 7.7 8.2 -1
v 7.7 8.3 -1
v 7.7 9.7 -1
v 7.7 9.8 -1
v 7.7 10.2 -1
v 7.7 10.3 -1
v 7.7 11.7 -1
v 7.7 11.8 -1
v 7.7 12.2 -1
v 7.7 12.3 -1
v 7.7 13.7 -1
v 7.7 13.8 -1
v 7.7 14.2 -1
v 7.7 14.3 -1
v 7.7 15.7 -1
v 7.7 15.8 -1
v 7.8 0.2 -1
v 7.8 0.3 -1
v 7.8 1.7 -1
v 7.8 1.8 -1
v 7.8 2.2 -1
v 7.8 2.3 -1
v 7.8 3.7 -1
v 7.8 3.8 -1
v 7.8 4.2 -1
v 7.8 4.3 -1
v 7.8 5.7 -1
v 7.8 5.8 -1
v 7.8 6.2 -1
v 7.8 6.3 -1
v 7.8 7.7 -1
v 7.8 7.8 -1
v 7.8 8.2 -1
v 7.8 8.3 -1
v 7.8 9.7 -1
v 7.8 9.8 -1
v 7.8 10.2 -1
v 7.8 10.3 -1
v 7.8 11.7 -1
v 7.8 11.8 -1
v 7.8 12.2 -1
v 7.8 12.3 -1
v 7.8 13.7 -1
v 7.8 13.8 -1
v 7.8 14.2 -1
v 7.8 14.3 -1
v 7.8 15.7 -1
v 7.8 15.8 -1
v 7.9 0.1 -1
v 7.9 1.9 -1
v 7.9 2.1 -1
v 7.9 3.9 -1
v 7.9 4.1 -1
v 7.9 5.9 -1
v 7.9 6.1 -1
v 7.9 7.9 -1
v 7.9 8.1 -1
v 7.9 9.9 -1
v 7.9 10.1 -1
v 7.9 11.9 -1
v 7.9 12.1 -1
v 7.9 13.9 -1
v 7.9 14.1 -1
v 7.9 15.9 -1
v 8 0 -1
v 8 16 -1
v -8 0 1
v 8 0 1
v -7.9 0 0.9
v -6.1 0 0.9
v -5.9 0 0.9
v -4.1 0 0.9
v -3.9 0 0.9
v -2.1 0 0.9
v -1.9 0 0.9
v -0.1 0 0.9
v 0.0999994 0 0.9
v 1.9 0 0.9
v 2.1 0 0.9
v 3.9 0 0.9
v 4.1 0 0.9
v 5.9 0 0.9
v 6.1 0 0.9
v 7.9 0 0.9
v -7.8 0 0.8
v -7.7 0 0.8
v -6.3 0 0.8
v -6.2 0 0.8
v -5.8 0 0.8
v -5.7 0 0.8
v -4.3 0 0.8
v -4.2 0 0.8
v -3.8 0 0.8
v -3.7 0 0.8
v -2.3 0 0.8
v -2.2 0 0.8
v -1.8 0 0.8
v -1.7 0 0.8
v -0.3 0 0.8
v -0.2 0 0.8
v 0.2 0 0.8
v 0.3 0 0.8
v 1.7 0 0.8
v 1.8 0 0.8
v 2.2 0 0.8
v 2.3 0 0.8
v 3.7 0 0.8
v 3.8 0 0.8
v 4.2 0 0.8
v 4.3 0 0.8
v 5.7 0 0.8
v 5.8 0 0.8
v 6.2 0 0.8
v 6.3 0 0.8
v 7.7 0 0.8
v 7.8 0 0.8
v -7.8 0 0.7
v -7.7 0 0.7
v -6.3 0 0.7
v -6.2 0 0.7
v -5.8 0 0.7
v -5.7 0 0.7
v -4.3 0 0.7
v -4.2 0 0.7
v -3.8 0 0.7
v -3.7 0 0.7
v -2.3 0 0.7
v -2.2 0 0.7
v -1.8 0 0.7
v -1.7 0 0.7
v -0.3 0 0.7
v -0.2 0 0.7
v 0.2 0 0.7
v 0.3 0 0.7
v 1.7 0 0.7
v 1.8 0 0.7
v 2.2 0 0.7
v 2.3 0 0.7
v 3.7 0 0.7
v 3.8 0 0.7
v 4.2 0 0.7
v 4.3 0 0.7
v 5.7 0 0.7
v 5.8 0 0.7
v 6.2 0 0.7
v 6.3 0 0.7
v 7.7 0 0.7
v 7.8 0 0.7
v -7.8 0 -0.7
v -7.7 0 -0.7
v -6.3 0 -0.7
v -6.2 0 -0.7
v -5.8 0 -0.7
v -5.7 0 -0.7
v -4.3 0 -0.7
v -4.2 0 -0.7
v -3.8 0 -0.7
v -3.7 0 -0.7
v -2.3 0 -0.7
v -2.2 0 -0.7
v -1.8 0 -0.7
v -1.7 0 -0.7
v -0.3 0 -0.7
v -0.2 0 -0.7
v 0.2 0 -0.7
v 0.3 0 -0.7
v 1.7 0 -0.7
v 1.8 0 -0.7
v 2.2 0 -0.7
v 2.3 0 -0.7
v 3.7 0 -0.7
v 3.8 0 -0.7
v 4.2 0 -0.7
v 4.3 0 -0.7
v 5.7 0 -0.7
v 5.8 0 -0.7
v 6.2 0 -0.7
v 6.3 0 -0.7
v 7.7 0 -0.7
v 7.8 0 -0.7
v -7.8 0 -0.8
v -7.7 0 -0.8
v -6.3 0 -0.8
v -6.2 0 -0.8
v -5.8 0 -0.8
v -5.7 0 -0.8
v -4.3 0 -0.8
v -4.2 0 -0.8
v -3.8 0 -0.8
v -3.7 0 -0.8
v -2.3 0 -0.8
v -2.2 0 -0.8
v -1.8 0 -0.8
v -1.7 0 -0.8
v -0.3 0 -0.8
v -0.2 0 -0.8
v 0.2 0 -0.8
v 0.3 0 -0.8
v 1.7 0 -0.8
v 1.8 0 -0.8
v 2.2 0 -0.8
v 2.3 0 -0.8
v 3.7 0 -0.8
v 3.8 0 -0.8
v 4.2 0 -0.8
v 4.3 0 -0.8
v 5.7 0 -0.8
v 5.8 0 -0.8
v 6.2 0 -0.8
v 6.3 0 -0.8
v 7.7 0 -0.8
v 7.8 0 -0.8
v -7.9 0 -0.9
v -6.1 0 -0.9
v -5.9 0 -0.9
v -4.1 0 -0.9
v -3.9 0 -0.9
v -2.1 0 -0.9
v -1.9 0 -0.9
v -0.1 0 -0.9
v 0.0999994 0 -0.9
v 1.9 0 -0.9
v 2.1 0 -0.9
v 3.9 0 -0.9
v 4.1 0 -0.9
v 5.9 0 -0.9
v 6.1 0 -0.9
v 7.9 0 -0.9
v -8 0 -1
v 8 0 -1
v -8 16 1
v 8 16 1
v -7.9 16 0.9
v -6.1 16 0.9
v -5.9 16 0.9
v -4.1 16 0.9
v -3.9 16 0.9
v -2.1 16 0.9
v -1.9 16 0.9
v -0.1 16 0.9
v 0.0999994 16 0.9
v 1.9 16 0.9
v 2.1 16 0.9
v 3.9 16 0.9
v 4.1 16 0.9
v 5.9 16 0.9
v 6.1 16 0.9
v 7.9 16 0.9
v -7.8 16 0.8
v -7.7 16 0.8
v -6.3 16 0.8
v -6.2 16 0.8
v -5.8 16 0.8
v -5.7 16 0.8
v -4.3 16 0.8
v -4.2 16 0.8
v -3.8 16 0.8
v -3.7 16 0.8
v -2.3 16 0.8
v -2.2 16 0.8
v -1.8 16 0.8
v -1.7 16 0.8
v -0.3 16 0.8
v -0.2 16 0.8
v 0.2 16 0.8
v 0.3 16 0.8
v 1.7 16 0.8
v 1.8 16 0.8
v 2.2 16 0.8
v 2.3 16 0.8
v 3.7 16 0.8
v 3.8 16 0.8
v 4.2 16 0.8
v 4.3 16 0.8
v 5.7 16 0.8
v 5.8 16 0.8
v 6.2 16 0.8
v 6.3 16 0.8
v 7.7 16 0.8
v 7.8 16 0.8
v -7.8 16 0.7
v -7.7 16 0.7
v -6.3 16 0.7
v -6.2 16 0.7
v -5.8 16 0.7
v -5.7 16 0.7
v -4.3 16 0.7
v -4.2 16 0.7
v -3.8 16 0.7
v -3.7 16 0.7
v -2.3 16 0.7
v -2.2 16 0.7
v -1.8 16 0.7
v -1.7 16 0.7
v -0.3 16 0.7
v -0.2 16 0.7
v 0.2 16 0.7
v 0.3 16 0.7
v 1.7 16 0.7
v 1.8 16 0.7
v 2.2 16 0.7
v 2.3 16 0.7
v 3.7 16 0.7
v 3.8 16 0.7
v 4.2 16 0.7
v 4.3 16 0.7
v 5.7 16 0.7
v 5.8 16 0.7
v 6.2 16 0.7
v 6.3 16 0.7
v 7.7 16 0.7
v 7.8 16 0.7
v -7.8 16 -0.7
v -7.7 16 -0.7
v -6.3 16 -0.7
v -6.2 16 -0.7
v -5.8 16 -0.7
v -5.7 16 -0.7
v -4.3 16 -0.7
v -4.2 16 -0.7
v -3.8 16 -0.7
v -3.7 16 -0.7
v -2.3 16 -0.7
v -2.2 16 -0.7
v -1.8 16 -0.7
v -1.7 16 -0.7
v -0.3 16 -0.7
v -0.2 16 -0.7
v 0.2 16 -0.7
v 0.3 16 -0.7
v 1.7 16 -0.7
v 1.8 16 -0.7
v 2.2 16 -0.7
v 2.3 16 -0.7
v 3.7 16 -0.7
v 3.8 16 -0.7
v 4.2 16 -0.7
v 4.3 16 -0.7
v 5.7 16 -0.7
v 5.8 16 -0.7
v 6.2 16 -0.7
v 6.3 16 -0.7
v 7.7 16 -0.7
v 7.8 16 -0.7
v -7.8 16 -0.8
v -7.7 16 -0.8
v -6.3 16 -0.8
v -6.2 16 -0.8
v -5.8 16 -0.8
v -5.7 16 -0.8
v -4.3 16 -0.8
v -4.2 16 -0.8
v -3.8 16 -0.8
v -3.7 16 -0.8
v -2.3 16 -0.8
v -2.2 16 -0.8
v -1.8 16 -0.8
v -1.7 16 -0.8
v -0.3 16 -0.8
v -0.2 16 -0.8
v 0.2 16 -0.8
v 0.3 16 -0.8
v 1.7 16 -0.8
v 1.8 16 -0.8
v 2.2 16 -0.8
v 2.3 16 -0.8
v 3.7 16 -0.8
v 3.8 16 -0.8
v 4.2 16 -0.8
v 4.3 16 -0.8
v 5.7 16 -0.8
v 5.8 16 -0.8
v 6.2 16 -0.8
v 6.3 16 -0.8
v 7.7 16 -0.8
v 7.8 16 -0.8
v -7.9 16 -0.9
v -6.1 16 -0.9
v -5.9 16 -0.9
v -4.1 16 -0.9
v -3.9 16 -0.9
v -2.1 16 -0.9
v -1.9 16 -0.9
v -0.1 16 -0.9
v 0.0999994 16 -0.9
v 1.9 16 -0.9
v 2.1 16 -0.9
v 3.9 16 -0.9
v 4.1 16 -0.9
v 5.9 16 -0.9
v 6.1 16 -0.9
v 7.9 16 -0.9
v -8 16 -1
v 8 16 -1

# faces
f 3/3/1 2/3/1 1/3/1
f 4/3/1 2/3/1 3/3/1
f 5/1/1 4/1/1 3/1/1
f 6/1/1 4/1/1 5/1/1
f 7/1/1 4/1/1 6/1/1
f 8/1/1 4/1/1 7/1/1
f 9/1/1 5/1/1 3/1/1
f 9/2/1 6/2/1 5/2/1
f 10/1/1 7/1/1 6/1/1
f 10/2/1 6/2/1 9/2/1
f 11/2/1 8/2/1 7/2/1
f 11/1/1 7/1/1 10/1/1
f 12/1/1 4/1/1 8/1/1
f 12/2/1 8/2/1 11/2/1
f 13/1/1 11/1/1 10/1/1
f 13/1/1 10/1/1 9/1/1
f 13/1/1 12/1/1 11/1/1
f 13/1/1 9/1/1 3/1/1
f 14/1/1 12/1/1 13/1/1
f 15/1/1 12/1/1 14/1/1
f 16/1/1 4/1/1 12/1/1
f 16/1/1 12/1/1 15/1/1
f 17/1/1 13/1/1 3/1/1
f 17/2/1 14/2/1 13/2/1
f 18/1/1 15/1/1 14/1/1
f 18/2/1 14/2/1 17/2/1
f 19/2/1 16/2/1 15/2/1
f 19/1/1 15/1/1 18/1/1
f 20/1/1 4/1/1 16/1/1
f 20/2/1 16/2/1 19/2/1
f 21/3/1 3/3/1 1/3/1
f 21/1/1 17/1/1 3/1/1
f 21/1/1 20/1/1 19/1/1
f 21/1/1 18/1/1 17/1/1
f 21/1/1 19/1/1 18/1/1
f 22/1/1 4/1/1 20/1/1
f 22/1/1 20/1/1 21/1/1
f 22/3/1 2/3/1 4/3/1
f 23/3/1 21/3/1 1/3/1
f 23/3/1 22/3/1 21/3/1
f 24/3/1 2/3/1 22/3/1
f 24/3/1 22/3/1 23/3/1
f 25/1/1 24/1/1 23/1/1
f 26/1/1 24/1/1 25/1/1
f 27/1/1 24/1/1 26/1/1
f 28/1/1 24/1/1 27/1/1
f 29/1/1 25/1/1 23/1/1
f 29/2/1 26/2/1 25/2/1
f 30/1/1 27/1/1 26/1/1
f 30/2/1 26/2/1 29/2/1
f 31/2/1 28/2/1 27/2/1
f 31/1/1 27/1/1 30/1/1
f 32/1/1 24/1/1 28/1/1
f 32/2/1 28/2/1 31/2/1
f 33/1/1 31/1/1 30/1/1
f 33/1/1 30/1/1 29/1/1
f 33/1/1 32/1/1 31/1/1
f 33/1/1 29/1/1 23/1/1
f 34/1/1 32/1/1 33/1/1
f 35/1/1 32/1/1 34/1/1
f 36/1/1 24/1/1 32/1/1
f 36/1/1 32/1/1 35/1/1
f 37/1/1 33/1/1 23/1/1
f 37/2/1 34/2/1 33/2/1
f 38/1/1 35/1/1 34/1/1
f 38/2/1 34/2/1 37/2/1
f 39/2/1 36/2/1 35/2/1
f 39/1/1 35/1/1 38/1/1
f 40/1/1 24/1/1 36/1/1
f 40/2/1 36/2/1 39/2/1
f 41/3/1 23/3/1 1/3/1
f 41/1/1 37/1/1 23/1/1
f 41/1/1 40/1/1 39/1/1
f 41/1/1 38/1/1 37/1/1
f 41/1/1 39/1/1 38/1/1
f 42/1/1 24/1/1 40/1/1
f 42/1/1 40/1/1 41/1/1
f 42/3/1 2/3/1 24/3/1
f 43/3/1 41/3/1 1/3/1
f 43/3/1 42/3/1 41/3/1
f 44/3/1 2/3/1 42/3/1
f 44/3/1 42/3/1 43/3/1
f 45/1/1 44/1/1 43/1/1
f 46/1/1 44/1/1 45/1/1
f 47/1/1 44/1/1 46/1/1
f 48/1/1 44/1/1 47/1/1
f 49/1/1 45/1/1 43/1/1
f 49/2/1 46/2/1 45/2/1
f 50/1/1 47/1/1 46/1/1
f 50/2/1 46/2/1 49/2/1
f 51/2/1 48/2/1 47/2/1
f 51/1/1 47/1/1 50/1/1
f 52/1/1 44/1/1 48/1/1
f 52/2/1 48/2/1 51/2/1
f 53/1/1 51/1/1 50/1/1
f 53/1/1 50/1/1 49/1/1
f 53/1/1 52/1/1 51/1/1
f 53/1/1 49/1/1 43/1/1
f 54/1/1 52/1/1 53/1/1
f 55/1/1 52/1/1 54/1/1
f 56/1/1 44/1/1 52/1/1
f 56/1/1 52/1/1 55/1/1
f 57/1/1 53/1/1 43/1/1
f 57/2/1 54/2/1 53/2/1
f 58/1/1 55/1/1 54/1/1
f 58/2/1 54/2/1 57/2/1
f 59/2/1 56/2/1 55/2/1
f 59/1/1 55/1/1 58/1/1
f 60/1/1 44/1/1 56/1/1
f 60/2/1 56/2/1 59/2/1
f 61/3/1 43/3/1 1/3/1
f 61/1/1 57/1/1 43/1/1
f 61/1/1 60/1/1 59/1/1
f 61/1/1 58/1/1 57/1/1
f 61/1/1 59/1/1 58/1/1
f 62/1/1 44/1/1 60/1/1
f 62/1/1 60/1/1 61/1/1
f 62/3/1 2/3/1 44/3/1
f 63/3/1 61/3/1 1/3/1
f 63/3/1 62/3/1 61/3/1
f 64/3/1 2/3/1 62/3/1
f 64/3/1 62/3/1 63/3/1
f 65/1/1 64/1/1 63/1/1
f 66/1/1 64/1/1 65/1/1
f 67/1/1 64/1/1 66/1/1
f 68/1/1 64/1/1 67/1/1
f 69/1/1 65/1/1 63/1/1
f 69/2/1 66/2/1 65/2/1
f 70/1/1 67/1/1 66/1/1
f 70/2/1 66/2/1 69/2/1
f 71/2/1 68/2/1 67/2/1
f 71/1/1 67/1/1 70/1/1
f 72/1/1 64/1/1 68/1/1
f 72/2/1 68/2/1 71/2/1
f 73/1/1 71/1/1 70/1/1
f 73/1/1 70/1/1 69/1/1
f 73/1/1 72/1/1 71/1/1
f 73/1/1 69/1/1 63/1/1
f 74/1/1 72/1/1 73/1/1
f 75/1/1 72/1/1 74/1/1
f 76/1/1 64/1/1 72/1/1
f 76/1/1 72/1/1 75/1/1
f 77/1/1 73/1/1 63/1/1
f 77/2/1 74/2/1 73/2/1
f 78/1/1 75/1/1 74/1/1
f 78/2/1 74/2/1 77/2/1
f 79/2/1 76/2/1 75/2/1
f 79/1/1 75/1/1 78/1/1
f 80/1/1 64/1/1 76/1/1
f 80/2/1 76/2/1 79/2/1
f 81/3/1 63/3/1 1/3/1
f 81/1/1 77/1/1 63/1/1
f 81/1/1 80/1/1 79/1/1
f 81/1/1 78/1/1 77/1/1
f 81/1/1 79/1/1 78/1/1
f 82/1/1 64/1/1 80/1/1
f 82/1/1 80/1/1 81/1/1
f 82/3/1 2/3/1 64/3/1
f 83/3/1 81/3/1 1/3/1
f 83/3/1 82/3/1 81/3/1
f 84/3/1 2/3/1 82/3/1
f 84/3/1 82/3/1 83/3/1
f 85/1/1 84/1/1 83/1/1
f 86/1/1 84/1/1 85/1/1
f 87/1/1 84/1/1 86/1/1
f 88/1/1 84/1/1 87/1/1
f 89/1/1 85/1/1 83/1/1
f 89/2/1 86/2/1 85/2/1
f 90/1/1 87/1/1 86/1/1
f 90/2/1 86/2/1 89/2/1
f 91/2/1 88/2/1 87/2/1
f 91/1/1 87/1/1 90/1/1
f 92/1/1 84/1/1 88/1/1
f 92/2/1 88/2/1 91/2/1
f 93/1/1 91/1/1 90/1/1
f 93/1/1 90/1/1 89/1/1
f 93/1/1 92/1/1 91/1/1
f 93/1/1 89/1/1 83/1/1
f 94/1/1 92/1/1 93/1/1
f 95/1/1 92/1/1 94/1/1
f 96/1/1 84/1/1 92/1/1
f 96/1/1 92/1/1 95/1/1
f 97/1/1 93/1/1 83/1/1
f 97/2/1 94/2/1 93/2/1
f 98/1/1 95/1/1 94/1/1
f 98/2/1 94/2/1 97/2/1
f 99/2/1 96/2/1 95/2/1
f 99/1/1 95/1/1 98/1/1
f 100/1/1 84/1/1 96/1/1
f 100/2/1 96/2/1 99/2/1
f 101/3/1 83/3/1 1/3/1
f 101/1/1 97/1/1 83/1/1
f 101/1/1 100/1/1 99/1/1
f 101/1/1 98/1/1 97/1/1
f 101/1/1 99/1/1 98/1/1
f 102/1/1 84/1/1 100/1/1
f 102/1/1 100/1/1 101/1/1
f 102/3/1 2/3/1 84/3/1
f 103/3/1 101/3/1 1/3/1
f 103/3/1 102/3/1 101/3/1
f 104/3/1 2/3/1 102/3/1
f 104/3/1 102/3/1 103/3/1
f 105/1/1 104/1/1 103/1/1
f 106/1/1 104/1/1 105/1/1
f 107/1/1 104/1/1 106/1/1
f 108/1/1 104/1/1 107/1/1
f 109/1/1 105/1/1 103/1/1
f 109/2/1 106/2/1 105/2/1
f 110/1/1 107/1/1 106/1/1
f 110/2/1 106/2/1 109/2/1
f 111/2/1 108/2/1 107/2/1
f 111/1/1 107/1/1 110/1/1
f 112/1/1 104/1/1 108/1/1
f 112/2/1 108/2/1 111/2/1
f 113/1/1 111/1/1 110/1/1
f 113/1/1 110/1/1 109/1/1
f 113/1/1 112/1/1 111/1/1
f 113/1/1 109/1/1 103/1/1
f 114/1/1 112/1/1 113/1/1
f 115/1/1 112/1/1 114/1/1
f 116/1/1 104/1/1 112/1/1
f 116/1/1 112/1/1 115/1/1
f 117/1/1 113/1/1 103/1/1
f 117/2/1 114/2/1 113/2/1
f 118/1/1 115/1/1 114/1/1
f 118/2/1 114/2/1 117/2/1
f 119/2/1 116/2/1 115/2/1
f 119/1/1 115/1/1 118/1/1
f 120/1/1 104/1/1 116/1/1
f 120/2/1 116/2/1 119/2/1
f 121/3/1 103/3/1 1/3/1
f 121/1/1 117/1/1 103/1/1
f 121/1/1 120/1/1 119/1/1
f 121/1/1 118/1/1 117/1/1
f 121/1/1 119/1/1 118/1/1
f 122/1/1 104/1/1 120/1/1
f 122/1/1 120/1/1 121/1/1
f 122/3/1 2/3/1 104/3/1
f 123/3/1 121/3/1 1/3/1
f 123/3/1 122/3/1 121/3/1
f 124/3/1 2/3/1 122/3/1
f 124/3/1 122/3/1 123/3/1
f 125/1/1 124/1/1 123/1/1
f 126/1/1 124/1/1 125/1/1
f 127/1/1 124/1/1 126/1/1
f 128/1/1 124/1/1 127/1/1
f 129/1/1 125/1/1 123/1/1
f 129/2/1 126/2/1 125/2/1
f 130/1/1 127/1/1 126/1/1
f 130/2/1 126/2/1 129/2/1
f 131/2/1 128/2/1 127/2/1
f 131/1/1 127/1/1 130/1/1
f 132/1/1 124/1/1 128/1/1
f 132/2/1 128/2/1 131/2/1
f 133/1/1 131/1/1 130/1/1
f 133/1/1 130/1/1 129/1/1
f 133/1/1 132/1/1 131/1/1
f 133/1/1 129/1/1 123/1/1
f 134/1/1 132/1/1 133/1/1
f 135/1/1 132/1/1 134/1/1
f 136/1/1 124/1/1 132/1/1
f 136/1/1 132/1/1 135/1/1
f 137/1/1 133/1/1 123/1/1
f 137/2/1 134/2/1 133/2/1
f 138/1/1 135/1/1 134/1/1
f 138/2/1 134/2/1 137/2/1
f 139/2/1 136/2/1 135/2/1
f 139/1/1 135/1/1 138/1/1
f 140/1/1 124/1/1 136/1/1
f 140/2/1 136/2/1 139/2/1
f 141/3/1 123/3/1 1/3/1
f 141/1/1 137/1/1 123/1/1
f 141/1/1 140/1/1 139/1/1
f 141/1/1 138/1/1 137/1/1
f 141/1/1 139/1/1 138/1/1
f 142/1/1 124/1/1 140/1/1
f 142/1/1 140/1/1 141/1/1
f 142/3/1 2/3/1 124/3/1
f 143/3/1 141/3/1 1/3/1
f 143/3/1 142/3/1 141/3/1
f 144/3/1 2/3/1 142/3/1
f 144/3/1 142/3/1 143/3/1
f 145/1/1 144/1/1 143/1/1
f 146/1/1 144/1/1 145/1/1
f 147/1/1 144/1/1 146/1/1
f 148/1/1 144/1/1 147/1/1
f 149/1/1 145/1/1 143/1/1
f 149/2/1 146/2/1 145/2/1
f 150/1/1 147/1/1 146/1/1
f 150/2/1 146/2/1 149/2/1
f 151/2/1 148/2/1 147/2/1
f 151/1/1 147/1/1 150/1/1
f 152/1/1 144/1/1 148/1/1
f 152/2/1 148/2/1 151/2/1
f 153/1/1 151/1/1 150/1/1
f 153/1/1 150/1/1 149/1/1
f 153/1/1 152/1/1 151/1/1
f 153/1/1 149/1/1 143/1/1
f 154/1/1 152/1/1 153/1/1
f 155/1/1 152/1/1 154/1/1
f 156/1/1 144/1/1 152/1/1
f 156/1/1 152/1/1 155/1/1
f 157/1/1 153/1/1 143/1/1
f 157/2/1 154/2/1 153/2/1
f 158/1/1 155/1/1 154/1/1
f 158/2/1 154/2/1 157/2/1
f 159/2/1 156/2/1 155/2/1
f 159/1/1 155/1/1 158/1/1
f 160/1/1 144/1/1 156/1/1
f 160/2/1 156/2/1 159/2/1
f 161/3/1 143/3/1 1/3/1
f 161/1/1 157/1/1 143/1/1
f 161/1/1 160/1/1 159/1/1
f 161/1/1 158/1/1 157/1/1
f 161/1/1 159/1/1 158/1/1
f 162/1/1 144/1/1 160/1/1
f 162/1/1 160/1/1 161/1/1
f 162/3/1 2/3/1 144/3/1
f 163/3/1 161/3/1 1/3/1
f 163/3/1 162/3/1 161/3/1
f 164/3/1 2/3/1 162/3/1
f 164/3/1 162/3/1 163/3/1
f 165/3/2 166/3/2 167/3/2
f 167/3/2 166/3/2 168/3/2
f 167/1/2 168/1/2 169/1/2
f 169/1/2 168/1/2 170/1/2
f 170/1/2 168/1/2 171/1/2
f 171/1/2 168/1/2 172/1/2
f 167/1/2 169/1/2 173/1/2
f 169/2/2 170/2/2 173/2/2
f 170/1/2 171/1/2 174/1/2
f 173/2/2 170/2/2 174/2/2
f 171/2/2 172/2/2 175/2/2
f 174/1/2 171/1/2 175/1/2
f 172/1/2 168/1/2 176/1/2
f 175/2/2 172/2/2 176/2/2
f 174/1/2 175/1/2 177/1/2
f 173/1/2 174/1/2 177/1/2
f 175/1/2 176/1/2 177/1/2
f 167/1/2 173/1/2 177/1/2
f 177/1/2 176/1/2 178/1/2
f 178/1/2 176/1/2 179/1/2
f 176/1/2 168/1/2 180/1/2
f 179/1/2 176/1/2 180/1/2
f 167/1/2 177/1/2 181/1/2
f 177/2/2 178/2/2 181/2/2
f 178/1/2 179/1/2 182/1/2
f 181/2/2 178/2/2 182/2/2
f 179/2/2 180/2/2 183/2/2
f 182/1/2 179/1/2 183/1/2
f 180/1/2 168/1/2 184/1/2
f 183/2/2 180/2/2 184/2/2
f 165/3/2 167/3/2 185/3/2
f 167/1/2 181/1/2 185/1/2
f 183/1/2 184/1/2 185/1/2
f 181/1/2 182/1/2 185/1/2
f 182/1/2 183/1/2 185/1/2
f 184/1/2 168/1/2 186/1/2
f 185/1/2 184/1/2 186/1/2
f 168/3/2 166/3/2 186/3/2
f 165/3/2 185/3/2 187/3/2
f 185/3/2 186/3/2 187/3/2
f 186/3/2 166/3/2 188/3/2
f 187/3/2 186/3/2 188/3/2
f 187/1/2 188/1/2 189/1/2
f 189/1/2 188/1/2 190/1/2
f 190/1/2 188/1/2 191/1/2
f 191/1/2 188/1/2 192/1/2
f 187/1/2 189/1/2 193/1/2
f 189/2/2 190/2/2 193/2/2
f 190/1/2 191/1/2 194/1/2
f 193/2/2 190/2/2 194/2/2
f 191/2/2 192/2/2 195/2/2
f 194/1/2 191/1/2 195/1/2
f 192/1/2 188/1/2 196/1/2
f 195/2/2 192/2/2 196/2/2
f 194/1/2 195/1/2 197/1/2
f 193/1/2 194/1/2 197/1/2
f 195/1/2 196/1/2 197/1/2
f 187/1/2 193/1/2 197/1/2
f 197/1/2 196/1/2 198/1/2
f 198/1/2 196/1/2 199/1/2
f 196/1/2 188/1/2 200/1/2
f 199/1/2 196/1/2 200/1/2
f 187/1/2 197/1/2 201/1/2
f 197/2/2 198/2/2 201/2/2
f 198/1/2 199/1/2 202/1/2
f 201/2/2 198/2/2 202/2/2
f 199/2/2 200/2/2 203/2/2
f 202/1/2 199/1/2 203/1/2
f 200/1/2 188/1/2 204/1/2
f 203/2/2 200/2/2 204/2/2
f 165/3/2 187/3/2 205/3/2
f 187/1/2 201/1/2 205/1/2
f 203/1/2 204/1/2 205/1/2
f 201/1/2 202/1/2 205/1/2
f 202/1/2 203/1/2 205/1/2
f 204/1/2 188/1/2 206/1/2
f 205/1/2 204/1/2 206/1/2
f 188/3/2 166/3/2 206/3/2
f 165/3/2 205/3/2 207/3/2
f 205/3/2 206/3/2 207/3/2
f 206/3/2 166/3/2 208/3/2
f 207/3/2 206/3/2 208/3/2
f 207/1/2 208/1/2 209/1/2
f 209/1/2 208/1/2 210/1/2
f 210/1/2 208/1/2 211/1/2
f 211/1/2 208/1/2 212/1/2
f 207/1/2 209/1/2 213/1/2
f 209/2/2 210/2/2 213/2/2
f 210/1/2 211/1/2 214/1/2
f 213/2/2 210/2/2 214/2/2
f 211/2/2 212/2/2 215/2/2
f 214/1/2 211/1/2 215/1/2
f 212/1/2 208/1/2 216/1/2
f 215/2/2 212/2/2 216/2/2
f 214/1/2 215/1/2 217/1/2
f 213/1/2 214/1/2 217/1/2
f 215/1/2 216/1/2 217/1/2
f 207/1/2 213/1/2 217/1/2
f 217/1/2 216/1/2 218/1/2
f 218/1/2 216/1/2 219/1/2
f 216/1/2 208/1/2 220/1/2
f 219/1/2 216/1/2 220/1/2
f 207/1/2 217/1/2 221/1/2
f 217/2/2 218/2/2 221/2/2
f 218/1/2 219/1/2 222/1/2
f 221/2/2 218/2/2 222/2/2
f 219/2/2 220/2/2 223/2/2
f 222/1/2 219/1/2 223/1/2
f 220/1/2 208/1/2 224/1/2
f 223/2/2 220/2/2 224/2/2
f 165/3/2 207/3/2 225/3/2
f 207/1/2 221/1/2 225/1/2
f 223/1/2 224/1/2 225/1/2
f 221/1/2 222/1/2 225/1/2
f 222/1/2 223/1/2 225/1/2
f 224/1/2 208/1/2 226/1/2
f 225/1/2 224/1/2 226/1/2
f 208/3/2 166/3/2 226/3/2
f 165/3/2 225/3/2 227/3/2
f 225/3/2 226/3/2 227/3/2
f 226/3/2 166/3/2 228/3/2
f 227/3/2 226/3/2 228/3/2
f 227/1/2 228/1/2 229/1/2
f 229/1/2 228/1/2 230/1/2
f 230/1/2 228/1/2 231/1/2
f 231/1/2 228/1/2 232/1/2
f 227/1/2 229/1/2 233/1/2
f 229/2/2 230/2/2 233/2/2
f 230/1/2 231/1/2 234/1/2
f 233/2/2 230/2/2 234/2/2
f 231/2/2 232/2/2 235/2/2
f 234/1/2 231/1/2 235/1/2
f 232/1/2 228/1/2 236/1/2
f 235/2/2 232/2/2 236/2/2
f 234/1/2 235/1/2 237/1/2
f 233/1/2 234/1/2 237/1/2
f 235/1/2 236/1/2 237/1/2
f 227/1/2 233/1/2 237/1/2
f 237/1/2 236/1/2 238/1/2
f 238/1/2 236/1/2 239/1/2
f 236/1/2 228/1/2 240/1/2
f 239/1/2 236/1/2 240/1/2
f 227/1/2 237/1/2 241/1/2
f 237/2/2 238/2/2 241/2/2
f 238/1/2 239/1/2 242/1/2
f 241/2/2 238/2/2 242/2/2
f 239/2/2 240/2/2 243/2/2
f 242/1/2 239/1/2 243/1/2
f 240/1/2 228/1/2 244/1/2
f 243/2/2 240/2/2 244/2/2
f 165/3/2 227/3/2 245/3/2
f 227/1/2 241/1/2 245/1/2
f 243/1/2 244/1/2 245/1/2
f 241/1/2 242/1/2 245/1/2
f 242/1/2 243/1/2 245/1/2
f 244/1/2 228/1/2 246/1/2
f 245/1/2 244/1/2 246/1/2
f 228/3/2 166/3/2 246/3/2
f 165/3/2 245/3/2 247/3/2
f 245/3/2 246/3/2 247/3/2
f 246/3/2 166/3/2 248/3/2
f 247/3/2 246/3/2 248/3/2
f 247/1/2 248/1/2 249/1/2
f 249/1/2 248/1/2 250/1/2
f 250/1/2 248/1/2 251/1/2
f 251/1/2 248/1/2 252/1/2
f 247/1/2 249/1/2 253/1/2
f 249/2/2 250/2/2 253/2/2
f 250/1/2 251/1/2 254/1/2
f 253/2/2 250/2/2 254/2/2
f 251/2/2 252/2/2 255/2/2
f 254/1/2 251/1/2 255/1/2
f 252/1/2 248/1/2 256/1/2
f 255/2/2 252/2/2 256/2/2
f 254/1/2 255/1/2 257/1/2
f 253/1/2 254/1/2 257/1/2
f 255/1/2 256/1/2 257/1/2
f 247/1/2 253/1/2 257/1/2
f 257/1/2 256/1/2 258/1/2
f 258/1/2 256/1/2 259/1/2
f 256/1/2 248/1/2 260/1/2
f 259/1/2 256/1/2 260/1/2
f 247/1/2 257/1/2 261/1/2
f 257/2/2 258/2/2 261/2/2
f 258/1/2 259/1/2 262/1/2
f 261/2/2 258/2/2 262/2/2
f 259/2/2 260/2/2 263/2/2
f 262/1/2 259/1/2 263/1/2
f 260/1/2 248/1/2 264/1/2
f 263/2/2 260/2/2 264/2/2
f 165/3/2 247/3/2 265/3/2
f 247/1/2 261/1/2 265/1/2
f 263/1/2 264/1/2 265/1/2
f 261/1/2 262/1/2 265/1/2
f 262/1/2 263/1/2 265/1/2
f 264/1/2 248/1/2 266/1/2
f 265/1/2 264/1/2 266/1/2
f 248/3/2 166/3/2 266/3/2
f 165/3/2 265/3/2 267/3/2
f 265/3/2 266/3/2 267/3/2
f 266/3/2 166/3/2 268/3/2
f 267/3/2 266/3/2 268/3/2
f 267/1/2 268/1/2 269/1/2
f 269/1/2 268/1/2 270/1/2
f 270/1/2 268/1/2 271/1/2
f 271/1/2 268/1/2 272/1/2
f 267/1/2 269/1/2 273/1/2
f 269/2/2 270/2/2 273/2/2
f 270/1/2 271/1/2 274/1/2
f 273/2/2 270/2/2 274/2/2
f 271/2/2 272/2/2 275/2/2
f 274/1/2 271/1/2 275/1/2
f 272/1/2 268/1/2 276/1/2
f 275/2/2 272/2/2 276/2/2
f 274/1/2 275/1/2 277/1/2
f 273/1/2 274/1/2 277/1/2
f 275/1/2 276/1/2 277/1/2
f 267/1/2 273/1/2 277/1/2
f 277/1/2 276/1/2 278/1/2
f 278/1/2 276/1/2 279/1/2
f 276/1/2 268/1/2 280/1/2
f 279/1/2 276/1/2 280/1/2
f 267/1/2 277/1/2 281/1/2
f 277/2/2 278/2/2 281/2/2
f 278/1/2 279/1/2 282/1/2
f 281/2/2 278/2/2 282/2/2
f 279/2/2 280/2/2 283/2/2
f 282/1/2 279/1/2 283/1/2
f 280/1/2 268/1/2 284/1/2
f 283/2/2 280/2/2 284/2/2
f 165/3/2 267/3/2 285/3/2
f 267/1/2 281/1/2 285/1/2
f 283/1/2 284/1/2 285/1/2
f 281/1/2 282/1/2 285/1/2
f 282/1/2 283/1/2 285/1/2
f 284/1/2 268/1/2 286/1/2
f 285/1/2 284/1/2 286/1/2
f 268/3/2 166/3/2 286/3/2
f 165/3/2 285/3/2 287/3/2
f 285/3/2 286/3/2 287/3/2
f 286/3/2 166/3/2 288/3/2
f 287/3/2 286/3/2 288/3/2
f 287/1/2 288/1/2 289/1/2
f 289/1/2 288/1/2 290/1/2
f 290/1/2 288/1/2 291/1/2
f 291/1/2 288/1/2 292/1/2
f 287/1/2 289/1/2 293/1/2
f 289/2/2 290/2/2 293/2/2
f 290/1/2 291/1/2 294/1/2
f 293/2/2 290/2/2 294/2/2
f 291/2/2 292/2/2 295/2/2
f 294/1/2 291/1/2 295/1/2
f 292/1/2 288/1/2 296/1/2
f 295/2/2 292/2/2 296/2/2
f 294/1/2 295/1/2 297/1/2
f 293/1/2 294/1/2 297/1/2
f 295/1/2 296/1/2 297/1/2
f 287/1/2 293/1/2 297/1/2
f 297/1/2 296/1/2 298/1/2
f 298/1/2 296/1/2 299/1/2
f 296/1/2 288/1/2 300/1/2
f 299/1/2 296/1/2 300/1/2
f 287/1/2 297/1/2 301/1/2
f 297/2/2 298/2/2 301/2/2
f 298/1/2 299/1/2 302/1/2
f 301/2/2 298/2/2 302/2/2
f 299/2/2 300/2/2 303/2/2
f 302/1/2 299/1/2 303/1/2
f 300/1/2 288/1/2 304/1/2
f 303/2/2 300/2/2 304/2/2
f 165/3/2 287/3/2 305/3/2
f 287/1/2 301/1/2 305/1/2
f 303/1/2 304/1/2 305/1/2
f 301/1/2 302/1/2 305/1/2
f 302/1/2 303/1/2 305/1/2
f 304/1/2 288/1/2 306/1/2
f 305/1/2 304/1/2 306/1/2
f 288/3/2 166/3/2 306/3/2
f 165/3/2 305/3/2 307/3/2
f 305/3/2 306/3/2 307/3/2
f 306/3/2 166/3/2 308/3/2
f 307/3/2 306/3/2 308/3/2
f 307/1/2 308/1/2 309/1/2
f 309/1/2 308/1/2 310/1/2
f 310/1/2 308/1/2 311/1/2
f 311/1/2 308/1/2 312/1/2
f 307/1/2 309/1/2 313/1/2
f 309/2/2 310/2/2 313/2/2
f 310/1/2 311/1/2 314/1/2
f 313/2/2 310/2/2 314/2/2
f 311/2/2 312/2/2 315/2/2
f 314/1/2 311/1/2 315/1/2
f 312/1/2 308/1/2 316/1/2
f 315/2/2 312/2/2 316/2/2
f 314/1/2 315/1/2 317/1/2
f 313/1/2 314/1/2 317/1/2
f 315/1/2 316/1/2 317/1/2
f 307/1/2 313/1/2 317/1/2
f 317/1/2 316/1/2 318/1/2
f 318/1/2 316/1/2 319/1/2
f 316/1/2 308/1/2 320/1/2
f 319/1/2 316/1/2 320/1/2
f 307/1/2 317/1/2 321/1/2
f 317/2/2 318/2/2 321/2/2
f 318/1/2 319/1/2 322/1/2
f 321/2/2 318/2/2 322/2/2
f 319/2/2 320/2/2 323/2/2
f 322/1/2 319/1/2 323/1/2
f 320/1/2 308/1/2 324/1/2
f 323/2/2 320/2/2 324/2/2
f 165/3/2 307/3/2 325/3/2
f 307/1/2 321/1/2 325/1/2
f 323/1/2 324/1/2 325/1/2
f 321/1/2 322/1/2 325/1/2
f 322/1/2 323/1/2 325/1/2
f 324/1/2 308/1/2 326/1/2
f 325/1/2 324/1/2 326/1/2
f 308/3/2 166/3/2 326/3/2
f 165/3/2 325/3/2 327/3/2
f 325/3/2 326/3/2 327/3/2
f 326/3/2 166/3/2 328/3/2
f 327/3/2 326/3/2 328/3/2
f 331/3/3 330/3/3 329/3/3
f 332/3/3 330/3/3 331/3/3
f 333/3/3 330/3/3 332/3/3
f 334/3/3 330/3/3 333/3/3
f 335/3/3 330/3/3 334/3/3
f 336/3/3 330/3/3 335/3/3
f 337/3/3 330/3/3 336/3/3
f 338/3/3 330/3/3 337/3/3
f 339/3/3 330/3/3 338/3/3
f 340/3/3 330/3/3 339/3/3
f 341/3/3 330/3/3 340/3/3
f 342/3/3 330/3/3 341/3/3
f 343/3/3 330/3/3 342/3/3
f 344/3/3 330/3/3 343/3/3
f 345/3/3 330/3/3 344/3/3
f 346/3/3 330/3/3 345/3/3
f 347/1/3 332/1/3 331/1/3
f 348/1/3 332/1/3 347/1/3
f 349/1/3 332/1/3 348/1/3
f 350/1/3 332/1/3 349/1/3
f 351/1/3 334/1/3 333/1/3
f 352/1/3 334/1/3 351/1/3
f 353/1/3 334/1/3 352/1/3
f 354/1/3 334/1/3 353/1/3
f 355/1/3 336/1/3 335/1/3
f 356/1/3 336/1/3 355/1/3
f 357/1/3 336/1/3 356/1/3
f 358/1/3 336/1/3 357/1/3
f 359/1/3 338/1/3 337/1/3
f 360/1/3 338/1/3 359/1/3
f 361/1/3 338/1/3 360/1/3
f 362/1/3 338/1/3 361/1/3
f 363/1/3 340/1/3 339/1/3
f 364/1/3 340/1/3 363/1/3
f 365/1/3 340/1/3 364/1/3
f 366/1/3 340/1/3 365/1/3
f 367/1/3 342/1/3 341/1/3
f 368/1/3 342/1/3 367/1/3
f 369/1/3 342/1/3 368/1/3
f 370/1/3 342/1/3 369/1/3
f 371/1/3 344/1/3 343/1/3
f 372/1/3 344/1/3 371/1/3
f 373/1/3 344/1/3 372/1/3
f 374/1/3 344/1/3 373/1/3
f 375/1/3 346/1/3 345/1/3
f 376/1/3 346/1/3 375/1/3
f 377/1/3 346/1/3 376/1/3
f 378/1/3 346/1/3 377/1/3
f 379/1/3 347/1/3 331/1/3
f 379/2/3 348/2/3 347/2/3
f 380/1/3 349/1/3 348/1/3
f 380/2/3 348/2/3 379/2/3
f 381/2/3 350/2/3 349/2/3
f 381/1/3 349/1/3 380/1/3
f 382/1/3 332/1/3 350/1/3
f 382/2/3 350/2/3 381/2/3
f 383/1/3 351/1/3 333/1/3
f 383/2/3 352/2/3 351/2/3
f 384/1/3 353/1/3 352/1/3
f 384/2/3 352/2/3 383/2/3
f 385/2/3 354/2/3 353/2/3
f 385/1/3 353/1/3 384/1/3
f 386/1/3 334/1/3 354/1/3
f 386/2/3 354/2/3 385/2/3
f 387/1/3 355/1/3 335/1/3
f 387/2/3 356/2/3 355/2/3
f 388/1/3 357/1/3 356/1/3
f 388/2/3 356/2/3 387/2/3
f 389/2/3 358/2/3 357/2/3
f 389/1/3 357/1/3 388/1/3
f 390/1/3 336/1/3 358/1/3
f 390/2/3 358/2/3 389/2/3
f 391/1/3 359/1/3 337/1/3
f 391/2/3 360/2/3 359/2/3
f 392/1/3 361/1/3 360/1/3
f 392/2/3 360/2/3 391/2/3
f 393/2/3 362/2/3 361/2/3
f 393/1/3 361/1/3 392/1/3
f 394/1/3 338/1/3 362/1/3
f 394/2/3 362/2/3 393/2/3
f 395/1/3 363/1/3 339/1/3
f 395/2/3 364/2/3 363/2/3
f 396/1/3 365/1/3 364/1/3
f 396/2/3 364/2/3 395/2/3
f 397/2/3 366/2/3 365/2/3
f 397/1/3 365/1/3 396/1/3
f 398/1/3 340/1/3 366/1/3
f 398/2/3 366/2/3 397/2/3
f 399/1/3 367/1/3 341/1/3
f 399/2/3 368/2/3 367/2/3
f 400/1/3 369/1/3 368/1/3
f 400/2/3 368/2/3 399/2/3
f 401/2/3 370/2/3 369/2/3
f 401/1/3 369/1/3 400/1/3
f 402/1/3 342/1/3 370/1/3
f 402/2/3 370/2/3 401/2/3
f 403/1/3 371/1/3 343/1/3
f 403/2/3 372/2/3 371/2/3
f 404/1/3 373/1/3 372/1/3
f 404/2/3 372/2/3 403/2/3
f 405/2/3 374/2/3 373/2/3
f 405/1/3 373/1/3 404/1/3
f 406/1/3 344/1/3 374/1/3
f 406/2/3 374/2/3 405/2/3
f 407/1/3 375/1/3 345/1/3
f 407/2/3 376/2/3 375/2/3
f 408/1/3 377/1/3 376/1/3
f 408/2/3 376/2/3 407/2/3
f 409/2/3 378/2/3 377/2/3
f 409/1/3 377/1/3 408/1/3
f 410/1/3 346/1/3 378/1/3
f 410/2/3 378/2/3 409/2/3
f 411/1/3 381/1/3 380/1/3
f 411/1/3 379/1/3 331/1/3
f 411/1/3 380/1/3 379/1/3
f 411/1/3 382/1/3 381/1/3
f 412/1/3 382/1/3 411/1/3
f 413/1/3 385/1/3 384/1/3
f 413/1/3 383/1/3 333/1/3
f 413/1/3 384/1/3 383/1/3
f 413/1/3 386/1/3 385/1/3
f 414/1/3 386/1/3 413/1/3
f 415/1/3 386/1/3 414/1/3
f 416/1/3 334/1/3 386/1/3
f 416/1/3 386/1/3 415/1/3
f 417/1/3 389/1/3 388/1/3
f 417/1/3 387/1/3 335/1/3
f 417/1/3 388/1/3 387/1/3
f 417/1/3 390/1/3 389/1/3
f 418/1/3 390/1/3 417/1/3
f 419/1/3 390/1/3 418/1/3
f 420/1/3 336/1/3 390/1/3
f 420/1/3 390/1/3 419/1/3
f 421/1/3 393/1/3 392/1/3
f 421/1/3 391/1/3 337/1/3
f 421/1/3 392/1/3 391/1/3
f 421/1/3 394/1/3 393/1/3
f 422/1/3 394/1/3 421/1/3
f 423/1/3 394/1/3 422/1/3
f 424/1/3 338/1/3 394/1/3
f 424/1/3 394/1/3 423/1/3
f 425/1/3 397/1/3 396/1/3
f 425/1/3 395/1/3 339/1/3
f 425/1/3 396/1/3 395/1/3
f 425/1/3 398/1/3 397/1/3
f 426/1/3 398/1/3 425/1/3
f 427/1/3 398/1/3 426/1/3
f 428/1/3 340/1/3 398/1/3
f 428/1/3 398/1/3 427/1/3
f 429/1/3 401/1/3 400/1/3
f 429/1/3 399/1/3 341/1/3
f 429/1/3 400/1/3 399/1/3
f 429/1/3 402/1/3 401/1/3
f 430/1/3 402/1/3 429/1/3
f 431/1/3 402/1/3 430/1/3
f 432/1/3 342/1/3 402/1/3
f 432/1/3 402/1/3 431/1/3
f 433/1/3 405/1/3 404/1/3
f 433/1/3 406/1/3 405/1/3
f 433/1/3 403/1/3 343/1/3
f 433/1/3 404/1/3 403/1/3
f 434/1/3 406/1/3 433/1/3
f 435/1/3 406/1/3 434/1/3
f 436/1/3 344/1/3 406/1/3
f 436/1/3 406/1/3 435/1/3
f 437/1/3 409/1/3 408/1/3
f 437/1/3 408/1/3 407/1/3
f 437/1/3 410/1/3 409/1/3
f 437/1/3 407/1/3 345/1/3
f 438/1/3 410/1/3 437/1/3
f 439/1/3 410/1/3 438/1/3
f 440/1/3 346/1/3 410/1/3
f 440/1/3 410/1/3 439/1/3
f 441/2/3 412/2/3 411/2/3
f 441/1/3 411/1/3 331/1/3
f 442/1/3 382/1/3 412/1/3
f 442/2/3 412/2/3 441/2/3
f 443/2/3 414/2/3 413/2/3
f 443/1/3 413/1/3 333/1/3
f 444/1/3 415/1/3 414/1/3
f 444/2/3 414/2/3 443/2/3
f 445/2/3 416/2/3 415/2/3
f 445/1/3 415/1/3 444/1/3
f 446/1/3 334/1/3 416/1/3
f 446/2/3 416/2/3 445/2/3
f 447/2/3 418/2/3 417/2/3
f 447/1/3 417/1/3 335/1/3
f 448/1/3 419/1/3 418/1/3
f 448/2/3 418/2/3 447/2/3
f 449/2/3 420/2/3 419/2/3
f 449/1/3 419/1/3 448/1/3
f 450/1/3 336/1/3 420/1/3
f 450/2/3 420/2/3 449/2/3
f 451/2/3 422/2/3 421/2/3
f 451/1/3 421/1/3 337/1/3
f 452/1/3 423/1/3 422/1/3
f 452/2/3 422/2/3 451/2/3
f 453/2/3 424/2/3 423/2/3
f 453/1/3 423/1/3 452/1/3
f 454/1/3 338/1/3 424/1/3
f 454/2/3 424/2/3 453/2/3
f 455/2/3 426/2/3 425/2/3
f 455/1/3 425/1/3 339/1/3
f 456/1/3 427/1/3 426/1/3
f 456/2/3 426/2/3 455/2/3
f 457/2/3 428/2/3 427/2/3
f 457/1/3 427/1/3 456/1/3
f 458/1/3 340/1/3 428/1/3
f 458/2/3 428/2/3 457/2/3
f 459/2/3 430/2/3 429/2/3
f 459/1/3 429/1/3 341/1/3
f 460/1/3 431/1/3 430/1/3
f 460/2/3 430/2/3 459/2/3
f 461/2/3 432/2/3 431/2/3
f 461/1/3 431/1/3 460/1/3
f 462/1/3 342/1/3 432/1/3
f 462/2/3 432/2/3 461/2/3
f 463/2/3 434/2/3 433/2/3
f 463/1/3 433/1/3 343/1/3
f 464/1/3 435/1/3 434/1/3
f 464/2/3 434/2/3 463/2/3
f 465/2/3 436/2/3 435/2/3
f 465/1/3 435/1/3 464/1/3
f 466/1/3 344/1/3 436/1/3
f 466/2/3 436/2/3 465/2/3
f 467/1/3 437/1/3 345/1/3
f 467/2/3 438/2/3 437/2/3
f 468/1/3 439/1/3 438/1/3
f 468/2/3 438/2/3 467/2/3
f 469/2/3 440/2/3 439/2/3
f 469/1/3 439/1/3 468/1/3
f 470/1/3 346/1/3 440/1/3
f 470/2/3 440/2/3 469/2/3
f 471/3/3 331/3/3 329/3/3
f 471/1/3 441/1/3 331/1/3
f 471/1/3 442/1/3 441/1/3
f 472/3/3 333/3/3 332/3/3
f 472/1/3 442/1/3 471/1/3
f 472/1/3 332/1/3 382/1/3
f 472/1/3 382/1/3 442/1/3
f 473/1/3 445/1/3 444/1/3
f 473/3/3 333/3/3 472/3/3
f 473/1/3 443/1/3 333/1/3
f 473/1/3 444/1/3 443/1/3
f 473/1/3 446/1/3 445/1/3
f 474/3/3 335/3/3 334/3/3
f 474/1/3 446/1/3 473/1/3
f 474/1/3 334/1/3 446/1/3
f 475/1/3 449/1/3 448/1/3
f 475/3/3 335/3/3 474/3/3
f 475/1/3 447/1/3 335/1/3
f 475/1/3 448/1/3 447/1/3
f 475/1/3 450/1/3 449/1/3
f 476/3/3 337/3/3 336/3/3
f 476/1/3 450/1/3 475/1/3
f 476/1/3 336/1/3 450/1/3
f 477/1/3 453/1/3 452/1/3
f 477/3/3 337/3/3 476/3/3
f 477/1/3 454/1/3 453/1/3
f 477/1/3 452/1/3 451/1/3
f 477/1/3 451/1/3 337/1/3
f 478/3/3 339/3/3 338/3/3
f 478/1/3 454/1/3 477/1/3
f 478/1/3 338/1/3 454/1/3
f 479/1/3 457/1/3 456/1/3
f 479/3/3 339/3/3 478/3/3
f 479/1/3 458/1/3 457/1/3
f 479/1/3 455/1/3 339/1/3
f 479/1/3 456/1/3 455/1/3
f 480/3/3 341/3/3 340/3/3
f 480/1/3 458/1/3 479/1/3
f 480/1/3 340/1/3 458/1/3
f 481/1/3 461/1/3 460/1/3
f 481/3/3 341/3/3 480/3/3
f 481/1/3 462/1/3 461/1/3
f 481/1/3 459/1/3 341/1/3
f 481/1/3 460/1/3 459/1/3
f 482/3/3 343/3/3 342/3/3
f 482/1/3 462/1/3 481/1/3
f 482/1/3 342/1/3 462/1/3
f 483/1/3 465/1/3 464/1/3
f 483/3/3 343/3/3 482/3/3
f 483/1/3 464/1/3 463/1/3
f 483/1/3 463/1/3 343/1/3
f 483/1/3 466/1/3 465/1/3
f 484/3/3 345/3/3 344/3/3
f 484/1/3 466/1/3 483/1/3
f 484/1/3 344/1/3 466/1/3
f 485/1/3 467/1/3 345/1/3
f 485/3/3 345/3/3 484/3/3
f 485/1/3 470/1/3 469/1/3
f 485/1/3 468/1/3 467/1/3
f 485/1/3 469/1/3 468/1/3
f 486/1/3 346/1/3 470/1/3
f 486/1/3 470/1/3 485/1/3
f 486/3/3 330/3/3 346/3/3
f 487/3/3 485/3/3 484/3/3
f 487/3/3 480/3/3 479/3/3
f 487/3/3 486/3/3 485/3/3
f 487/3/3 483/3/3 482/3/3
f 487/3/3 478/3/3 477/3/3
f 487/3/3 481/3/3 480/3/3
f 487/3/3 476/3/3 475/3/3
f 487/3/3 479/3/3 478/3/3
f 487/3/3 474/3/3 473/3/3
f 487/3/3 477/3/3 476/3/3
f 487/3/3 472/3/3 471/3/3
f 487/3/3 475/3/3 474/3/3
f 487/3/3 482/3/3 481/3/3
f 487/3/3 473/3/3 472/3/3
f 487/3/3 484/3/3 483/3/3
f 487/3/3 471/3/3 329/3/3
f 488/3/3 486/3/3 487/3/3
f 489/3/3 486/3/3 488/3/3
f 490/3/3 486/3/3 489/3/3
f 491/3/3 486/3/3 490/3/3
f 492/3/3 486/3/3 491/3/3
f 493/3/3 486/3/3 492/3/3
f 494/3/3 486/3/3 493/3/3
f 495/3/3 486/3/3 494/3/3
f 496/3/3 486/3/3 495/3/3
f 497/3/3 486/3/3 496/3/3
f 498/3/3 486/3/3 497/3/3
f 499/3/3 486/3/3 498/3/3
f 500/3/3 486/3/3 499/3/3
f 501/3/3 486/3/3 500/3/3
f 502/3/3 330/3/3 486/3/3
f 502/3/3 486/3/3 501/3/3
f 503/1/3 488/1/3 487/1/3
f 504/1/3 488/1/3 503/1/3
f 505/1/3 488/1/3 504/1/3
f 506/1/3 488/1/3 505/1/3
f 507/1/3 490/1/3 489/1/3
f 508/1/3 490/1/3 507/1/3
f 509/1/3 490/1/3 508/1/3
f 510/1/3 490/1/3 509/1/3
f 511/1/3 492/1/3 491/1/3
f 512/1/3 492/1/3 511/1/3
f 513/1/3 492/1/3 512/1/3
f 514/1/3 492/1/3 513/1/3
f 515/1/3 494/1/3 493/1/3
f 516/1/3 494/1/3 515/1/3
f 517/1/3 494/1/3 516/1/3
f 518/1/3 494/1/3 517/1/3
f 519/1/3 496/1/3 495/1/3
f 520/1/3 496/1/3 519/1/3
f 521/1/3 496/1/3 520/1/3
f 522/1/3 496/1/3 521/1/3
f 523/1/3 498/1/3 497/1/3
f 524/1/3 498/1/3 523/1/3
f 525/1/3 498/1/3 524/1/3
f 526/1/3 498/1/3 525/1/3
f 527/1/3 500/1/3 499/1/3
f 528/1/3 500/1/3 527/1/3
f 529/1/3 500/1/3 528/1/3
f 530/1/3 500/1/3 529/1/3
f 531/1/3 502/1/3 501/1/3
f 532/1/3 502/1/3 531/1/3
f 533/1/3 502/1/3 532/1/3
f 534/1/3 502/1/3 533/1/3
f 535/1/3 503/1/3 487/1/3
f 535/2/3 504/2/3 503/2/3
f 536/1/3 505/1/3 504/1/3
f 536/2/3 504/2/3 535/2/3
f 537/2/3 506/2/3 505/2/3
f 537/1/3 505/1/3 536/1/3
f 538/1/3 488/1/3 506/1/3
f 538/2/3 506/2/3 537/2/3
f 539/1/3 507/1/3 489/1/3
f 539/2/3 508/2/3 507/2/3
f 540/1/3 509/1/3 508/1/3
f 540/2/3 508/2/3 539/2/3
f 541/2/3 510/2/3 509/2/3
f 541/1/3 509/1/3 540/1/3
f 542/1/3 490/1/3 510/1/3
f 542/2/3 510/2/3 541/2/3
f 543/1/3 511/1/3 491/1/3
f 543/2/3 512/2/3 511/2/3
f 544/1/3 513/1/3 512/1/3
f 544/2/3 512/2/3 543/2/3
f 545/2/3 514/2/3 513/2/3
f 545/1/3 513/1/3 544/1/3
f 546/1/3 492/1/3 514/1/3
f 546/2/3 514/2/3 545/2/3
f 547/1/3 515/1/3 493/1/3
f 547/2/3 516/2/3 515/2/3
f 548/1/3 517/1/3 516/1/3
f 548/2/3 516/2/3 547/2/3
f 549/2/3 518/2/3 517/2/3
f 549/1/3 517/1/3 548/1/3
f 550/1/3 494/1/3 518/1/3
f 550/2/3 518/2/3 549/2/3
f 551/1/3 519/1/3 495/1/3
f 551/2/3 520/2/3 519/2/3
f 552/1/3 521/1/3 520/1/3
f 552/2/3 520/2/3 551/2/3
f 553/2/3 522/2/3 521/2/3
f 553/1/3 521/1/3 552/1/3
f 554/1/3 496/1/3 522/1/3
f 554/2/3 522/2/3 553/2/3
f 555/1/3 523/1/3 497/1/3
f 555/2/3 524/2/3 523/2/3
f 556/1/3 525/1/3 524/1/3
f 556/2/3 524/2/3 555/2/3
f 557/2/3 526/2/3 525/2/3
f 557/1/3 525/1/3 556/1/3
f 558/1/3 498/1/3 526/1/3
f 558/2/3 526/2/3 557/2/3
f 559/1/3 527/1/3 499/1/3
f 559/2/3 528/2/3 527/2/3
f 560/1/3 529/1/3 528/1/3
f 560/2/3 528/2/3 559/2/3
f 561/2/3 530/2/3 529/2/3
f 561/1/3 529/1/3 560/1/3
f 562/1/3 500/1/3 530/1/3
f 562/2/3 530/2/3 561/2/3
f 563/1/3 531/1/3 501/1/3
f 563/2/3 532/2/3 531/2/3
f 564/1/3 533/1/3 532/1/3
f 564/2/3 532/2/3 563/2/3
f 565/2/3 534/2/3 533/2/3
f 565/1/3 533/1/3 564/1/3
f 566/1/3 502/1/3 534/1/3
f 566/2/3 534/2/3 565/2/3
f 567/1/3 537/1/3 536/1/3
f 567/1/3 535/1/3 487/1/3
f 567/1/3 536/1/3 535/1/3
f 567/1/3 538/1/3 537/1/3
f 568/1/3 538/1/3 567/1/3
f 569/1/3 538/1/3 568/1/3
f 570/1/3 488/1/3 538/1/3
f 570/1/3 538/1/3 569/1/3
f 571/1/3 541/1/3 540/1/3
f 571/1/3 540/1/3 539/1/3
f 571/1/3 542/1/3 541/1/3
f 572/1/3 490/1/3 542/1/3
f 572/1/3 542/1/3 571/1/3
f 573/1/3 545/1/3 544/1/3
f 573/1/3 543/1/3 491/1/3
f 573/1/3 544/1/3 543/1/3
f 573/1/3 546/1/3 545/1/3
f 574/1/3 546/1/3 573/1/3
f 575/1/3 546/1/3 574/1/3
f 576/1/3 492/1/3 546/1/3
f 576/1/3 546/1/3 575/1/3
f 577/1/3 549/1/3 548/1/3
f 577/1/3 547/1/3 493/1/3
f 577/1/3 548/1/3 547/1/3
f 577/1/3 550/1/3 549/1/3
f 578/1/3 550/1/3 577/1/3
f 579/1/3 550/1/3 578/1/3
f 580/1/3 494/1/3 550/1/3
f 580/1/3 550/1/3 579/1/3
f 581/1/3 553/1/3 552/1/3
f 581/1/3 551/1/3 495/1/3
f 581/1/3 552/1/3 551/1/3
f 581/1/3 554/1/3 553/1/3
f 582/1/3 554/1/3 581/1/3
f 583/1/3 554/1/3 582/1/3
f 584/1/3 496/1/3 554/1/3
f 584/1/3 554/1/3 583/1/3
f 585/1/3 557/1/3 556/1/3
f 585/1/3 555/1/3 497/1/3
f 585/1/3 556/1/3 555/1/3
f 585/1/3 558/1/3 557/1/3
f 586/1/3 558/1/3 585/1/3
f 587/1/3 558/1/3 586/1/3
f 588/1/3 498/1/3 558/1/3
f 588/1/3 558/1/3 587/1/3
f 589/1/3 561/1/3 560/1/3
f 589/1/3 562/1/3 561/1/3
f 589/1/3 559/1/3 499/1/3
f 589/1/3 560/1/3 559/1/3
f 590/1/3 562/1/3 589/1/3
f 591/1/3 565/1/3 564/1/3
f 591/1/3 564/1/3 563/1/3
f 591/1/3 566/1/3 565/1/3
f 591/1/3 563/1/3 501/1/3
f 592/1/3 566/1/3 591/1/3
f 593/1/3 566/1/3 592/1/3
f 594/1/3 502/1/3 566/1/3
f 594/1/3 566/1/3 593/1/3
f 595/2/3 568/2/3 567/2/3
f 595/1/3 567/1/3 487/1/3
f 596/1/3 569/1/3 568/1/3
f 596/2/3 568/2/3 595/2/3
f 597/2/3 570/2/3 569/2/3
f 597/1/3 569/1/3 596/1/3
f 598/1/3 488/1/3 570/1/3
f 598/2/3 570/2/3 597/2/3
f 599/1/3 571/1/3 539/1/3
f 599/2/3 572/2/3 571/2/3
f 600/1/3 490/1/3 572/1/3
f 600/2/3 572/2/3 599/2/3
f 601/2/3 574/2/3 573/2/3
f 601/1/3 573/1/3 491/1/3
f 602/1/3 575/1/3 574/1/3
f 602/2/3 574/2/3 601/2/3
f 603/2/3 576/2/3 575/2/3
f 603/1/3 575/1/3 602/1/3
f 604/1/3 492/1/3 576/1/3
f 604/2/3 576/2/3 603/2/3
f 605/2/3 578/2/3 577/2/3
f 605/1/3 577/1/3 493/1/3
f 606/1/3 579/1/3 578/1/3
f 606/2/3 578/2/3 605/2/3
f 607/2/3 580/2/3 579/2/3
f 607/1/3 579/1/3 606/1/3
f 608/1/3 494/1/3 580/1/3
f 608/2/3 580/2/3 607/2/3
f 609/2/3 582/2/3 581/2/3
f 609/1/3 581/1/3 495/1/3
f 610/1/3 583/1/3 582/1/3
f 610/2/3 582/2/3 609/2/3
f 611/2/3 584/2/3 583/2/3
f 611/1/3 583/1/3 610/1/3
f 612/1/3 496/1/3 584/1/3
f 612/2/3 584/2/3 611/2/3
f 613/1/3 585/1/3 497/1/3
f 613/2/3 586/2/3 585/2/3
f 614/1/3 587/1/3 586/1/3
f 614/2/3 586/2/3 613/2/3
f 615/2/3 588/2/3 587/2/3
f 615/1/3 587/1/3 614/1/3
f 616/1/3 498/1/3 588/1/3
f 616/2/3 588/2/3 615/2/3
f 617/2/3 590/2/3 589/2/3
f 617/1/3 589/1/3 499/1/3
f 618/1/3 562/1/3 590/1/3
f 618/2/3 590/2/3 617/2/3
f 619/1/3 591/1/3 501/1/3
f 619/2/3 592/2/3 591/2/3
f 620/1/3 593/1/3 592/1/3
f 620/2/3 592/2/3 619/2/3
f 621/2/3 594/2/3 593/2/3
f 621/1/3 593/1/3 620/1/3
f 622/1/3 502/1/3 594/1/3
f 622/2/3 594/2/3 621/2/3
f 623/3/3 487/3/3 329/3/3
f 623/1/3 597/1/3 596/1/3
f 623/1/3 595/1/3 487/1/3
f 623/1/3 596/1/3 595/1/3
f 623/1/3 598/1/3 597/1/3
f 624/3/3 489/3/3 488/3/3
f 624/1/3 598/1/3 623/1/3
f 624/1/3 488/1/3 598/1/3
f 625/1/3 599/1/3 539/1/3
f 625/3/3 489/3/3 624/3/3
f 625/1/3 539/1/3 489/1/3
f 625/1/3 600/1/3 599/1/3
f 626/3/3 491/3/3 490/3/3
f 626/1/3 600/1/3 625/1/3
f 626/1/3 490/1/3 600/1/3
f 627/1/3 603/1/3 602/1/3
f 627/3/3 491/3/3 626/3/3
f 627/1/3 601/1/3 491/1/3
f 627/1/3 604/1/3 603/1/3
f 627/1/3 602/1/3 601/1/3
f 628/3/3 493/3/3 492/3/3
f 628/1/3 604/1/3 627/1/3
f 628/1/3 492/1/3 604/1/3
f 629/1/3 607/1/3 606/1/3
f 629/3/3 493/3/3 628/3/3
f 629/1/3 608/1/3 607/1/3
f 629/1/3 606/1/3 605/1/3
f 629/1/3 605/1/3 493/1/3
f 630/3/3 495/3/3 494/3/3
f 630/1/3 608/1/3 629/1/3
f 630/1/3 494/1/3 608/1/3
f 631/1/3 611/1/3 610/1/3
f 631/3/3 495/3/3 630/3/3
f 631/1/3 610/1/3 609/1/3
f 631/1/3 612/1/3 611/1/3
f 631/1/3 609/1/3 495/1/3
f 632/3/3 497/3/3 496/3/3
f 632/1/3 612/1/3 631/1/3
f 632/1/3 496/1/3 612/1/3
f 633/1/3 615/1/3 614/1/3
f 633/3/3 497/3/3 632/3/3
f 633/1/3 616/1/3 615/1/3
f 633/1/3 614/1/3 613/1/3
f 633/1/3 613/1/3 497/1/3
f 634/3/3 499/3/3 498/3/3
f 634/1/3 616/1/3 633/1/3
f 634/1/3 498/1/3 616/1/3
f 635/1/3 617/1/3 499/1/3
f 635/3/3 499/3/3 634/3/3
f 635/1/3 618/1/3 617/1/3
f 636/3/3 501/3/3 500/3/3
f 636/1/3 618/1/3 635/1/3
f 636/1/3 562/1/3 618/1/3
f 636/1/3 500/1/3 562/1/3
f 637/1/3 619/1/3 501/1/3
f 637/3/3 501/3/3 636/3/3
f 637/1/3 622/1/3 621/1/3
f 637/1/3 621/1/3 620/1/3
f 637/1/3 620/1/3 619/1/3
f 638/1/3 502/1/3 622/1/3
f 638/1/3 622/1/3 637/1/3
f 638/3/3 330/3/3 502/3/3
f 639/3/3 635/3/3 634/3/3
f 639/3/3 637/3/3 636/3/3
f 639/3/3 638/3/3 637/3/3
f 639/3/3 630/3/3 629/3/3
f 639/3/3 633/3/3 632/3/3
f 639/3/3 628/3/3 627/3/3
f 639/3/3 631/3/3 630/3/3
f 639/3/3 626/3/3 625/3/3
f 639/3/3 629/3/3 628/3/3
f 639/3/3 624/3/3 623/3/3
f 639/3/3 627/3/3 626/3/3
f 639/3/3 634/3/3 633/3/3
f 639/3/3 625/3/3 624/3/3
f 639/3/3 636/3/3 635/3/3
f 639/3/3 623/3/3 329/3/3
f 639/3/3 632/3/3 631/3/3
f 640/3/3 638/3/3 639/3/3
f 641/3/3 638/3/3 640/3/3
f 642/3/3 638/3/3 641/3/3
f 643/3/3 638/3/3 642/3/3
f 644/3/3 638/3/3 643/3/3
f 645/3/3 638/3/3 644/3/3
f 646/3/3 638/3/3 645/3/3
f 647/3/3 638/3/3 646/3/3
f 648/3/3 638/3/3 647/3/3
f 649/3/3 638/3/3 648/3/3
f 650/3/3 638/3/3 649/3/3
f 651/3/3 638/3/3 650/3/3
f 652/3/3 638/3/3 651/3/3
f 653/3/3 638/3/3 652/3/3
f 654/3/3 330/3/3 638/3/3
f 654/3/3 638/3/3 653/3/3
f 655/1/3 640/1/3 639/1/3
f 656/1/3 640/1/3 655/1/3
f 657/1/3 640/1/3 656/1/3
f 658/1/3 640/1/3 657/1/3
f 659/1/3 642/1/3 641/1/3
f 660/1/3 642/1/3 659/1/3
f 661/1/3 642/1/3 660/1/3
f 662/1/3 642/1/3 661/1/3
f 663/1/3 644/1/3 643/1/3
f 664/1/3 644/1/3 663/1/3
f 665/1/3 644/1/3 664/1/3
f 666/1/3 644/1/3 665/1/3
f 667/1/3 646/1/3 645/1/3
f 668/1/3 646/1/3 667/1/3
f 669/1/3 646/1/3 668/1/3
f 670/1/3 646/1/3 669/1/3
f 671/1/3 648/1/3 647/1/3
f 672/1/3 648/1/3 671/1/3
f 673/1/3 648/1/3 672/1/3
f 674/1/3 648/1/3 673/1/3
f 675/1/3 650/1/3 649/1/3
f 676/1/3 650/1/3 675/1/3
f 677/1/3 650/1/3 676/1/3
f 678/1/3 650/1/3 677/1/3
f 679/1/3 652/1/3 651/1/3
f 680/1/3 652/1/3 679/1/3
f 681/1/3 652/1/3 680/1/3
f 682/1/3 652/1/3 681/1/3
f 683/1/3 654/1/3 653/1/3
f 684/1/3 654/1/3 683/1/3
f 685/1/3 654/1/3 684/1/3
f 686/1/3 654/1/3 685/1/3
f 687/1/3 655/1/3 639/1/3
f 687/2/3 656/2/3 655/2/3
f 688/1/3 657/1/3 656/1/3
f 688/2/3 656/2/3 687/2/3
f 689/2/3 658/2/3 657/2/3
f 689/1/3 657/1/3 688/1/3
f 690/1/3 640/1/3 658/1/3
f 690/2/3 658/2/3 689/2/3
f 691/1/3 659/1/3 641/1/3
f 691/2/3 660/2/3 659/2/3
f 692/1/3 661/1/3 660/1/3
f 692/2/3 660/2/3 691/2/3
f 693/2/3 662/2/3 661/2/3
f 693/1/3 661/1/3 692/1/3
f 694/1/3 642/1/3 662/1/3
f 694/2/3 662/2/3 693/2/3
f 695/1/3 663/1/3 643/1/3
f 695/2/3 664/2/3 663/2/3
f 696/1/3 665/1/3 664/1/3
f 696/2/3 664/2/3 695/2/3
f 697/2/3 666/2/3 665/2/3
f 697/1/3 665/1/3 696/1/3
f 698/1/3 644/1/3 666/1/3
f 698/2/3 666/2/3 697/2/3
f 699/1/3 667/1/3 645/1/3
f 699/2/3 668/2/3 667/2/3
f 700/1/3 669/1/3 668/1/3
f 700/2/3 668/2/3 699/2/3
f 701/2/3 670/2/3 669/2/3
f 701/1/3 669/1/3 700/1/3
f 702/1/3 646/1/3 670/1/3
f 702/2/3 670/2/3 701/2/3
f 703/1/3 671/1/3 647/1/3
f 703/2/3 672/2/3 671/2/3
f 704/1/3 673/1/3 672/1/3
f 704/2/3 672/2/3 703/2/3
f 705/2/3 674/2/3 673/2/3
f 705/1/3 673/1/3 704/1/3
f 706/1/3 648/1/3 674/1/3
f 706/2/3 674/2/3 705/2/3
f 707/1/3 675/1/3 649/1/3
f 707/2/3 676/2/3 675/2/3
f 708/1/3 677/1/3 676/1/3
f 708/2/3 676/2/3 707/2/3
f 709/2/3 678/2/3 677/2/3
f 709/1/3 677/1/3 708/1/3
f 710/1/3 650/1/3 678/1/3
f 710/2/3 678/2/3 709/2/3
f 711/1/3 679/1/3 651/1/3
f 711/2/3 680/2/3 679/2/3
f 712/1/3 681/1/3 680/1/3
f 712/2/3 680/2/3 711/2/3
f 713/2/3 682/2/3 681/2/3
f 713/1/3 681/1/3 712/1/3
f 714/1/3 652/1/3 682/1/3
f 714/2/3 682/2/3 713/2/3
f 715/1/3 683/1/3 653/1/3
f 715/2/3 684/2/3 683/2/3
f 716/1/3 685/1/3 684/1/3
f 716/2/3 684/2/3 715/2/3
f 717/2/3 686/2/3 685/2/3
f 717/1/3 685/1/3 716/1/3
f 718/1/3 654/1/3 686/1/3
f 718/2/3 686/2/3 717/2/3
f 719/1/3 689/1/3 688/1/3
f 719/1/3 687/1/3 639/1/3
f 719/1/3 688/1/3 687/1/3
f 719/1/3 690/1/3 689/1/3
f 720/1/3 690/1/3 719/1/3
f 721/1/3 690/1/3 720/1/3
f 722/1/3 640/1/3 690/1/3
f 722/1/3 690/1/3 721/1/3
f 723/1/3 693/1/3 692/1/3
f 723/1/3 691/1/3 641/1/3
f 723/1/3 692/1/3 691/1/3
f 723/1/3 694/1/3 693/1/3
f 724/1/3 694/1/3 723/1/3
f 725/1/3 694/1/3 724/1/3
f 726/1/3 642/1/3 694/1/3
f 726/1/3 694/1/3 725/1/3
f 727/1/3 697/1/3 696/1/3
f 727/1/3 695/1/3 643/1/3
f 727/1/3 696/1/3 695/1/3
f 727/1/3 698/1/3 697/1/3
f 728/1/3 698/1/3 727/1/3
f 729/1/3 698/1/3 728/1/3
f 730/1/3 644/1/3 698/1/3
f 730/1/3 698/1/3 729/1/3
f 731/1/3 701/1/3 700/1/3
f 731/1/3 699/1/3 645/1/3
f 731/1/3 700/1/3 699/1/3
f 731/1/3 702/1/3 701/1/3
f 732/1/3 702/1/3 731/1/3
f 733/1/3 702/1/3 732/1/3
f 734/1/3 646/1/3 702/1/3
f 734/1/3 702/1/3 733/1/3
f 735/1/3 705/1/3 704/1/3
f 735/1/3 703/1/3 647/1/3
f 735/1/3 704/1/3 703/1/3
f 735/1/3 706/1/3 705/1/3
f 736/1/3 706/1/3 735/1/3
f 737/1/3 706/1/3 736/1/3
f 738/1/3 648/1/3 706/1/3
f 738/1/3 706/1/3 737/1/3
f 739/1/3 709/1/3 708/1/3
f 739/1/3 707/1/3 649/1/3
f 739/1/3 708/1/3 707/1/3
f 739/1/3 710/1/3 709/1/3
f 740/1/3 710/1/3 739/1/3
f 741/1/3 710/1/3 740/1/3
f 742/1/3 650/1/3 710/1/3
f 742/1/3 710/1/3 741/1/3
f 743/1/3 713/1/3 712/1/3
f 743/1/3 714/1/3 713/1/3
f 743/1/3 711/1/3 651/1/3
f 743/1/3 712/1/3 711/1/3
f 744/1/3 714/1/3 743/1/3
f 745/1/3 714/1/3 744/1/3
f 746/1/3 652/1/3 714/1/3
f 746/1/3 714/1/3 745/1/3
f 747/1/3 717/1/3 716/1/3
f 747/1/3 716/1/3 715/1/3
f 747/1/3 718/1/3 717/1/3
f 747/1/3 715/1/3 653/1/3
f 748/1/3 718/1/3 747/1/3
f 749/1/3 718/1/3 748/1/3
f 750/1/3 654/1/3 718/1/3
f 750/1/3 718/1/3 749/1/3
f 751/2/3 720/2/3 719/2/3
f 751/1/3 719/1/3 639/1/3
f 752/1/3 721/1/3 720/1/3
f 752/2/3 720/2/3 751/2/3
f 753/2/3 722/2/3 721/2/3
f 753/1/3 721/1/3 752/1/3
f 754/1/3 640/1/3 722/1/3
f 754/2/3 722/2/3 753/2/3
f 755/2/3 724/2/3 723/2/3
f 755/1/3 723/1/3 641/1/3
f 756/1/3 725/1/3 724/1/3
f 756/2/3 724/2/3 755/2/3
f 757/2/3 726/2/3 725/2/3
f 757/1/3 725/1/3 756/1/3
f 758/1/3 642/1/3 726/1/3
f 758/2/3 726/2/3 757/2/3
f 759/2/3 728/2/3 727/2/3
f 759/1/3 727/1/3 643/1/3
f 760/1/3 729/1/3 728/1/3
f 760/2/3 728/2/3 759/2/3
f 761/2/3 730/2/3 729/2/3
f 761/1/3 729/1/3 760/1/3
f 762/1/3 644/1/3 730/1/3
f 762/2/3 730/2/3 761/2/3
f 763/2/3 732/2/3 731/2/3
f 763/1/3 731/1/3 645/1/3
f 764/1/3 733/1/3 732/1/3
f 764/2/3 732/2/3 763/2/3
f 765/2/3 734/2/3 733/2/3
f 765/1/3 733/1/3 764/1/3
f 766/1/3 646/1/3 734/1/3
f 766/2/3 734/2/3 765/2/3
f 767/2/3 736/2/3 735/2/3
f 767/1/3 735/1/3 647/1/3
f 768/1/3 737/1/3 736/1/3
f 768/2/3 736/2/3 767/2/3
f 769/2/3 738/2/3 737/2/3
f 769/1/3 737/1/3 768/1/3
f 770/1/3 648/1/3 738/1/3
f 770/2/3 738/2/3 769/2/3
f 771/2/3 740/2/3 739/2/3
f 771/1/3 739/1/3 649/1/3
f 772/1/3 741/1/3 740/1/3
f 772/2/3 740/2/3 771/2/3
f 773/2/3 742/2/3 741/2/3
f 773/1/3 741/1/3 772/1/3
f 774/1/3 650/1/3 742/1/3
f 774/2/3 742/2/3 773/2/3
f 775/2/3 744/2/3 743/2/3
f 775/1/3 743/1/3 651/1/3
f 776/1/3 745/1/3 744/1/3
f 776/2/3 744/2/3 775/2/3
f 777/2/3 746/2/3 745/2/3
f 777/1/3 745/1/3 776/1/3
f 778/1/3 652/1/3 746/1/3
f 778/2/3 746/2/3 777/2/3
f 779/1/3 747/1/3 653/1/3
f 779/2/3 748/2/3 747/2/3
f 780/1/3 749/1/3 748/1/3
f 780/2/3 748/2/3 779/2/3
f 781/2/3 750/2/3 749/2/3
f 781/1/3 749/1/3 780/1/3
f 782/1/3 654/1/3 750/1/3
f 782/2/3 750/2/3 781/2/3
f 783/3/3 639/3/3 329/3/3
f 783/1/3 753/1/3 752/1/3
f 783/1/3 751/1/3 639/1/3
f 783/1/3 752/1/3 751/1/3
f 783/1/3 754/1/3 753/1/3
f 784/3/3 641/3/3 640/3/3
f 784/1/3 754/1/3 783/1/3
f 784/1/3 640/1/3 754/1/3
f 785/1/3 757/1/3 756/1/3
f 785/3/3 641/3/3 784/3/3
f 785/1/3 755/1/3 641/1/3
f 785/1/3 756/1/3 755/1/3
f 785/1/3 758/1/3 757/1/3
f 786/3/3 643/3/3 642/3/3
f 786/1/3 758/1/3 785/1/3
f 786/1/3 642/1/3 758/1/3
f 787/1/3 761/1/3 760/1/3
f 787/3/3 643/3/3 786/3/3
f 787/1/3 759/1/3 643/1/3
f 787/1/3 760/1/3 759/1/3
f 787/1/3 762/1/3 761/1/3
f 788/3/3 645/3/3 644/3/3
f 788/1/3 762/1/3 787/1/3
f 788/1/3 644/1/3 762/1/3
f 789/1/3 765/1/3 764/1/3
f 789/3/3 645/3/3 788/3/3
f 789/1/3 766/1/3 765/1/3
f 789/1/3 764/1/3 763/1/3
f 789/1/3 763/1/3 645/1/3
f 790/3/3 647/3/3 646/3/3
f 790/1/3 766/1/3 789/1/3
f 790/1/3 646/1/3 766/1/3
f 791/1/3 769/1/3 768/1/3
f 791/3/3 647/3/3 790/3/3
f 791/1/3 770/1/3 769/1/3
f 791/1/3 767/1/3 647/1/3
f 791/1/3 768/1/3 767/1/3
f 792/3/3 649/3/3 648/3/3
f 792/1/3 770/1/3 791/1/3
f 792/1/3 648/1/3 770/1/3
f 793/1/3 773/1/3 772/1/3
f 793/3/3 649/3/3 792/3/3
f 793/1/3 774/1/3 773/1/3
f 793/1/3 771/1/3 649/1/3
f 793/1/3 772/1/3 771/1/3
f 794/3/3 651/3/3 650/3/3
f 794/1/3 774/1/3 793/1/3
f 794/1/3 650/1/3 774/1/3
f 795/1/3 777/1/3 776/1/3
f 795/3/3 651/3/3 794/3/3
f 795/1/3 776/1/3 775/1/3
f 795/1/3 778/1/3 777/1/3
f 795/1/3 775/1/3 651/1/3
f 796/3/3 653/3/3 652/3/3
f 796/1/3 778/1/3 795/1/3
f 796/1/3 652/1/3 778/1/3
f 797/1/3 779/1/3 653/1/3
f 797/3/3 653/3/3 796/3/3
f 797/1/3 782/1/3 781/1/3
f 797/1/3 781/1/3 780/1/3
f 797/1/3 780/1/3 779/1/3
f 798/1/3 654/1/3 782/1/3
f 798/1/3 782/1/3 797/1/3
f 798/3/3 330/3/3 654/3/3
f 799/3/3 795/3/3 794/3/3
f 799/3/3 797/3/3 796/3/3
f 799/3/3 798/3/3 797/3/3
f 799/3/3 790/3/3 789/3/3
f 799/3/3 793/3/3 792/3/3
f 799/3/3 788/3/3 787/3/3
f 799/3/3 791/3/3 790/3/3
f 799/3/3 786/3/3 785/3/3
f 799/3/3 789/3/3 788/3/3
f 799/3/3 784/3/3 783/3/3
f 799/3/3 787/3/3 786/3/3
f 799/3/3 794/3/3 793/3/3
f 799/3/3 785/3/3 784/3/3
f 799/3/3 796/3/3 795/3/3
f 799/3/3 783/3/3 329/3/3
f 799/3/3 792/3/3 791/3/3
f 800/3/3 798/3/3 799/3/3
f 801/3/3 798/3/3 800/3/3
f 802/3/3 798/3/3 801/3/3
f 803/3/3 798/3/3 802/3/3
f 804/3/3 798/3/3 803/3/3
f 805/3/3 798/3/3 804/3/3
f 806/3/3 798/3/3 805/3/3
f 807/3/3 798/3/3 806/3/3
f 808/3/3 798/3/3 807/3/3
f 809/3/3 798/3/3 808/3/3
f 810/3/3 798/3/3 809/3/3
f 811/3/3 798/3/3 810/3/3
f 812/3/3 798/3/3 811/3/3
f 813/3/3 798/3/3 812/3/3
f 814/3/3 330/3/3 798/3/3
f 814/3/3 798/3/3 813/3/3
f 815/1/3 800/1/3 799/1/3
f 816/1/3 800/1/3 815/1/3
f 817/1/3 800/1/3 816/1/3
f 818/1/3 800/1/3 817/1/3
f 819/1/3 802/1/3 801/1/3
f 820/1/3 802/1/3 819/1/3
f 821/1/3 802/1/3 820/1/3
f 822/1/3 802/1/3 821/1/3
f 823/1/3 804/1/3 803/1/3
f 824/1/3 804/1/3 823/1/3
f 825/1/3 804/1/3 824/1/3
f 826/1/3 804/1/3 825/1/3
f 827/1/3 806/1/3 805/1/3
f 828/1/3 806/1/3 827/1/3
f 829/1/3 806/1/3 828/1/3
f 830/1/3 806/1/3 829/1/3
f 831/1/3 808/1/3 807/1/3
f 832/1/3 808/1/3 831/1/3
f 833/1/3 808/1/3 832/1/3
f 834/1/3 808/1/3 833/1/3
f 835/1/3 810/1/3 809/1/3
f 836/1/3 810/1/3 835/1/3
f 837/1/3 810/1/3 836/1/3
f 838/1/3 810/1/3 837/1/3
f 839/1/3 812/1/3 811/1/3
f 840/1/3 812/1/3 839/1/3
f 841/1/3 812/1/3 840/1/3
f 842/1/3 812/1/3 841/1/3
f 843/1/3 814/1/3 813/1/3
f 844/1/3 814/1/3 843/1/3
f 845/1/3 814/1/3 844/1/3
f 846/1/3 814/1/3 845/1/3
f 847/1/3 815/1/3 799/1/3
f 847/2/3 816/2/3 815/2/3
f 848/1/3 817/1/3 816/1/3
f 848/2/3 816/2/3 847/2/3
f 849/2/3 818/2/3 817/2/3
f 849/1/3 817/1/3 848/1/3
f 850/1/3 800/1/3 818/1/3
f 850/2/3 818/2/3 849/2/3
f 851/1/3 819/1/3 801/1/3
f 851/2/3 820/2/3 819/2/3
f 852/1/3 821/1/3 820/1/3
f 852/2/3 820/2/3 851/2/3
f 853/2/3 822/2/3 821/2/3
f 853/1/3 821/1/3 852/1/3
f 854/1/3 802/1/3 822/1/3
f 854/2/3 822/2/3 853/2/3
f 855/1/3 823/1/3 803/1/3
f 855/2/3 824/2/3 823/2/3
f 856/1/3 825/1/3 824/1/3
f 856/2/3 824/2/3 855/2/3
f 857/2/3 826/2/3 825/2/3
f 857/1/3 825/1/3 856/1/3
f 858/1/3 804/1/3 826/1/3
f 858/2/3 826/2/3 857/2/3
f 859/1/3 827/1/3 805/1/3
f 859/2/3 828/2/3 827/2/3
f 860/1/3 829/1/3 828/1/3
f 860/2/3 828/2/3 859/2/3
f 861/2/3 830/2/3 829/2/3
f 861/1/3 829/1/3 860/1/3
f 862/1/3 806/1/3 830/1/3
f 862/2/3 830/2/3 861/2/3
f 863/1/3 831/1/3 807/1/3
f 863/2/3 832/2/3 831/2/3
f 864/1/3 833/1/3 832/1/3
f 864/2/3 832/2/3 863/2/3
f 865/2/3 834/2/3 833/2/3
f 865/1/3 833/1/3 864/1/3
f 866/1/3 808/1/3 834/1/3
f 866/2/3 834/2/3 865/2/3
f 867/1/3 835/1/3 809/1/3
f 867/2/3 836/2/3 835/2/3
f 868/1/3 837/1/3 836/1/3
f 868/2/3 836/2/3 867/2/3
f 869/2/3 838/2/3 837/2/3
f 869/1/3 837/1/3 868/1/3
f 870/1/3 810/1/3 838/1/3
f 870/2/3 838/2/3 869/2/3
f 871/1/3 839/1/3 811/1/3
f 871/2/3 840/2/3 839/2/3
f 872/1/3 841/1/3 840/1/3
f 872/2/3 840/2/3 871/2/3
f 873/2/3 842/2/3 841/2/3
f 873/1/3 841/1/3 872/1/3
f 874/1/3 812/1/3 842/1/3
f 874/2/3 842/2/3 873/2/3
f 875/1/3 843/1/3 813/1/3
f 875/2/3 844/2/3 843/2/3
f 876/1/3 845/1/3 844/1/3
f 876/2/3 844/2/3 875/2/3
f 877/2/3 846/2/3 845/2/3
f 877/1/3 845/1/3 876/1/3
f 878/1/3 814/1/3 846/1/3
f 878/2/3 846/2/3 877/2/3
f 879/1/3 849/1/3 848/1/3
f 879/1/3 847/1/3 799/1/3
f 879/1/3 848/1/3 847/1/3
f 879/1/3 850/1/3 849/1/3
f 880/1/3 850/1/3 879/1/3
f 881/1/3 850/1/3 880/1/3
f 882/1/3 800/1/3 850/1/3
f 882/1/3 850/1/3 881/1/3
f 883/1/3 853/1/3 852/1/3
f 883/1/3 851/1/3 801/1/3
f 883/1/3 852/1/3 851/1/3
f 883/1/3 854/1/3 853/1/3
f 884/1/3 854/1/3 883/1/3
f 885/1/3 854/1/3 884/1/3
f 886/1/3 802/1/3 854/1/3
f 886/1/3 854/1/3 885/1/3
f 887/1/3 857/1/3 856/1/3
f 887/1/3 855/1/3 803/1/3
f 887/1/3 856/1/3 855/1/3
f 887/1/3 858/1/3 857/1/3
f 888/1/3 858/1/3 887/1/3
f 889/1/3 858/1/3 888/1/3
f 890/1/3 804/1/3 858/1/3
f 890/1/3 858/1/3 889/1/3
f 891/1/3 861/1/3 860/1/3
f 891/1/3 859/1/3 805/1/3
f 891/1/3 860/1/3 859/1/3
f 891/1/3 862/1/3 861/1/3
f 892/1/3 862/1/3 891/1/3
f 893/1/3 862/1/3 892/1/3
f 894/1/3 806/1/3 862/1/3
f 894/1/3 862/1/3 893/1/3
f 895/1/3 865/1/3 864/1/3
f 895/1/3 863/1/3 807/1/3
f 895/1/3 864/1/3 863/1/3
f 895/1/3 866/1/3 865/1/3
f 896/1/3 866/1/3 895/1/3
f 897/1/3 866/1/3 896/1/3
f 898/1/3 808/1/3 866/1/3
f 898/1/3 866/1/3 897/1/3
f 899/1/3 869/1/3 868/1/3
f 899/1/3 867/1/3 809/1/3
f 899/1/3 868/1/3 867/1/3
f 899/1/3 870/1/3 869/1/3
f 900/1/3 870/1/3 899/1/3
f 901/1/3 870/1/3 900/1/3
f 902/1/3 810/1/3 870/1/3
f 902/1/3 870/1/3 901/1/3
f 903/1/3 873/1/3 872/1/3
f 903/1/3 874/1/3 873/1/3
f 903/1/3 871/1/3 811/1/3
f 903/1/3 872/1/3 871/1/3
f 904/1/3 874/1/3 903/1/3
f 905/1/3 874/1/3 904/1/3
f 906/1/3 812/1/3 874/1/3
f 906/1/3 874/1/3 905/1/3
f 907/1/3 877/1/3 876/1/3
f 907/1/3 876/1/3 875/1/3
f 907/1/3 878/1/3 877/1/3
f 907/1/3 875/1/3 813/1/3
f 908/1/3 878/1/3 907/1/3
f 909/1/3 878/1/3 908/1/3
f 910/1/3 814/1/3 878/1/3
f 910/1/3 878/1/3 909/1/3
f 911/2/3 880/2/3 879/2/3
f 911/1/3 879/1/3 799/1/3
f 912/1/3 881/1/3 880/1/3
f 912/2/3 880/2/3 911/2/3
f 913/2/3 882/2/3 881/2/3
f 913/1/3 881/1/3 912/1/3
f 914/1/3 800/1/3 882/1/3
f 914/2/3 882/2/3 913/2/3
f 915/2/3 884/2/3 883/2/3
f 915/1/3 883/1/3 801/1/3
f 916/1/3 885/1/3 884/1/3
f 916/2/3 884/2/3 915/2/3
f 917/2/3 886/2/3 885/2/3
f 917/1/3 885/1/3 916/1/3
f 918/1/3 802/1/3 886/1/3
f 918/2/3 886/2/3 917/2/3
f 919/2/3 888/2/3 887/2/3
f 919/1/3 887/1/3 803/1/3
f 920/1/3 889/1/3 888/1/3
f 920/2/3 888/2/3 919/2/3
f 921/2/3 890/2/3 889/2/3
f 921/1/3 889/1/3 920/1/3
f 922/1/3 804/1/3 890/1/3
f 922/2/3 890/2/3 921/2/3
f 923/2/3 892/2/3 891/2/3
f 923/1/3 891/1/3 805/1/3
f 924/1/3 893/1/3 892/1/3
f 924/2/3 892/2/3 923/2/3
f 925/2/3 894/2/3 893/2/3
f 925/1/3 893/1/3 924/1/3
f 926/1/3 806/1/3 894/1/3
f 926/2/3 894/2/3 925/2/3
f 927/2/3 896/2/3 895/2/3
f 927/1/3 895/1/3 807/1/3
f 928/1/3 897/1/3 896/1/3
f 928/2/3 896/2/3 927/2/3
f 929/2/3 898/2/3 897/2/3
f 929/1/3 897/1/3 928/1/3
f 930/1/3 808/1/3 898/1/3
f 930/2/3 898/2/3 929/2/3
f 931/2/3 900/2/3 899/2/3
f 931/1/3 899/1/3 809/1/3
f 932/1/3 901/1/3 900/1/3
f 932/2/3 900/2/3 931/2/3
f 933/2/3 902/2/3 901/2/3
f 933/1/3 901/1/3 932/1/3
f 934/1/3 810/1/3 902/1/3
f 934/2/3 902/2/3 933/2/3
f 935/2/3 904/2/3 903/2/3
f 935/1/3 903/1/3 811/1/3
f 936/1/3 905/1/3 904/1/3
f 936/2/3 904/2/3 935/2/3
f 937/2/3 906/2/3 905/2/3
f 937/1/3 905/1/3 936/1/3
f 938/1/3 812/1/3 906/1/3
f 938/2/3 906/2/3 937/2/3
f 939/1/3 907/1/3 813/1/3
f 939/2/3 908/2/3 907/2/3
f 940/1/3 909/1/3 908/1/3
f 940/2/3 908/2/3 939/2/3
f 941/2/3 910/2/3 909/2/3
f 941/1/3 909/1/3 940/1/3
f 942/1/3 814/1/3 910/1/3
f 942/2/3 910/2/3 941/2/3
f 943/3/3 799/3/3 329/3/3
f 943/1/3 913/1/3 912/1/3
f 943/1/3 911/1/3 799/1/3
f 943/1/3 912/1/3 911/1/3
f 943/1/3 914/1/3 913/1/3
f 944/3/3 801/3/3 800/3/3
f 944/1/3 914/1/3 943/1/3
f 944/1/3 800/1/3 914/1/3
f 945/1/3 917/1/3 916/1/3
f 945/3/3 801/3/3 944/3/3
f 945/1/3 915/1/3 801/1/3
f 945/1/3 916/1/3 915/1/3
f 945/1/3 918/1/3 917/1/3
f 946/3/3 803/3/3 802/3/3
f 946/1/3 918/1/3 945/1/3
f 946/1/3 802/1/3 918/1/3
f 947/1/3 921/1/3 920/1/3
f 947/3/3 803/3/3 946/3/3
f 947/1/3 919/1/3 803/1/3
f 947/1/3 920/1/3 919/1/3
f 947/1/3 922/1/3 921/1/3
f 948/3/3 805/3/3 804/3/3
f 948/1/3 922/1/3 947/1/3
f 948/1/3 804/1/3 922/1/3
f 949/1/3 925/1/3 924/1/3
f 949/3/3 805/3/3 948/3/3
f 949/1/3 926/1/3 925/1/3
f 949/1/3 924/1/3 923/1/3
f 949/1/3 923/1/3 805/1/3
f 950/3/3 807/3/3 806/3/3
f 950/1/3 926/1/3 949/1/3
f 950/1/3 806/1/3 926/1/3
f 951/1/3 929/1/3 928/1/3
f 951/3/3 807/3/3 950/3/3
f 951/1/3 930/1/3 929/1/3
f 951/1/3 927/1/3 807/1/3
f 951/1/3 928/1/3 927/1/3
f 952/3/3 809/3/3 808/3/3
f 952/1/3 930/1/3 951/1/3
f 952/1/3 808/1/3 930/1/3
f 953/1/3 933/1/3 932/1/3
f 953/3/3 809/3/3 952/3/3
f 953/1/3 934/1/3 933/1/3
f 953/1/3 931/1/3 809/1/3
f 953/1/3 932/1/3 931/1/3
f 954/3/3 811/3/3 810/3/3
f 954/1/3 934/1/3 953/1/3
f 954/1/3 810/1/3 934/1/3
f 955/1/3 937/1/3 936/1/3
f 955/3/3 811/3/3 954/3/3
f 955/1/3 936/1/3 935/1/3
f 955/1/3 938/1/3 937/1/3
f 955/1/3 935/1/3 811/1/3
f 956/3/3 813/3/3 812/3/3
f 956/1/3 938/1/3 955/1/3
f 956/1/3 812/1/3 938/1/3
f 957/1/3 939/1/3 813/1/3
f 957/3/3 813/3/3 956/3/3
f 957/1/3 942/1/3 941/1/3
f 957/1/3 941/1/3 940/1/3
f 957/1/3 940/1/3 939/1/3
f 958/1/3 814/1/3 942/1/3
f 958/1/3 942/1/3 957/1/3
f 958/3/3 330/3/3 814/3/3
f 959/3/3 955/3/3 954/3/3
f 959/3/3 957/3/3 956/3/3
f 959/3/3 958/3/3 957/3/3
f 959/3/3 950/3/3 949/3/3
f 959/3/3 953/3/3 952/3/3
f 959/3/3 948/3/3 947/3/3
f 959/3/3 951/3/3 950/3/3
f 959/3/3 946/3/3 945/3/3
f 959/3/3 949/3/3 948/3/3
f 959/3/3 944/3/3 943/3/3
f 959/3/3 947/3/3 946/3/3
f 959/3/3 954/3/3 953/3/3
f 959/3/3 945/3/3 944/3/3
f 959/3/3 956/3/3 955/3/3
f 959/3/3 943/3/3 329/3/3
f 959/3/3 952/3/3 951/3/3
f 960/3/3 958/3/3 959/3/3
f 961/3/3 958/3/3 960/3/3
f 962/3/3 958/3/3 961/3/3
f 963/3/3 958/3/3 962/3/3
f 964/3/3 958/3/3 963/3/3
f 965/3/3 958/3/3 964/3/3
f 966/3/3 958/3/3 965/3/3
f 967/3/3 958/3/3 966/3/3
f 968/3/3 958/3/3 967/3/3
f 969/3/3 958/3/3 968/3/3
f 970/3/3 958/3/3 969/3/3
f 971/3/3 958/3/3 970/3/3
f 972/3/3 958/3/3 971/3/3
f 973/3/3 958/3/3 972/3/3
f 974/3/3 330/3/3 958/3/3
f 974/3/3 958/3/3 973/3/3
f 975/1/3 960/1/3 959/1/3
f 976/1/3 960/1/3 975/1/3
f 977/1/3 960/1/3 976/1/3
f 978/1/3 960/1/3 977/1/3
f 979/1/3 962/1/3 961/1/3
f 980/1/3 962/1/3 979/1/3
f 981/1/3 962/1/3 980/1/3
f 982/1/3 962/1/3 981/1/3
f 983/1/3 964/1/3 963/1/3
f 984/1/3 964/1/3 983/1/3
f 985/1/3 964/1/3 984/1/3
f 986/1/3 964/1/3 985/1/3
f 987/1/3 966/1/3 965/1/3
f 988/1/3 966/1/3 987/1/3
f 989/1/3 966/1/3 988/1/3
f 990/1/3 966/1/3 989/1/3
f 991/1/3 968/1/3 967/1/3
f 992/1/3 968/1/3 991/1/3
f 993/1/3 968/1/3 992/1/3
f 994/1/3 968/1/3 993/1/3
f 995/1/3 970/1/3 969/1/3
f 996/1/3 970/1/3 995/1/3
f 997/1/3 970/1/3 996/1/3
f 998/1/3 970/1/3 997/1/3
f 999/1/3 972/1/3 971/1/3
f 1000/1/3 972/1/3 999/1/3
f 1001/1/3 972/1/3 1000/1/3
f 1002/1/3 972/1/3 1001/1/3
f 1003/1/3 974/1/3 973/1/3
f 1004/1/3 974/1/3 1003/1/3
f 1005/1/3 974/1/3 1004/1/3
f 1006/1/3 974/1/3 1005/1/3
f 1007/1/3 975/1/3 959/1/3
f 1007/2/3 976/2/3 975/2/3
f 1008/1/3 977/1/3 976/1/3
f 1008/2/3 976/2/3 1007/2/3
f 1009/2/3 978/2/3 977/2/3
f 1009/1/3 977/1/3 1008/1/3
f 1010/1/3 960/1/3 978/1/3
f 1010/2/3 978/2/3 1009/2/3
f 1011/1/3 979/1/3 961/1/3
f 1011/2/3 980/2/3 979/2/3
f 1012/1/3 981/1/3 980/1/3
f 1012/2/3 980/2/3 1011/2/3
f 1013/2/3 982/2/3 981/2/3
f 1013/1/3 981/1/3 1012/1/3
f 1014/1/3 962/1/3 982/1/3
f 1014/2/3 982/2/3 1013/2/3
f 1015/1/3 983/1/3 963/1/3
f 1015/2/3 984/2/3 983/2/3
f 1016/1/3 985/1/3 984/1/3
f 1016/2/3 984/2/3 1015/2/3
f 1017/2/3 986/2/3 985/2/3
f 1017/1/3 985/1/3 1016/1/3
f 1018/1/3 964/1/3 986/1/3
f 1018/2/3 986/2/3 1017/2/3
f 1019/1/3 987/1/3 965/1/3
f 1019/2/3 988/2/3 987/2/3
f 1020/1/3 989/1/3 988/1/3
f 1020/2/3 988/2/3 1019/2/3
f 1021/2/3 990/2/3 989/2/3
f 1021/1/3 989/1/3 1020/1/3
f 1022/1/3 966/1/3 990/1/3
f 1022/2/3 990/2/3 1021/2/3
f 1023/1/3 991/1/3 967/1/3
f 1023/2/3 992/2/3 991/2/3
f 1024/1/3 993/1/3 992/1/3
f 1024/2/3 992/2/3 1023/2/3
f 1025/2/3 994/2/3 993/2/3
f 1025/1/3 993/1/3 1024/1/3
f 1026/1/3 968/1/3 994/1/3
f 1026/2/3 994/2/3 1025/2/3
f 1027/1/3 995/1/3 969/1/3
f 1027/2/3 996/2/3 995/2/3
f 1028/1/3 997/1/3 996/1/3
f 1028/2/3 996/2/3 1027/2/3
f 1029/2/3 998/2/3 997/2/3
f 1029/1/3 997/1/3 1028/1/3
f 1030/1/3 970/1/3 998/1/3
f 1030/2/3 998/2/3 1029/2/3
f 1031/1/3 999/1/3 971/1/3
f 1031/2/3 1000/2/3 999/2/3
f 1032/1/3 1001/1/3 1000/1/3
f 1032/2/3 1000/2/3 1031/2/3
f 1033/2/3 1002/2/3 1001/2/3
f 1033/1/3 1001/1/3 1032/1/3
f 1034/1/3 972/1/3 1002/1/3
f 1034/2/3 1002/2/3 1033/2/3
f 1035/1/3 1003/1/3 973/1/3
f 1035/2/3 1004/2/3 1003/2/3
f 1036/1/3 1005/1/3 1004/1/3
f 1036/2/3 1004/2/3 1035/2/3
f 1037/2/3 1006/2/3 1005/2/3
f 1037/1/3 1005/1/3 1036/1/3
f 1038/1/3 974/1/3 1006/1/3
f 1038/2/3 1006/2/3 1037/2/3
f 1039/1/3 1009/1/3 1008/1/3
f 1039/1/3 1007/1/3 959/1/3
f 1039/1/3 1008/1/3 1007/1/3
f 1039/1/3 1010/1/3 1009/1/3
f 1040/1/3 1010/1/3 1039/1/3
f 1041/1/3 1010/1/3 1040/1/3
f 1042/1/3 960/1/3 1010/1/3
f 1042/1/3 1010/1/3 1041/1/3
f 1043/1/3 1013/1/3 1012/1/3
f 1043/1/3 1011/1/3 961/1/3
f 1043/1/3 1012/1/3 1011/1/3
f 1043/1/3 1014/1/3 1013/1/3
f 1044/1/3 1014/1/3 1043/1/3
f 1045/1/3 1014/1/3 1044/1/3
f 1046/1/3 962/1/3 1014/1/3
f 1046/1/3 1014/1/3 1045/1/3
f 1047/1/3 1017/1/3 1016/1/3
f 1047/1/3 1015/1/3 963/1/3
f 1047/1/3 1016/1/3 1015/1/3
f 1047/1/3 1018/1/3 1017/1/3
f 1048/1/3 1018/1/3 1047/1/3
f 1049/1/3 1018/1/3 1048/1/3
f 1050/1/3 964/1/3 1018/1/3
f 1050/1/3 1018/1/3 1049/1/3
f 1051/1/3 1021/1/3 1020/1/3
f 1051/1/3 1019/1/3 965/1/3
f 1051/1/3 1020/1/3 1019/1/3
f 1051/1/3 1022/1/3 1021/1/3
f 1052/1/3 1022/1/3 1051/1/3
f 1053/1/3 1022/1/3 1052/1/3
f 1054/1/3 966/1/3 1022/1/3
f 1054/1/3 1022/1/3 1053/1/3
f 1055/1/3 1025/1/3 1024/1/3
f 1055/1/3 1023/1/3 967/1/3
f 1055/1/3 1024/1/3 1023/1/3
f 1055/1/3 1026/1/3 1025/1/3
f 1056/1/3 1026/1/3 1055/1/3
f 1057/1/3 1026/1/3 1056/1/3
f 1058/1/3 968/1/3 1026/1/3
f 1058/1/3 1026/1/3 1057/1/3
f 1059/1/3 1029/1/3 1028/1/3
f 1059/1/3 1027/1/3 969/1/3
f 1059/1/3 1028/1/3 1027/1/3
f 1059/1/3 1030/1/3 1029/1/3
f 1060/1/3 1030/1/3 1059/1/3
f 1061/1/3 1030/1/3 1060/1/3
f 1062/1/3 970/1/3 1030/1/3
f 1062/1/3 1030/1/3 1061/1/3
f 1063/1/3 1033/1/3 1032/1/3
f 1063/1/3 1034/1/3 1033/1/3
f 1063/1/3 1031/1/3 971/1/3
f 1063/1/3 1032/1/3 1031/1/3
f 1064/1/3 1034/1/3 1063/1/3
f 1065/1/3 1034/1/3 1064/1/3
f 1066/1/3 972/1/3 1034/1/3
f 1066/1/3 1034/1/3 1065/1/3
f 1067/1/3 1037/1/3 1036/1/3
f 1067/1/3 1036/1/3 1035/1/3
f 1067/1/3 1038/1/3 1037/1/3
f 1067/1/3 1035/1/3 973/1/3
f 1068/1/3 1038/1/3 1067/1/3
f 1069/1/3 1038/1/3 1068/1/3
f 1070/1/3 974/1/3 1038/1/3
f 1070/1/3 1038/1/3 1069/1/3
f 1071/2/3 1040/2/3 1039/2/3
f 1071/1/3 1039/1/3 959/1/3
f 1072/1/3 1041/1/3 1040/1/3
f 1072/2/3 1040/2/3 1071/2/3
f 1073/2/3 1042/2/3 1041/2/3
f 1073/1/3 1041/1/3 1072/1/3
f 1074/1/3 960/1/3 1042/1/3
f 1074/2/3 1042/2/3 1073/2/3
f 1075/2/3 1044/2/3 1043/2/3
f 1075/1/3 1043/1/3 961/1/3
f 1076/1/3 1045/1/3 1044/1/3
f 1076/2/3 1044/2/3 1075/2/3
f 1077/2/3 1046/2/3 1045/2/3
f 1077/1/3 1045/1/3 1076/1/3
f 1078/1/3 962/1/3 1046/1/3
f 1078/2/3 1046/2/3 1077/2/3
f 1079/2/3 1048/2/3 1047/2/3
f 1079/1/3 1047/1/3 963/1/3
f 1080/1/3 1049/1/3 1048/1/3
f 1080/2/3 1048/2/3 1079/2/3
f 1081/2/3 1050/2/3 1049/2/3
f 1081/1/3 1049/1/3 1080/1/3
f 1082/1/3 964/1/3 1050/1/3
f 1082/2/3 1050/2/3 1081/2/3
f 1083/2/3 1052/2/3 1051/2/3
f 1083/1/3 1051/1/3 965/1/3
f 1084/1/3 1053/1/3 1052/1/3
f 1084/2/3 1052/2/3 1083/2/3
f 1085/2/3 1054/2/3 1053/2/3
f 1085/1/3 1053/1/3 1084/1/3
f 1086/1/3 966/1/3 1054/1/3
f 1086/2/3 1054/2/3 1085/2/3
f 1087/2/3 1056/2/3 1055/2/3
f 1087/1/3 1055/1/3 967/1/3
f 1088/1/3 1057/1/3 1056/1/3
f 1088/2/3 1056/2/3 1087/2/3
f 1089/2/3 1058/2/3 1057/2/3
f 1089/1/3 1057/1/3 1088/1/3
f 1090/1/3 968/1/3 1058/1/3
f 1090/2/3 1058/2/3 1089/2/3
f 1091/2/3 1060/2/3 1059/2/3
f 1091/1/3 1059/1/3 969/1/3
f 1092/1/3 1061/1/3 1060/1/3
f 1092/2/3 1060/2/3 1091/2/3
f 1093/2/3 1062/2/3 1061/2/3
f 1093/1/3 1061/1/3 1092/1/3
f 1094/1/3 970/1/3 1062/1/3
f 1094/2/3 1062/2/3 1093/2/3
f 1095/2/3 1064/2/3 1063/2/3
f 1095/1/3 1063/1/3 971/1/3
f 1096/1/3 1065/1/3 1064/1/3
f 1096/2/3 1064/2/3 1095/2/3
f 1097/2/3 1066/2/3 1065/2/3
f 1097/1/3 1065/1/3 1096/1/3
f 1098/1/3 972/1/3 1066/1/3
f 1098/2/3 1066/2/3 1097/2/3
f 1099/1/3 1067/1/3 973/1/3
f 1099/2/3 1068/2/3 1067/2/3
f 1100/1/3 1069/1/3 1068/1/3
f 1100/2/3 1068/2/3 1099/2/3
f 1101/2/3 1070/2/3 1069/2/3
f 1101/1/3 1069/1/3 1100/1/3
f 1102/1/3 974/1/3 1070/1/3
f 1102/2/3 1070/2/3 1101/2/3
f 1103/3/3 959/3/3 329/3/3
f 1103/1/3 1073/1/3 1072/1/3
f 1103/1/3 1071/1/3 959/1/3
f 1103/1/3 1072/1/3 1071/1/3
f 1103/1/3 1074/1/3 1073/1/3
f 1104/3/3 961/3/3 960/3/3
f 1104/1/3 1074/1/3 1103/1/3
f 1104/1/3 960/1/3 1074/1/3
f 1105/1/3 1077/1/3 1076/1/3
f 1105/3/3 961/3/3 1104/3/3
f 1105/1/3 1075/1/3 961/1/3
f 1105/1/3 1076/1/3 1075/1/3
f 1105/1/3 1078/1/3 1077/1/3
f 1106/3/3 963/3/3 962/3/3
f 1106/1/3 1078/1/3 1105/1/3
f 1106/1/3 962/1/3 1078/1/3
f 1107/1/3 1081/1/3 1080/1/3
f 1107/3/3 963/3/3 1106/3/3
f 1107/1/3 1079/1/3 963/1/3
f 1107/1/3 1080/1/3 1079/1/3
f 1107/1/3 1082/1/3 1081/1/3
f 1108/3/3 965/3/3 964/3/3
f 1108/1/3 1082/1/3 1107/1/3
f 1108/1/3 964/1/3 1082/1/3
f 1109/1/3 1085/1/3 1084/1/3
f 1109/3/3 965/3/3 1108/3/3
f 1109/1/3 1086/1/3 1085/1/3
f 1109/1/3 1084/1/3 1083/1/3
f 1109/1/3 1083/1/3 965/1/3
f 1110/3/3 967/3/3 966/3/3
f 1110/1/3 1086/1/3 1109/1/3
f 1110/1/3 966/1/3 1086/1/3
f 1111/1/3 1089/1/3 1088/1/3
f 1111/3/3 967/3/3 1110/3/3
f 1111/1/3 1090/1/3 1089/1/3
f 1111/1/3 1087/1/3 967/1/3
f 1111/1/3 1088/1/3 1087/1/3
f 1112/3/3 969/3/3 968/3/3
f 1112/1/3 1090/1/3 1111/1/3
f 1112/1/3 968/1/3 1090/1/3
f 1113/1/3 1093/1/3 1092/1/3
f 1113/3/3 969/3/3 1112/3/3
f 1113/1/3 1094/1/3 1093/1/3
f 1113/1/3 1091/1/3 969/1/3
f 1113/1/3 1092/1/3 1091/1/3
f 1114/3/3 971/3/3 970/3/3
f 1114/1/3 1094/1/3 1113/1/3
f 1114/1/3 970/1/3 1094/1/3
f 1115/1/3 1097/1/3 1096/1/3
f 1115/3/3 971/3/3 1114/3/3
f 1115/1/3 1096/1/3 1095/1/3
f 1115/1/3 1098/1/3 1097/1/3
f 1115/1/3 1095/1/3 971/1/3
f 1116/3/3 973/3/3 972/3/3
f 1116/1/3 1098/1/3 1115/1/3
f 1116/1/3 972/1/3 1098/1/3
f 1117/1/3 1099/1/3 973/1/3
f 1117/3/3 973/3/3 1116/3/3
f 1117/1/3 1102/1/3 1101/1/3
f 1117/1/3 1101/1/3 1100/1/3
f 1117/1/3 1100/1/3 1099/1/3
f 1118/1/3 974/1/3 1102/1/3
f 1118/1/3 1102/1/3 1117/1/3
f 1118/3/3 330/3/3 974/3/3
f 1119/3/3 1115/3/3 1114/3/3
f 1119/3/3 1117/3/3 1116/3/3
f 1119/3/3 1118/3/3 1117/3/3
f 1119/3/3 1110/3/3 1109/3/3
f 1119/3/3 1113/3/3 1112/3/3
f 1119/3/3 1108/3/3 1107/3/3
f 1119/3/3 1111/3/3 1110/3/3
f 1119/3/3 1106/3/3 1105/3/3
f 1119/3/3 1109/3/3 1108/3/3
f 1119/3/3 1104/3/3 1103/3/3
f 1119/3/3 1107/3/3 1106/3/3
f 1119/3/3 1114/3/3 1113/3/3
f 1119/3/3 1105/3/3 1104/3/3
f 1119/3/3 1116/3/3 1115/3/3
f 1119/3/3 1103/3/3 329/3/3
f 1119/3/3 1112/3/3 1111/3/3
f 1120/3/3 1118/3/3 1119/3/3
f 1121/3/3 1118/3/3 1120/3/3
f 1122/3/3 1118/3/3 1121/3/3
f 1123/3/3 1118/3/3 1122/3/3
f 1124/3/3 1118/3/3 1123/3/3
f 1125/3/3 1118/3/3 1124/3/3
f 1126/3/3 1118/3/3 1125/3/3
f 1127/3/3 1118/3/3 1126/3/3
f 1128/3/3 1118/3/3 1127/3/3
f 1129/3/3 1118/3/3 1128/3/3
f 1130/3/3 1118/3/3 1129/3/3
f 1131/3/3 1118/3/3 1130/3/3
f 1132/3/3 1118/3/3 1131/3/3
f 1133/3/3 1118/3/3 1132/3/3
f 1134/3/3 330/3/3 1118/3/3
f 1134/3/3 1118/3/3 1133/3/3
f 1135/1/3 1120/1/3 1119/1/3
f 1136/1/3 1120/1/3 1135/1/3
f 1137/1/3 1120/1/3 1136/1/3
f 1138/1/3 1120/1/3 1137/1/3
f 1139/1/3 1122/1/3 1121/1/3
f 1140/1/3 1122/1/3 1139/1/3
f 1141/1/3 1122/1/3 1140/1/3
f 1142/1/3 1122/1/3 1141/1/3
f 1143/1/3 1124/1/3 1123/1/3
f 1144/1/3 1124/1/3 1143/1/3
f 1145/1/3 1124/1/3 1144/1/3
f 1146/1/3 1124/1/3 1145/1/3
f 1147/1/3 1126/1/3 1125/1/3
f 1148/1/3 1126/1/3 1147/1/3
f 1149/1/3 1126/1/3 1148/1/3
f 1150/1/3 1126/1/3 1149/1/3
f 1151/1/3 1128/1/3 1127/1/3
f 1152/1/3 1128/1/3 1151/1/3
f 1153/1/3 1128/1/3 1152/1/3
f 1154/1/3 1128/1/3 1153/1/3
f 1155/1/3 1130/1/3 1129/1/3
f 1156/1/3 1130/1/3 1155/1/3
f 1157/1/3 1130/1/3 1156/1/3
f 1158/1/3 1130/1/3 1157/1/3
f 1159/1/3 1132/1/3 1131/1/3
f 1160/1/3 1132/1/3 1159/1/3
f 1161/1/3 1132/1/3 1160/1/3
f 1162/1/3 1132/1/3 1161/1/3
f 1163/1/3 1134/1/3 1133/1/3
f 1164/1/3 1134/1/3 1163/1/3
f 1165/1/3 1134/1/3 1164/1/3
f 1166/1/3 1134/1/3 1165/1/3
f 1167/1/3 1135/1/3 1119/1/3
f 1167/2/3 1136/2/3 1135/2/3
f 1168/1/3 1137/1/3 1136/1/3
f 1168/2/3 1136/2/3 1167/2/3
f 1169/2/3 1138/2/3 1137/2/3
f 1169/1/3 1137/1/3 1168/1/3
f 1170/1/3 1120/1/3 1138/1/3
f 1170/2/3 1138/2/3 1169/2/3
f 1171/1/3 1139/1/3 1121/1/3
f 1171/2/3 1140/2/3 1139/2/3
f 1172/1/3 1141/1/3 1140/1/3
f 1172/2/3 1140/2/3 1171/2/3
f 1173/2/3 1142/2/3 1141/2/3
f 1173/1/3 1141/1/3 1172/1/3
f 1174/1/3 1122/1/3 1142/1/3
f 1174/2/3 1142/2/3 1173/2/3
f 1175/1/3 1143/1/3 1123/1/3
f 1175/2/3 1144/2/3 1143/2/3
f 1176/1/3 1145/1/3 1144/1/3
f 1176/2/3 1144/2/3 1175/2/3
f 1177/2/3 1146/2/3 1145/2/3
f 1177/1/3 1145/1/3 1176/1/3
f 1178/1/3 1124/1/3 1146/1/3
f 1178/2/3 1146/2/3 1177/2/3
f 1179/1/3 1147/1/3 1125/1/3
f 1179/2/3 1148/2/3 1147/2/3
f 1180/1/3 1149/1/3 1148/1/3
f 1180/2/3 1148/2/3 1179/2/3
f 1181/2/3 1150/2/3 1149/2/3
f 1181/1/3 1149/1/3 1180/1/3
f 1182/1/3 1126/1/3 1150/1/3
f 1182/2/3 1150/2/3 1181/2/3
f 1183/1/3 1151/1/3 1127/1/3
f 1183/2/3 1152/2/3 1151/2/3
f 1184/1/3 1153/1/3 1152/1/3
f 1184/2/3 1152/2/3 1183/2/3
f 1185/2/3 1154/2/3 1153/2/3
f 1185/1/3 1153/1/3 1184/1/3
f 1186/1/3 1128/1/3 1154/1/3
f 1186/2/3 1154/2/3 1185/2/3
f 1187/1/3 1155/1/3 1129/1/3
f 1187/2/3 1156/2/3 1155/2/3
f 1188/1/3 1157/1/3 1156/1/3
f 1188/2/3 1156/2/3 1187/2/3
f 1189/2/3 1158/2/3 1157/2/3
f 1189/1/3 1157/1/3 1188/1/3
f 1190/1/3 1130/1/3 1158/1/3
f 1190/2/3 1158/2/3 1189/2/3
f 1191/1/3 1159/1/3 1131/1/3
f 1191/2/3 1160/2/3 1159/2/3
f 1192/1/3 1161/1/3 1160/1/3
f 1192/2/3 1160/2/3 1191/2/3
f 1193/2/3 1162/2/3 1161/2/3
f 1193/1/3 1161/1/3 1192/1/3
f 1194/1/3 1132/1/3 1162/1/3
f 1194/2/3 1162/2/3 1193/2/3
f 1195/1/3 1163/1/3 1133/1/3
f 1195/2/3 1164/2/3 1163/2/3
f 1196/1/3 1165/1/3 1164/1/3
f 1196/2/3 1164/2/3 1195/2/3
f 1197/2/3 1166/2/3 1165/2/3
f 1197/1/3 1165/1/3 1196/1/3
f 1198/1/3 1134/1/3 1166/1/3
f 1198/2/3 1166/2/3 1197/2/3
f 1199/1/3 1169/1/3 1168/1/3
f 1199/1/3 1167/1/3 1119/1/3
f 1199/1/3 1168/1/3 1167/1/3
f 1199/1/3 1170/1/3 1169/1/3
f 1200/1/3 1170/1/3 1199/1/3
f 1201/1/3 1170/1/3 1200/1/3
f 1202/1/3 1120/1/3 1170/1/3
f 1202/1/3 1170/1/3 1201/1/3
f 1203/1/3 1173/1/3 1172/1/3
f 1203/1/3 1171/1/3 1121/1/3
f 1203/1/3 1172/1/3 1171/1/3
f 1203/1/3 1174/1/3 1173/1/3
f 1204/1/3 1174/1/3 1203/1/3
f 1205/1/3 1174/1/3 1204/1/3
f 1206/1/3 1122/1/3 1174/1/3
f 1206/1/3 1174/1/3 1205/1/3
f 1207/1/3 1177/1/3 1176/1/3
f 1207/1/3 1175/1/3 1123/1/3
f 1207/1/3 1176/1/3 1175/1/3
f 1207/1/3 1178/1/3 1177/1/3
f 1208/1/3 1178/1/3 1207/1/3
f 1209/1/3 1178/1/3 1208/1/3
f 1210/1/3 1124/1/3 1178/1/3
f 1210/1/3 1178/1/3 1209/1/3
f 1211/1/3 1181/1/3 1180/1/3
f 1211/1/3 1179/1/3 1125/1/3
f 1211/1/3 1180/1/3 1179/1/3
f 1211/1/3 1182/1/3 1181/1/3
f 1212/1/3 1182/1/3 1211/1/3
f 1213/1/3 1182/1/3 1212/1/3
f 1214/1/3 1126/1/3 1182/1/3
f 1214/1/3 1182/1/3 1213/1/3
f 1215/1/3 1185/1/3 1184/1/3
f 1215/1/3 1183/1/3 1127/1/3
f 1215/1/3 1184/1/3 1183/1/3
f 1215/1/3 1186/1/3 1185/1/3
f 1216/1/3 1186/1/3 1215/1/3
f 1217/1/3 1186/1/3 1216/1/3
f 1218/1/3 1128/1/3 1186/1/3
f 1218/1/3 1186/1/3 1217/1/3
f 1219/1/3 1189/1/3 1188/1/3
f 1219/1/3 1187/1/3 1129/1/3
f 1219/1/3 1188/1/3 1187/1/3
f 1219/1/3 1190/1/3 1189/1/3
f 1220/1/3 1190/1/3 1219/1/3
f 1221/1/3 1190/1/3 1220/1/3
f 1222/1/3 1130/1/3 1190/1/3
f 1222/1/3 1190/1/3 1221/1/3
f 1223/1/3 1193/1/3 1192/1/3
f 1223/1/3 1194/1/3 1193/1/3
f 1223/1/3 1191/1/3 1131/1/3
f 1223/1/3 1192/1/3 1191/1/3
f 1224/1/3 1194/1/3 1223/1/3
f 1225/1/3 1194/1/3 1224/1/3
f 1226/1/3 1132/1/3 1194/1/3
f 1226/1/3 1194/1/3 1225/1/3
f 1227/1/3 1197/1/3 1196/1/3
f 1227/1/3 1196/1/3 1195/1/3
f 1227/1/3 1198/1/3 1197/1/3
f 1227/1/3 1195/1/3 1133/1/3
f 1228/1/3 1198/1/3 1227/1/3
f 1229/1/3 1198/1/3 1228/1/3
f 1230/1/3 1134/1/3 1198/1/3
f 1230/1/3 1198/1/3 1229/1/3
f 1231/2/3 1200/2/3 1199/2/3
f 1231/1/3 1199/1/3 1119/1/3
f 1232/1/3 1201/1/3 1200/1/3
f 1232/2/3 1200/2/3 1231/2/3
f 1233/2/3 1202/2/3 1201/2/3
f 1233/1/3 1201/1/3 1232/1/3
f 1234/1/3 1120/1/3 1202/1/3
f 1234/2/3 1202/2/3 1233/2/3
f 1235/2/3 1204/2/3 1203/2/3
f 1235/1/3 1203/1/3 1121/1/3
f 1236/1/3 1205/1/3 1204/1/3
f 1236/2/3 1204/2/3 1235/2/3
f 1237/2/3 1206/2/3 1205/2/3
f 1237/1/3 1205/1/3 1236/1/3
f 1238/1/3 1122/1/3 1206/1/3
f 1238/2/3 1206/2/3 1237/2/3
f 1239/2/3 1208/2/3 1207/2/3
f 1239/1/3 1207/1/3 1123/1/3
f 1240/1/3 1209/1/3 1208/1/3
f 1240/2/3 1208/2/3 1239/2/3
f 1241/2/3 1210/2/3 1209/2/3
f 1241/1/3 1209/1/3 1240/1/3
f 1242/1/3 1124/1/3 1210/1/3
f 1242/2/3 1210/2/3 1241/2/3
f 1243/2/3 1212/2/3 1211/2/3
f 1243/1/3 1211/1/3 1125/1/3
f 1244/1/3 1213/1/3 1212/1/3
f 1244/2/3 1212/2/3 1243/2/3
f 1245/2/3 1214/2/3 1213/2/3
f 1245/1/3 1213/1/3 1244/1/3
f 1246/1/3 1126/1/3 1214/1/3
f 1246/2/3 1214/2/3 1245/2/3
f 1247/2/3 1216/2/3 1215/2/3
f 1247/1/3 1215/1/3 1127/1/3
f 1248/1/3 1217/1/3 1216/1/3
f 1248/2/3 1216/2/3 1247/2/3
f 1249/2/3 1218/2/3 1217/2/3
f 1249/1/3 1217/1/3 1248/1/3
f 1250/1/3 1128/1/3 1218/1/3
f 1250/2/3 1218/2/3 1249/2/3
f 1251/2/3 1220/2/3 1219/2/3
f 1251/1/3 1219/1/3 1129/1/3
f 1252/1/3 1221/1/3 1220/1/3
f 1252/2/3 1220/2/3 1251/2/3
f 1253/2/3 1222/2/3 1221/2/3
f 1253/1/3 1221/1/3 1252/1/3
f 1254/1/3 1130/1/3 1222/1/3
f 1254/2/3 1222/2/3 1253/2/3
f 1255/2/3 1224/2/3 1223/2/3
f 1255/1/3 1223/1/3 1131/1/3
f 1256/1/3 1225/1/3 1224/1/3
f 1256/2/3 1224/2/3 1255/2/3
f 1257/2/3 1226/2/3 1225/2/3
f 1257/1/3 1225/1/3 1256/1/3
f 1258/1/3 1132/1/3 1226/1/3
f 1258/2/3 1226/2/3 1257/2/3
f 1259/1/3 1227/1/3 1133/1/3
f 1259/2/3 1228/2/3 1227/2/3
f 1260/1/3 1229/1/3 1228/1/3
f 1260/2/3 1228/2/3 1259/2/3
f 1261/2/3 1230/2/3 1229/2/3
f 1261/1/3 1229/1/3 1260/1/3
f 1262/1/3 1134/1/3 1230/1/3
f 1262/2/3 1230/2/3 1261/2/3
f 1263/3/3 1119/3/3 329/3/3
f 1263/1/3 1233/1/3 1232/1/3
f 1263/1/3 1231/1/3 1119/1/3
f 1263/1/3 1232/1/3 1231/1/3
f 1263/1/3 1234/1/3 1233/1/3
f 1264/3/3 1121/3/3 1120/3/3
f 1264/1/3 1234/1/3 1263/1/3
f 1264/1/3 1120/1/3 1234/1/3
f 1265/1/3 1237/1/3 1236/1/3
f 1265/3/3 1121/3/3 1264/3/3
f 1265/1/3 1235/1/3 1121/1/3
f 1265/1/3 1236/1/3 1235/1/3
f 1265/1/3 1238/1/3 1237/1/3
f 1266/3/3 1123/3/3 1122/3/3
f 1266/1/3 1238/1/3 1265/1/3
f 1266/1/3 1122/1/3 1238/1/3
f 1267/1/3 1241/1/3 1240/1/3
f 1267/3/3 1123/3/3 1266/3/3
f 1267/1/3 1239/1/3 1123/1/3
f 1267/1/3 1240/1/3 1239/1/3
f 1267/1/3 1242/1/3 1241/1/3
f 1268/3/3 1125/3/3 1124/3/3
f 1268/1/3 1242/1/3 1267/1/3
f 1268/1/3 1124/1/3 1242/1/3
f 1269/1/3 1245/1/3 1244/1/3
f 1269/3/3 1125/3/3 1268/3/3
f 1269/1/3 1246/1/3 1245/1/3
f 1269/1/3 1244/1/3 1243/1/3
f 1269/1/3 1243/1/3 1125/1/3
f 1270/3/3 1127/3/3 1126/3/3
f 1270/1/3 1246/1/3 1269/1/3
f 1270/1/3 1126/1/3 1246/1/3
f 1271/1/3 1249/1/3 1248/1/3
f 1271/3/3 1127/3/3 1270/3/3
f 1271/1/3 1250/1/3 1249/1/3
f 1271/1/3 1247/1/3 1127/1/3
f 1271/1/3 1248/1/3 1247/1/3
f 1272/3/3 1129/3/3 1128/3/3
f 1272/1/3 1250/1/3 1271/1/3
f 1272/1/3 1128/1/3 1250/1/3
f 1273/1/3 1253/1/3 1252/1/3
f 1273/3/3 1129/3/3 1272/3/3
f 1273/1/3 1254/1/3 1253/1/3
f 1273/1/3 1251/1/3 1129/1/3
f 1273/1/3 1252/1/3 1251/1/3
f 1274/3/3 1131/3/3 1130/3/3
f 1274/1/3 1254/1/3 1273/1/3
f 1274/1/3 1130/1/3 1254/1/3
f 1275/1/3 1257/1/3 1256/1/3
f 1275/3/3 1131/3/3 1274/3/3
f 1275/1/3 1256/1/3 1255/1/3
f 1275/1/3 1258/1/3 1257/1/3
f 1275/1/3 1255/1/3 1131/1/3
f 1276/3/3 1133/3/3 1132/3/3
f 1276/1/3 1258/1/3 1275/1/3
f 1276/1/3 1132/1/3 1258/1/3
f 1277/1/3 1259/1/3 1133/1/3
f 1277/3/3 1133/3/3 1276/3/3
f 1277/1/3 1262/1/3 1261/1/3
f 1277/1/3 1261/1/3 1260/1/3
f 1277/1/3 1260/1/3 1259/1/3
f 1278/1/3 1134/1/3 1262/1/3
f 1278/1/3 1262/1/3 1277/1/3
f 1278/3/3 330/3/3 1134/3/3
f 1279/3/3 1275/3/3 1274/3/3
f 1279/3/3 1277/3/3 1276/3/3
f 1279/3/3 1278/3/3 1277/3/3
f 1279/3/3 1270/3/3 1269/3/3
f 1279/3/3 1273/3/3 1272/3/3
f 1279/3/3 1268/3/3 1267/3/3
f 1279/3/3 1271/3/3 1270/3/3
f 1279/3/3 1266/3/3 1265/3/3
f 1279/3/3 1269/3/3 1268/3/3
f 1279/3/3 1264/3/3 1263/3/3
f 1279/3/3 1267/3/3 1266/3/3
f 1279/3/3 1274/3/3 1273/3/3
f 1279/3/3 1265/3/3 1264/3/3
f 1279/3/3 1276/3/3 1275/3/3
f 1279/3/3 1263/3/3 329/3/3
f 1279/3/3 1272/3/3 1271/3/3
f 1280/3/3 1278/3/3 1279/3/3
f 1281/3/3 1278/3/3 1280/3/3
f 1282/3/3 1278/3/3 1281/3/3
f 1283/3/3 1278/3/3 1282/3/3
f 1284/3/3 1278/3/3 1283/3/3
f 1285/3/3 1278/3/3 1284/3/3
f 1286/3/3 1278/3/3 1285/3/3
f 1287/3/3 1278/3/3 1286/3/3
f 1288/3/3 1278/3/3 1287/3/3
f 1289/3/3 1278/3/3 1288/3/3
f 1290/3/3 1278/3/3 1289/3/3
f 1291/3/3 1278/3/3 1290/3/3
f 1292/3/3 1278/3/3 1291/3/3
f 1293/3/3 1278/3/3 1292/3/3
f 1294/3/3 330/3/3 1278/3/3
f 1294/3/3 1278/3/3 1293/3/3
f 1295/1/3 1280/1/3 1279/1/3
f 1296/1/3 1280/1/3 1295/1/3
f 1297/1/3 1280/1/3 1296/1/3
f 1298/1/3 1280/1/3 1297/1/3
f 1299/1/3 1282/1/3 1281/1/3
f 1300/1/3 1282/1/3 1299/1/3
f 1301/1/3 1284/1/3 1283/1/3
f 1302/1/3 1284/1/3 1301/1/3
f 1303/1/3 1284/1/3 1302/1/3
f 1304/1/3 1284/1/3 1303/1/3
f 1305/1/3 1286/1/3 1285/1/3
f 1306/1/3 1286/1/3 1305/1/3
f 1307/1/3 1286/1/3 1306/1/3
f 1308/1/3 1286/1/3 1307/1/3
f 1309/1/3 1288/1/3 1287/1/3
f 1310/1/3 1288/1/3 1309/1/3
f 1311/1/3 1288/1/3 1310/1/3
f 1312/1/3 1288/1/3 1311/1/3
f 1313/1/3 1290/1/3 1289/1/3
f 1314/1/3 1290/1/3 1313/1/3
f 1315/1/3 1290/1/3 1314/1/3
f 1316/1/3 1290/1/3 1315/1/3
f 1317/1/3 1292/1/3 1291/1/3
f 1318/1/3 1292/1/3 1317/1/3
f 1319/1/3 1294/1/3 1293/1/3
f 1320/1/3 1294/1/3 1319/1/3
f 1321/1/3 1294/1/3 1320/1/3
f 1322/1/3 1294/1/3 1321/1/3
f 1323/1/3 1295/1/3 1279/1/3
f 1323/2/3 1296/2/3 1295/2/3
f 1324/1/3 1297/1/3 1296/1/3
f 1324/2/3 1296/2/3 1323/2/3
f 1325/2/3 1298/2/3 1297/2/3
f 1325/1/3 1297/1/3 1324/1/3
f 1326/1/3 1280/1/3 1298/1/3
f 1326/2/3 1298/2/3 1325/2/3
f 1327/1/3 1299/1/3 1281/1/3
f 1327/2/3 1300/2/3 1299/2/3
f 1328/1/3 1282/1/3 1300/1/3
f 1328/2/3 1300/2/3 1327/2/3
f 1329/1/3 1301/1/3 1283/1/3
f 1329/2/3 1302/2/3 1301/2/3
f 1330/1/3 1303/1/3 1302/1/3
f 1330/2/3 1302/2/3 1329/2/3
f 1331/2/3 1304/2/3 1303/2/3
f 1331/1/3 1303/1/3 1330/1/3
f 1332/1/3 1284/1/3 1304/1/3
f 1332/2/3 1304/2/3 1331/2/3
f 1333/1/3 1305/1/3 1285/1/3
f 1333/2/3 1306/2/3 1305/2/3
f 1334/1/3 1307/1/3 1306/1/3
f 1334/2/3 1306/2/3 1333/2/3
f 1335/2/3 1308/2/3 1307/2/3
f 1335/1/3 1307/1/3 1334/1/3
f 1336/1/3 1286/1/3 1308/1/3
f 1336/2/3 1308/2/3 1335/2/3
f 1337/1/3 1309/1/3 1287/1/3
f 1337/2/3 1310/2/3 1309/2/3
f 1338/1/3 1311/1/3 1310/1/3
f 1338/2/3 1310/2/3 1337/2/3
f 1339/2/3 1312/2/3 1311/2/3
f 1339/1/3 1311/1/3 1338/1/3
f 1340/1/3 1288/1/3 1312/1/3
f 1340/2/3 1312/2/3 1339/2/3
f 1341/1/3 1313/1/3 1289/1/3
f 1341/2/3 1314/2/3 1313/2/3
f 1342/1/3 1315/1/3 1314/1/3
f 1342/2/3 1314/2/3 1341/2/3
f 1343/2/3 1316/2/3 1315/2/3
f 1343/1/3 1315/1/3 1342/1/3
f 1344/1/3 1290/1/3 1316/1/3
f 1344/2/3 1316/2/3 1343/2/3
f 1345/1/3 1317/1/3 1291/1/3
f 1345/2/3 1318/2/3 1317/2/3
f 1346/1/3 1292/1/3 1318/1/3
f 1346/2/3 1318/2/3 1345/2/3
f 1347/1/3 1319/1/3 1293/1/3
f 1347/2/3 1320/2/3 1319/2/3
f 1348/1/3 1321/1/3 1320/1/3
f 1348/2/3 1320/2/3 1347/2/3
f 1349/2/3 1322/2/3 1321/2/3
f 1349/1/3 1321/1/3 1348/1/3
f 1350/1/3 1294/1/3 1322/1/3
f 1350/2/3 1322/2/3 1349/2/3
f 1351/1/3 1325/1/3 1324/1/3
f 1351/1/3 1323/1/3 1279/1/3
f 1351/1/3 1324/1/3 1323/1/3
f 1351/1/3 1326/1/3 1325/1/3
f 1352/1/3 1326/1/3 1351/1/3
f 1353/1/3 1326/1/3 1352/1/3
f 1354/1/3 1280/1/3 1326/1/3
f 1354/1/3 1326/1/3 1353/1/3
f 1355/1/3 1327/1/3 1281/1/3
f 1355/1/3 1328/1/3 1327/1/3
f 1356/1/3 1328/1/3 1355/1/3
f 1357/1/3 1328/1/3 1356/1/3
f 1358/1/3 1282/1/3 1328/1/3
f 1358/1/3 1328/1/3 1357/1/3
f 1359/1/3 1331/1/3 1330/1/3
f 1359/1/3 1329/1/3 1283/1/3
f 1359/1/3 1330/1/3 1329/1/3
f 1359/1/3 1332/1/3 1331/1/3
f 1360/1/3 1332/1/3 1359/1/3
f 1361/1/3 1332/1/3 1360/1/3
f 1362/1/3 1284/1/3 1332/1/3
f 1362/1/3 1332/1/3 1361/1/3
f 1363/1/3 1335/1/3 1334/1/3
f 1363/1/3 1333/1/3 1285/1/3
f 1363/1/3 1334/1/3 1333/1/3
f 1363/1/3 1336/1/3 1335/1/3
f 1364/1/3 1336/1/3 1363/1/3
f 1365/1/3 1336/1/3 1364/1/3
f 1366/1/3 1286/1/3 1336/1/3
f 1366/1/3 1336/1/3 1365/1/3
f 1367/1/3 1339/1/3 1338/1/3
f 1367/1/3 1337/1/3 1287/1/3
f 1367/1/3 1338/1/3 1337/1/3
f 1367/1/3 1340/1/3 1339/1/3
f 1368/1/3 1340/1/3 1367/1/3
f 1369/1/3 1340/1/3 1368/1/3
f 1370/1/3 1288/1/3 1340/1/3
f 1370/1/3 1340/1/3 1369/1/3
f 1371/1/3 1343/1/3 1342/1/3
f 1371/1/3 1341/1/3 1289/1/3
f 1371/1/3 1342/1/3 1341/1/3
f 1371/1/3 1344/1/3 1343/1/3
f 1372/1/3 1344/1/3 1371/1/3
f 1373/1/3 1344/1/3 1372/1/3
f 1374/1/3 1290/1/3 1344/1/3
f 1374/1/3 1344/1/3 1373/1/3
f 1375/1/3 1345/1/3 1291/1/3
f 1375/1/3 1346/1/3 1345/1/3
f 1376/1/3 1292/1/3 1346/1/3
f 1376/1/3 1346/1/3 1375/1/3
f 1377/1/3 1292/1/3 1376/1/3
f 1378/1/3 1292/1/3 1377/1/3
f 1379/1/3 1349/1/3 1348/1/3
f 1379/1/3 1348/1/3 1347/1/3
f 1379/1/3 1350/1/3 1349/1/3
f 1379/1/3 1347/1/3 1293/1/3
f 1380/1/3 1350/1/3 1379/1/3
f 1381/1/3 1350/1/3 1380/1/3
f 1382/1/3 1294/1/3 1350/1/3
f 1382/1/3 1350/1/3 1381/1/3
f 1383/1/3 1351/1/3 1279/1/3
f 1383/2/3 1352/2/3 1351/2/3
f 1384/1/3 1353/1/3 1352/1/3
f 1384/2/3 1352/2/3 1383/2/3
f 1385/2/3 1354/2/3 1353/2/3
f 1385/1/3 1353/1/3 1384/1/3
f 1386/1/3 1280/1/3 1354/1/3
f 1386/2/3 1354/2/3 1385/2/3
f 1387/2/3 1356/2/3 1355/2/3
f 1387/1/3 1355/1/3 1281/1/3
f 1388/1/3 1357/1/3 1356/1/3
f 1388/2/3 1356/2/3 1387/2/3
f 1389/2/3 1358/2/3 1357/2/3
f 1389/1/3 1357/1/3 1388/1/3
f 1390/1/3 1282/1/3 1358/1/3
f 1390/2/3 1358/2/3 1389/2/3
f 1391/2/3 1360/2/3 1359/2/3
f 1391/1/3 1359/1/3 1283/1/3
f 1392/1/3 1361/1/3 1360/1/3
f 1392/2/3 1360/2/3 1391/2/3
f 1393/2/3 1362/2/3 1361/2/3
f 1393/1/3 1361/1/3 1392/1/3
f 1394/1/3 1284/1/3 1362/1/3
f 1394/2/3 1362/2/3 1393/2/3
f 1395/2/3 1364/2/3 1363/2/3
f 1395/1/3 1363/1/3 1285/1/3
f 1396/1/3 1365/1/3 1364/1/3
f 1396/2/3 1364/2/3 1395/2/3
f 1397/2/3 1366/2/3 1365/2/3
f 1397/1/3 1365/1/3 1396/1/3
f 1398/1/3 1286/1/3 1366/1/3
f 1398/2/3 1366/2/3 1397/2/3
f 1399/2/3 1368/2/3 1367/2/3
f 1399/1/3 1367/1/3 1287/1/3
f 1400/1/3 1369/1/3 1368/1/3
f 1400/2/3 1368/2/3 1399/2/3
f 1401/2/3 1370/2/3 1369/2/3
f 1401/1/3 1369/1/3 1400/1/3
f 1402/1/3 1288/1/3 1370/1/3
f 1402/2/3 1370/2/3 1401/2/3
f 1403/1/3 1371/1/3 1289/1/3
f 1403/2/3 1372/2/3 1371/2/3
f 1404/1/3 1373/1/3 1372/1/3
f 1404/2/3 1372/2/3 1403/2/3
f 1405/2/3 1374/2/3 1373/2/3
f 1405/1/3 1373/1/3 1404/1/3
f 1406/1/3 1290/1/3 1374/1/3
f 1406/2/3 1374/2/3 1405/2/3
f 1407/2/3 1376/2/3 1375/2/3
f 1407/1/3 1375/1/3 1291/1/3
f 1408/1/3 1377/1/3 1376/1/3
f 1408/2/3 1376/2/3 1407/2/3
f 1409/2/3 1378/2/3 1377/2/3
f 1409/1/3 1377/1/3 1408/1/3
f 1410/1/3 1292/1/3 1378/1/3
f 1410/2/3 1378/2/3 1409/2/3
f 1411/1/3 1379/1/3 1293/1/3
f 1411/2/3 1380/2/3 1379/2/3
f 1412/1/3 1381/1/3 1380/1/3
f 1412/2/3 1380/2/3 1411/2/3
f 1413/2/3 1382/2/3 1381/2/3
f 1413/1/3 1381/1/3 1412/1/3
f 1414/1/3 1294/1/3 1382/1/3
f 1414/2/3 1382/2/3 1413/2/3
f 1415/3/3 1279/3/3 329/3/3
f 1415/1/3 1385/1/3 1384/1/3
f 1415/1/3 1383/1/3 1279/1/3
f 1415/1/3 1384/1/3 1383/1/3
f 1415/1/3 1386/1/3 1385/1/3
f 1416/3/3 1281/3/3 1280/3/3
f 1416/1/3 1386/1/3 1415/1/3
f 1416/1/3 1280/1/3 1386/1/3
f 1417/1/3 1389/1/3 1388/1/3
f 1417/3/3 1281/3/3 1416/3/3
f 1417/1/3 1387/1/3 1281/1/3
f 1417/1/3 1388/1/3 1387/1/3
f 1417/1/3 1390/1/3 1389/1/3
f 1418/3/3 1283/3/3 1282/3/3
f 1418/1/3 1390/1/3 1417/1/3
f 1418/1/3 1282/1/3 1390/1/3
f 1419/1/3 1393/1/3 1392/1/3
f 1419/3/3 1283/3/3 1418/3/3
f 1419/1/3 1391/1/3 1283/1/3
f 1419/1/3 1392/1/3 1391/1/3
f 1419/1/3 1394/1/3 1393/1/3
f 1420/3/3 1285/3/3 1284/3/3
f 1420/1/3 1394/1/3 1419/1/3
f 1420/1/3 1284/1/3 1394/1/3
f 1421/1/3 1397/1/3 1396/1/3
f 1421/3/3 1285/3/3 1420/3/3
f 1421/1/3 1398/1/3 1397/1/3
f 1421/1/3 1395/1/3 1285/1/3
f 1421/1/3 1396/1/3 1395/1/3
f 1422/3/3 1287/3/3 1286/3/3
f 1422/1/3 1398/1/3 1421/1/3
f 1422/1/3 1286/1/3 1398/1/3
f 1423/1/3 1401/1/3 1400/1/3
f 1423/3/3 1287/3/3 1422/3/3
f 1423/1/3 1402/1/3 1401/1/3
f 1423/1/3 1400/1/3 1399/1/3
f 1423/1/3 1399/1/3 1287/1/3
f 1424/3/3 1289/3/3 1288/3/3
f 1424/1/3 1402/1/3 1423/1/3
f 1424/1/3 1288/1/3 1402/1/3
f 1425/1/3 1405/1/3 1404/1/3
f 1425/3/3 1289/3/3 1424/3/3
f 1425/1/3 1404/1/3 1403/1/3
f 1425/1/3 1403/1/3 1289/1/3
f 1425/1/3 1406/1/3 1405/1/3
f 1426/3/3 1291/3/3 1290/3/3
f 1426/1/3 1406/1/3 1425/1/3
f 1426/1/3 1290/1/3 1406/1/3
f 1427/1/3 1409/1/3 1408/1/3
f 1427/3/3 1291/3/3 1426/3/3
f 1427/1/3 1408/1/3 1407/1/3
f 1427/1/3 1407/1/3 1291/1/3
f 1427/1/3 1410/1/3 1409/1/3
f 1428/3/3 1293/3/3 1292/3/3
f 1428/1/3 1410/1/3 1427/1/3
f 1428/1/3 1292/1/3 1410/1/3
f 1429/1/3 1411/1/3 1293/1/3
f 1429/3/3 1293/3/3 1428/3/3
f 1429/1/3 1414/1/3 1413/1/3
f 1429/1/3 1413/1/3 1412/1/3
f 1429/1/3 1412/1/3 1411/1/3
f 1430/1/3 1294/1/3 1414/1/3
f 1430/1/3 1414/1/3 1429/1/3
f 1430/3/3 330/3/3 1294/3/3
f 1431/3/3 1427/3/3 1426/3/3
f 1431/3/3 1429/3/3 1428/3/3
f 1431/3/3 1430/3/3 1429/3/3
f 1431/3/3 1422/3/3 1421/3/3
f 1431/3/3 1425/3/3 1424/3/3
f 1431/3/3 1420/3/3 1419/3/3
f 1431/3/3 1423/3/3 1422/3/3
f 1431/3/3 1418/3/3 1417/3/3
f 1431/3/3 1421/3/3 1420/3/3
f 1431/3/3 1416/3/3 1415/3/3
f 1431/3/3 1419/3/3 1418/3/3
f 1431/3/3 1426/3/3 1425/3/3
f 1431/3/3 1417/3/3 1416/3/3
f 1431/3/3 1428/3/3 1427/3/3
f 1431/3/3 1415/3/3 329/3/3
f 1431/3/3 1424/3/3 1423/3/3
f 1432/3/3 1430/3/3 1431/3/3
f 1433/3/3 1430/3/3 1432/3/3
f 1434/3/3 1430/3/3 1433/3/3
f 1435/3/3 1430/3/3 1434/3/3
f 1436/3/3 1430/3/3 1435/3/3
f 1437/3/3 1430/3/3 1436/3/3
f 1438/3/3 1430/3/3 1437/3/3
f 1439/3/3 1430/3/3 1438/3/3
f 1440/3/3 1430/3/3 1439/3/3
f 1441/3/3 1430/3/3 1440/3/3
f 1442/3/3 1430/3/3 1441/3/3
f 1443/3/3 1430/3/3 1442/3/3
f 1444/3/3 1430/3/3 1443/3/3
f 1445/3/3 1430/3/3 1444/3/3
f 1446/3/3 330/3/3 1430/3/3
f 1446/3/3 1430/3/3 1445/3/3
f 1447/1/3 1432/1/3 1431/1/3
f 1448/1/3 1432/1/3 1447/1/3
f 1449/1/3 1434/1/3 1433/1/3
f 1450/1/3 1434/1/3 1449/1/3
f 1451/1/3 1434/1/3 1450/1/3
f 1452/1/3 1434/1/3 1451/1/3
f 1453/1/3 1436/1/3 1435/1/3
f 1454/1/3 1436/1/3 1453/1/3
f 1455/1/3 1436/1/3 1454/1/3
f 1456/1/3 1436/1/3 1455/1/3
f 1457/1/3 1438/1/3 1437/1/3
f 1458/1/3 1438/1/3 1457/1/3
f 1459/1/3 1438/1/3 1458/1/3
f 1460/1/3 1438/1/3 1459/1/3
f 1461/1/3 1440/1/3 1439/1/3
f 1462/1/3 1440/1/3 1461/1/3
f 1463/1/3 1440/1/3 1462/1/3
f 1464/1/3 1440/1/3 1463/1/3
f 1465/1/3 1442/1/3 1441/1/3
f 1466/1/3 1442/1/3 1465/1/3
f 1467/1/3 1442/1/3 1466/1/3
f 1468/1/3 1442/1/3 1467/1/3
f 1469/1/3 1444/1/3 1443/1/3
f 1470/1/3 1444/1/3 1469/1/3
f 1471/1/3 1444/1/3 1470/1/3
f 1472/1/3 1444/1/3 1471/1/3
f 1473/1/3 1446/1/3 1445/1/3
f 1474/1/3 1446/1/3 1473/1/3
f 1475/1/3 1446/1/3 1474/1/3
f 1476/1/3 1446/1/3 1475/1/3
f 1477/1/3 1447/1/3 1431/1/3
f 1477/2/3 1448/2/3 1447/2/3
f 1478/1/3 1432/1/3 1448/1/3
f 1478/2/3 1448/2/3 1477/2/3
f 1479/1/3 1449/1/3 1433/1/3
f 1479/2/3 1450/2/3 1449/2/3
f 1480/1/3 1451/1/3 1450/1/3
f 1480/2/3 1450/2/3 1479/2/3
f 1481/2/3 1452/2/3 1451/2/3
f 1481/1/3 1451/1/3 1480/1/3
f 1482/1/3 1434/1/3 1452/1/3
f 1482/2/3 1452/2/3 1481/2/3
f 1483/1/3 1453/1/3 1435/1/3
f 1483/2/3 1454/2/3 1453/2/3
f 1484/1/3 1455/1/3 1454/1/3
f 1484/2/3 1454/2/3 1483/2/3
f 1485/2/3 1456/2/3 1455/2/3
f 1485/1/3 1455/1/3 1484/1/3
f 1486/1/3 1436/1/3 1456/1/3
f 1486/2/3 1456/2/3 1485/2/3
f 1487/1/3 1457/1/3 1437/1/3
f 1487/2/3 1458/2/3 1457/2/3
f 1488/1/3 1459/1/3 1458/1/3
f 1488/2/3 1458/2/3 1487/2/3
f 1489/2/3 1460/2/3 1459/2/3
f 1489/1/3 1459/1/3 1488/1/3
f 1490/1/3 1438/1/3 1460/1/3
f 1490/2/3 1460/2/3 1489/2/3
f 1491/1/3 1461/1/3 1439/1/3
f 1491/2/3 1462/2/3 1461/2/3
f 1492/1/3 1463/1/3 1462/1/3
f 1492/2/3 1462/2/3 1491/2/3
f 1493/2/3 1464/2/3 1463/2/3
f 1493/1/3 1463/1/3 1492/1/3
f 1494/1/3 1440/1/3 1464/1/3
f 1494/2/3 1464/2/3 1493/2/3
f 1495/1/3 1465/1/3 1441/1/3
f 1495/2/3 1466/2/3 1465/2/3
f 1496/1/3 1467/1/3 1466/1/3
f 1496/2/3 1466/2/3 1495/2/3
f 1497/2/3 1468/2/3 1467/2/3
f 1497/1/3 1467/1/3 1496/1/3
f 1498/1/3 1442/1/3 1468/1/3
f 1498/2/3 1468/2/3 1497/2/3
f 1499/1/3 1469/1/3 1443/1/3
f 1499/2/3 1470/2/3 1469/2/3
f 1500/1/3 1471/1/3 1470/1/3
f 1500/2/3 1470/2/3 1499/2/3
f 1501/2/3 1472/2/3 1471/2/3
f 1501/1/3 1471/1/3 1500/1/3
f 1502/1/3 1444/1/3 1472/1/3
f 1502/2/3 1472/2/3 1501/2/3
f 1503/1/3 1473/1/3 1445/1/3
f 1503/2/3 1474/2/3 1473/2/3
f 1504/1/3 1475/1/3 1474/1/3
f 1504/2/3 1474/2/3 1503/2/3
f 1505/2/3 1476/2/3 1475/2/3
f 1505/1/3 1475/1/3 1504/1/3
f 1506/1/3 1446/1/3 1476/1/3
f 1506/2/3 1476/2/3 1505/2/3
f 1507/1/3 1477/1/3 1431/1/3
f 1507/1/3 1478/1/3 1477/1/3
f 1508/1/3 1432/1/3 1478/1/3
f 1508/1/3 1478/1/3 1507/1/3
f 1509/1/3 1432/1/3 1508/1/3
f 1510/1/3 1432/1/3 1509/1/3
f 1511/1/3 1481/1/3 1480/1/3
f 1511/1/3 1479/1/3 1433/1/3
f 1511/1/3 1480/1/3 1479/1/3
f 1511/1/3 1482/1/3 1481/1/3
f 1512/1/3 1482/1/3 1511/1/3
f 1513/1/3 1482/1/3 1512/1/3
f 1514/1/3 1434/1/3 1482/1/3
f 1514/1/3 1482/1/3 1513/1/3
f 1515/1/3 1485/1/3 1484/1/3
f 1515/1/3 1483/1/3 1435/1/3
f 1515/1/3 1484/1/3 1483/1/3
f 1515/1/3 1486/1/3 1485/1/3
f 1516/1/3 1486/1/3 1515/1/3
f 1517/1/3 1486/1/3 1516/1/3
f 1518/1/3 1436/1/3 1486/1/3
f 1518/1/3 1486/1/3 1517/1/3
f 1519/1/3 1489/1/3 1488/1/3
f 1519/1/3 1487/1/3 1437/1/3
f 1519/1/3 1488/1/3 1487/1/3
f 1519/1/3 1490/1/3 1489/1/3
f 1520/1/3 1490/1/3 1519/1/3
f 1521/1/3 1490/1/3 1520/1/3
f 1522/1/3 1438/1/3 1490/1/3
f 1522/1/3 1490/1/3 1521/1/3
f 1523/1/3 1493/1/3 1492/1/3
f 1523/1/3 1491/1/3 1439/1/3
f 1523/1/3 1492/1/3 1491/1/3
f 1523/1/3 1494/1/3 1493/1/3
f 1524/1/3 1494/1/3 1523/1/3
f 1525/1/3 1494/1/3 1524/1/3
f 1526/1/3 1440/1/3 1494/1/3
f 1526/1/3 1494/1/3 1525/1/3
f 1527/1/3 1497/1/3 1496/1/3
f 1527/1/3 1495/1/3 1441/1/3
f 1527/1/3 1496/1/3 1495/1/3
f 1527/1/3 1498/1/3 1497/1/3
f 1528/1/3 1498/1/3 1527/1/3
f 1529/1/3 1498/1/3 1528/1/3
f 1530/1/3 1442/1/3 1498/1/3
f 1530/1/3 1498/1/3 1529/1/3
f 1531/1/3 1501/1/3 1500/1/3
f 1531/1/3 1499/1/3 1443/1/3
f 1531/1/3 1500/1/3 1499/1/3
f 1531/1/3 1502/1/3 1501/1/3
f 1532/1/3 1502/1/3 1531/1/3
f 1533/1/3 1502/1/3 1532/1/3
f 1534/1/3 1444/1/3 1502/1/3
f 1534/1/3 1502/1/3 1533/1/3
f 1535/1/3 1505/1/3 1504/1/3
f 1535/1/3 1504/1/3 1503/1/3
f 1535/1/3 1506/1/3 1505/1/3
f 1535/1/3 1503/1/3 1445/1/3
f 1536/1/3 1506/1/3 1535/1/3
f 1537/1/3 1506/1/3 1536/1/3
f 1538/1/3 1446/1/3 1506/1/3
f 1538/1/3 1506/1/3 1537/1/3
f 1539/1/3 1507/1/3 1431/1/3
f 1539/2/3 1508/2/3 1507/2/3
f 1540/1/3 1509/1/3 1508/1/3
f 1540/2/3 1508/2/3 1539/2/3
f 1541/2/3 1510/2/3 1509/2/3
f 1541/1/3 1509/1/3 1540/1/3
f 1542/1/3 1432/1/3 1510/1/3
f 1542/2/3 1510/2/3 1541/2/3
f 1543/2/3 1512/2/3 1511/2/3
f 1543/1/3 1511/1/3 1433/1/3
f 1544/1/3 1513/1/3 1512/1/3
f 1544/2/3 1512/2/3 1543/2/3
f 1545/2/3 1514/2/3 1513/2/3
f 1545/1/3 1513/1/3 1544/1/3
f 1546/1/3 1434/1/3 1514/1/3
f 1546/2/3 1514/2/3 1545/2/3
f 1547/2/3 1516/2/3 1515/2/3
f 1547/1/3 1515/1/3 1435/1/3
f 1548/1/3 1517/1/3 1516/1/3
f 1548/2/3 1516/2/3 1547/2/3
f 1549/2/3 1518/2/3 1517/2/3
f 1549/1/3 1517/1/3 1548/1/3
f 1550/1/3 1436/1/3 1518/1/3
f 1550/2/3 1518/2/3 1549/2/3
f 1551/2/3 1520/2/3 1519/2/3
f 1551/1/3 1519/1/3 1437/1/3
f 1552/1/3 1521/1/3 1520/1/3
f 1552/2/3 1520/2/3 1551/2/3
f 1553/2/3 1522/2/3 1521/2/3
f 1553/1/3 1521/1/3 1552/1/3
f 1554/1/3 1438/1/3 1522/1/3
f 1554/2/3 1522/2/3 1553/2/3
f 1555/2/3 1524/2/3 1523/2/3
f 1555/1/3 1523/1/3 1439/1/3
f 1556/1/3 1525/1/3 1524/1/3
f 1556/2/3 1524/2/3 1555/2/3
f 1557/2/3 1526/2/3 1525/2/3
f 1557/1/3 1525/1/3 1556/1/3
f 1558/1/3 1440/1/3 1526/1/3
f 1558/2/3 1526/2/3 1557/2/3
f 1559/2/3 1528/2/3 1527/2/3
f 1559/1/3 1527/1/3 1441/1/3
f 1560/1/3 1529/1/3 1528/1/3
f 1560/2/3 1528/2/3 1559/2/3
f 1561/2/3 1530/2/3 1529/2/3
f 1561/1/3 1529/1/3 1560/1/3
f 1562/1/3 1442/1/3 1530/1/3
f 1562/2/3 1530/2/3 1561/2/3
f 1563/2/3 1532/2/3 1531/2/3
f 1563/1/3 1531/1/3 1443/1/3
f 1564/1/3 1533/1/3 1532/1/3
f 1564/2/3 1532/2/3 1563/2/3
f 1565/2/3 1534/2/3 1533/2/3
f 1565/1/3 1533/1/3 1564/1/3
f 1566/1/3 1444/1/3 1534/1/3
f 1566/2/3 1534/2/3 1565/2/3
f 1567/1/3 1535/1/3 1445/1/3
f 1567/2/3 1536/2/3 1535/2/3
f 1568/1/3 1537/1/3 1536/1/3
f 1568/2/3 1536/2/3 1567/2/3
f 1569/2/3 1538/2/3 1537/2/3
f 1569/1/3 1537/1/3 1568/1/3
f 1570/1/3 1446/1/3 1538/1/3
f 1570/2/3 1538/2/3 1569/2/3
f 1571/3/3 1431/3/3 329/3/3
f 1571/1/3 1541/1/3 1540/1/3
f 1571/1/3 1540/1/3 1539/1/3
f 1571/1/3 1539/1/3 1431/1/3
f 1571/1/3 1542/1/3 1541/1/3
f 1572/3/3 1433/3/3 1432/3/3
f 1572/1/3 1542/1/3 1571/1/3
f 1572/1/3 1432/1/3 1542/1/3
f 1573/1/3 1545/1/3 1544/1/3
f 1573/3/3 1433/3/3 1572/3/3
f 1573/1/3 1543/1/3 1433/1/3
f 1573/1/3 1544/1/3 1543/1/3
f 1573/1/3 1546/1/3 1545/1/3
f 1574/3/3 1435/3/3 1434/3/3
f 1574/1/3 1546/1/3 1573/1/3
f 1574/1/3 1434/1/3 1546/1/3
f 1575/1/3 1549/1/3 1548/1/3
f 1575/3/3 1435/3/3 1574/3/3
f 1575/1/3 1547/1/3 1435/1/3
f 1575/1/3 1548/1/3 1547/1/3
f 1575/1/3 1550/1/3 1549/1/3
f 1576/3/3 1437/3/3 1436/3/3
f 1576/1/3 1550/1/3 1575/1/3
f 1576/1/3 1436/1/3 1550/1/3
f 1577/1/3 1553/1/3 1552/1/3
f 1577/3/3 1437/3/3 1576/3/3
f 1577/1/3 1554/1/3 1553/1/3
f 1577/1/3 1551/1/3 1437/1/3
f 1577/1/3 1552/1/3 1551/1/3
f 1578/3/3 1439/3/3 1438/3/3
f 1578/1/3 1554/1/3 1577/1/3
f 1578/1/3 1438/1/3 1554/1/3
f 1579/1/3 1557/1/3 1556/1/3
f 1579/3/3 1439/3/3 1578/3/3
f 1579/1/3 1558/1/3 1557/1/3
f 1579/1/3 1556/1/3 1555/1/3
f 1579/1/3 1555/1/3 1439/1/3
f 1580/3/3 1441/3/3 1440/3/3
f 1580/1/3 1558/1/3 1579/1/3
f 1580/1/3 1440/1/3 1558/1/3
f 1581/1/3 1561/1/3 1560/1/3
f 1581/3/3 1441/3/3 1580/3/3
f 1581/1/3 1562/1/3 1561/1/3
f 1581/1/3 1559/1/3 1441/1/3
f 1581/1/3 1560/1/3 1559/1/3
f 1582/3/3 1443/3/3 1442/3/3
f 1582/1/3 1562/1/3 1581/1/3
f 1582/1/3 1442/1/3 1562/1/3
f 1583/1/3 1565/1/3 1564/1/3
f 1583/3/3 1443/3/3 1582/3/3
f 1583/1/3 1564/1/3 1563/1/3
f 1583/1/3 1563/1/3 1443/1/3
f 1583/1/3 1566/1/3 1565/1/3
f 1584/3/3 1445/3/3 1444/3/3
f 1584/1/3 1566/1/3 1583/1/3
f 1584/1/3 1444/1/3 1566/1/3
f 1585/1/3 1567/1/3 1445/1/3
f 1585/3/3 1445/3/3 1584/3/3
f 1585/1/3 1570/1/3 1569/1/3
f 1585/1/3 1569/1/3 1568/1/3
f 1585/1/3 1568/1/3 1567/1/3
f 1586/1/3 1446/1/3 1570/1/3
f 1586/1/3 1570/1/3 1585/1/3
f 1586/3/3 330/3/3 1446/3/3
f 1587/3/3 1583/3/3 1582/3/3
f 1587/3/3 1585/3/3 1584/3/3
f 1587/3/3 1586/3/3 1585/3/3
f 1587/3/3 1578/3/3 1577/3/3
f 1587/3/3 1581/3/3 1580/3/3
f 1587/3/3 1576/3/3 1575/3/3
f 1587/3/3 1579/3/3 1578/3/3
f 1587/3/3 1574/3/3 1573/3/3
f 1587/3/3 1577/3/3 1576/3/3
f 1587/3/3 1572/3/3 1571/3/3
f 1587/3/3 1575/3/3 1574/3/3
f 1587/3/3 1582/3/3 1581/3/3
f 1587/3/3 1573/3/3 1572/3/3
f 1587/3/3 1584/3/3 1583/3/3
f 1587/3/3 1571/3/3 329/3/3
f 1587/3/3 1580/3/3 1579/3/3
f 1588/3/3 330/3/3 1586/3/3
f 1588/3/3 1586/3/3 1587/3/3
f 1589/3/4 1590/3/4 1591/3/4
f 1591/3/4 1590/3/4 1592/3/4
f 1592/3/4 1590/3/4 1593/3/4
f 1593/3/4 1590/3/4 1594/3/4
f 1594/3/4 1590/3/4 1595/3/4
f 1595/3/4 1590/3/4 1596/3/4
f 1596/3/4 1590/3/4 1597/3/4
f 1597/3/4 1590/3/4 1598/3/4
f 1598/3/4 1590/3/4 1599/3/4
f 1599/3/4 1590/3/4 1600/3/4
f 1600/3/4 1590/3/4 1601/3/4
f 1601/3/4 1590/3/4 1602/3/4
f 1602/3/4 1590/3/4 1603/3/4
f 1603/3/4 1590/3/4 1604/3/4
f 1604/3/4 1590/3/4 1605/3/4
f 1605/3/4 1590/3/4 1606/3/4
f 1591/1/4 1592/1/4 1607/1/4
f 1607/1/4 1592/1/4 1608/1/4
f 1608/1/4 1592/1/4 1609/1/4
f 1609/1/4 1592/1/4 1610/1/4
f 1593/1/4 1594/1/4 1611/1/4
f 1611/1/4 1594/1/4 1612/1/4
f 1612/1/4 1594/1/4 1613/1/4
f 1613/1/4 1594/1/4 1614/1/4
f 1595/1/4 1596/1/4 1615/1/4
f 1615/1/4 1596/1/4 1616/1/4
f 1616/1/4 1596/1/4 1617/1/4
f 1617/1/4 1596/1/4 1618/1/4
f 1597/1/4 1598/1/4 1619/1/4
f 1619/1/4 1598/1/4 1620/1/4
f 1620/1/4 1598/1/4 1621/1/4
f 1621/1/4 1598/1/4 1622/1/4
f 1599/1/4 1600/1/4 1623/1/4
f 1623/1/4 1600/1/4 1624/1/4
f 1624/1/4 1600/1/4 1625/1/4
f 1625/1/4 1600/1/4 1626/1/4
f 1601/1/4 1602/1/4 1627/1/4
f 1627/1/4 1602/1/4 1628/1/4
f 1628/1/4 1602/1/4 1629/1/4
f 1629/1/4 1602/1/4 1630/1/4
f 1603/1/4 1604/1/4 1631/1/4
f 1631/1/4 1604/1/4 1632/1/4
f 1632/1/4 1604/1/4 1633/1/4
f 1633/1/4 1604/1/4 1634/1/4
f 1605/1/4 1606/1/4 1635/1/4
f 1635/1/4 1606/1/4 1636/1/4
f 1636/1/4 1606/1/4 1637/1/4
f 1637/1/4 1606/1/4 1638/1/4
f 1591/1/4 1607/1/4 1639/1/4
f 1607/2/4 1608/2/4 1639/2/4
f 1608/1/4 1609/1/4 1640/1/4
f 1639/2/4 1608/2/4 1640/2/4
f 1609/2/4 1610/2/4 1641/2/4
f 1640/1/4 1609/1/4 1641/1/4
f 1610/1/4 1592/1/4 1642/1/4
f 1641/2/4 1610/2/4 1642/2/4
f 1593/1/4 1611/1/4 1643/1/4
f 1611/2/4 1612/2/4 1643/2/4
f 1612/1/4 1613/1/4 1644/1/4
f 1643/2/4 1612/2/4 1644/2/4
f 1613/2/4 1614/2/4 1645/2/4
f 1644/1/4 1613/1/4 1645/1/4
f 1614/1/4 1594/1/4 1646/1/4
f 1645/2/4 1614/2/4 1646/2/4
f 1595/1/4 1615/1/4 1647/1/4
f 1615/2/4 1616/2/4 1647/2/4
f 1616/1/4 1617/1/4 1648/1/4
f 1647/2/4 1616/2/4 1648/2/4
f 1617/2/4 1618/2/4 1649/2/4
f 1648/1/4 1617/1/4 1649/1/4
f 1618/1/4 1596/1/4 1650/1/4
f 1649/2/4 1618/2/4 1650/2/4
f 1597/1/4 1619/1/4 1651/1/4
f 1619/2/4 1620/2/4 1651/2/4
f 1620/1/4 1621/1/4 1652/1/4
f 1651/2/4 1620/2/4 1652/2/4
f 1621/2/4 1622/2/4 1653/2/4
f 1652/1/4 1621/1/4 1653/1/4
f 1622/1/4 1598/1/4 1654/1/4
f 1653/2/4 1622/2/4 1654/2/4
f 1599/1/4 1623/1/4 1655/1/4
f 1623/2/4 1624/2/4 1655/2/4
f 1624/1/4 1625/1/4 1656/1/4
f 1655/2/4 1624/2/4 1656/2/4
f 1625/2/4 1626/2/4 1657/2/4
f 1656/1/4 1625/1/4 1657/1/4
f 1626/1/4 1600/1/4 1658/1/4
f 1657/2/4 1626/2/4 1658/2/4
f 1601/1/4 1627/1/4 1659/1/4
f 1627/2/4 1628/2/4 1659/2/4
f 1628/1/4 1629/1/4 1660/1/4
f 1659/2/4 1628/2/4 1660/2/4
f 1629/2/4 1630/2/4 1661/2/4
f 1660/1/4 1629/1/4 1661/1/4
f 1630/1/4 1602/1/4 1662/1/4
f 1661/2/4 1630/2/4 1662/2/4
f 1603/1/4 1631/1/4 1663/1/4
f 1631/2/4 1632/2/4 1663/2/4
f 1632/1/4 1633/1/4 1664/1/4
f 1663/2/4 1632/2/4 1664/2/4
f 1633/2/4 1634/2/4 1665/2/4
f 1664/1/4 1633/1/4 1665/1/4
f 1634/1/4 1604/1/4 1666/1/4
f 1665/2/4 1634/2/4 1666/2/4
f 1605/1/4 1635/1/4 1667/1/4
f 1635/2/4 1636/2/4 1667/2/4
f 1636/1/4 1637/1/4 1668/1/4
f 1667/2/4 1636/2/4 1668/2/4
f 1637/2/4 1638/2/4 1669/2/4
f 1668/1/4 1637/1/4 1669/1/4
f 1638/1/4 1606/1/4 1670/1/4
f 1669/2/4 1638/2/4 1670/2/4
f 1640/1/4 1641/1/4 1671/1/4
f 1591/1/4 1639/1/4 1671/1/4
f 1639/1/4 1640/1/4 1671/1/4
f 1641/1/4 1642/1/4 1671/1/4
f 1671/1/4 1642/1/4 1672/1/4
f 1672/1/4 1642/1/4 1673/1/4
f 1642/1/4 1592/1/4 1674/1/4
f 1673/1/4 1642/1/4 1674/1/4
f 1644/1/4 1645/1/4 1675/1/4
f 1593/1/4 1643/1/4 1675/1/4
f 1643/1/4 1644/1/4 1675/1/4
f 1645/1/4 1646/1/4 1675/1/4
f 1675/1/4 1646/1/4 1676/1/4
f 1676/1/4 1646/1/4 1677/1/4
f 1646/1/4 1594/1/4 1678/1/4
f 1677/1/4 1646/1/4 1678/1/4
f 1648/1/4 1649/1/4 1679/1/4
f 1595/1/4 1647/1/4 1679/1/4
f 1647/1/4 1648/1/4 1679/1/4
f 1649/1/4 1650/1/4 1679/1/4
f 1679/1/4 1650/1/4 1680/1/4
f 1680/1/4 1650/1/4 1681/1/4
f 1650/1/4 1596/1/4 1682/1/4
f 1681/1/4 1650/1/4 1682/1/4
f 1652/1/4 1653/1/4 1683/1/4
f 1597/1/4 1651/1/4 1683/1/4
f 1651/1/4 1652/1/4 1683/1/4
f 1653/1/4 1654/1/4 1683/1/4
f 1683/1/4 1654/1/4 1684/1/4
f 1684/1/4 1654/1/4 1685/1/4
f 1654/1/4 1598/1/4 1686/1/4
f 1685/1/4 1654/1/4 1686/1/4
f 1656/1/4 1657/1/4 1687/1/4
f 1599/1/4 1655/1/4 1687/1/4
f 1655/1/4 1656/1/4 1687/1/4
f 1657/1/4 1658/1/4 1687/1/4
f 1687/1/4 1658/1/4 1688/1/4
f 1688/1/4 1658/1/4 1689/1/4
f 1658/1/4 1600/1/4 1690/1/4
f 1689/1/4 1658/1/4 1690/1/4
f 1660/1/4 1661/1/4 1691/1/4
f 1601/1/4 1659/1/4 1691/1/4
f 1659/1/4 1660/1/4 1691/1/4
f 1661/1/4 1662/1/4 1691/1/4
f 1691/1/4 1662/1/4 1692/1/4
f 1692/1/4 1662/1/4 1693/1/4
f 1662/1/4 1602/1/4 1694/1/4
f 1693/1/4 1662/1/4 1694/1/4
f 1664/1/4 1665/1/4 1695/1/4
f 1665/1/4 1666/1/4 1695/1/4
f 1603/1/4 1663/1/4 1695/1/4
f 1663/1/4 1664/1/4 1695/1/4
f 1695/1/4 1666/1/4 1696/1/4
f 1696/1/4 1666/1/4 1697/1/4
f 1666/1/4 1604/1/4 1698/1/4
f 1697/1/4 1666/1/4 1698/1/4
f 1668/1/4 1669/1/4 1699/1/4
f 1667/1/4 1668/1/4 1699/1/4
f 1669/1/4 1670/1/4 1699/1/4
f 1605/1/4 1667/1/4 1699/1/4
f 1699/1/4 1670/1/4 1700/1/4
f 1700/1/4 1670/1/4 1701/1/4
f 1670/1/4 1606/1/4 1702/1/4
f 1701/1/4 1670/1/4 1702/1/4
f 1671/2/4 1672/2/4 1703/2/4
f 1591/1/4 1671/1/4 1703/1/4
f 1672/1/4 1673/1/4 1704/1/4
f 1703/2/4 1672/2/4 1704/2/4
f 1673/2/4 1674/2/4 1705/2/4
f 1704/1/4 1673/1/4 1705/1/4
f 1674/1/4 1592/1/4 1706/1/4
f 1705/2/4 1674/2/4 1706/2/4
f 1675/2/4 1676/2/4 1707/2/4
f 1593/1/4 1675/1/4 1707/1/4
f 1676/1/4 1677/1/4 1708/1/4
f 1707/2/4 1676/2/4 1708/2/4
f 1677/2/4 1678/2/4 1709/2/4
f 1708/1/4 1677/1/4 1709/1/4
f 1678/1/4 1594/1/4 1710/1/4
f 1709/2/4 1678/2/4 1710/2/4
f 1679/2/4 1680/2/4 1711/2/4
f 1595/1/4 1679/1/4 1711/1/4
f 1680/1/4 1681/1/4 1712/1/4
f 1711/2/4 1680/2/4 1712/2/4
f 1681/2/4 1682/2/4 1713/2/4
f 1712/1/4 1681/1/4 1713/1/4
f 1682/1/4 1596/1/4 1714/1/4
f 1713/2/4 1682/2/4 1714/2/4
f 1683/2/4 1684/2/4 1715/2/4
f 1597/1/4 1683/1/4 1715/1/4
f 1684/1/4 1685/1/4 1716/1/4
f 1715/2/4 1684/2/4 1716/2/4
f 1685/2/4 1686/2/4 1717/2/4
f 1716/1/4 1685/1/4 1717/1/4
f 1686/1/4 1598/1/4 1718/1/4
f 1717/2/4 1686/2/4 1718/2/4
f 1687/2/4 1688/2/4 1719/2/4
f 1599/1/4 1687/1/4 1719/1/4
f 1688/1/4 1689/1/4 1720/1/4
f 1719/2/4 1688/2/4 1720/2/4
f 1689/2/4 1690/2/4 1721/2/4
f 1720/1/4 1689/1/4 1721/1/4
f 1690/1/4 1600/1/4 1722/1/4
f 1721/2/4 1690/2/4 1722/2/4
f 1691/2/4 1692/2/4 1723/2/4
f 1601/1/4 1691/1/4 1723/1/4
f 1692/1/4 1693/1/4 1724/1/4
f 1723/2/4 1692/2/4 1724/2/4
f 1693/2/4 1694/2/4 1725/2/4
f 1724/1/4 1693/1/4 1725/1/4
f 1694/1/4 1602/1/4 1726/1/4
f 1725/2/4 1694/2/4 1726/2/4
f 1695/2/4 1696/2/4 1727/2/4
f 1603/1/4 1695/1/4 1727/1/4
f 1696/1/4 1697/1/4 1728/1/4
f 1727/2/4 1696/2/4 1728/2/4
f 1697/2/4 1698/2/4 1729/2/4
f 1728/1/4 1697/1/4 1729/1/4
f 1698/1/4 1604/1/4 1730/1/4
f 1729/2/4 1698/2/4 1730/2/4
f 1605/1/4 1699/1/4 1731/1/4
f 1699/2/4 1700/2/4 1731/2/4
f 1700/1/4 1701/1/4 1732/1/4
f 1731/2/4 1700/2/4 1732/2/4
f 1701/2/4 1702/2/4 1733/2/4
f 1732/1/4 1701/1/4 1733/1/4
f 1702/1/4 1606/1/4 1734/1/4
f 1733/2/4 1702/2/4 1734/2/4
f 1589/3/4 1591/3/4 1735/3/4
f 1704/1/4 1705/1/4 1735/1/4
f 1591/1/4 1703/1/4 1735/1/4
f 1703/1/4 1704/1/4 1735/1/4
f 1705/1/4 1706/1/4 1735/1/4
f 1592/3/4 1593/3/4 1736/3/4
f 1735/1/4 1706/1/4 1736/1/4
f 1706/1/4 1592/1/4 1736/1/4
f 1708/1/4 1709/1/4 1737/1/4
f 1736/3/4 1593/3/4 1737/3/4
f 1593/1/4 1707/1/4 1737/1/4
f 1707/1/4 1708/1/4 1737/1/4
f 1709/1/4 1710/1/4 1737/1/4
f 1594/3/4 1595/3/4 1738/3/4
f 1737/1/4 1710/1/4 1738/1/4
f 1710/1/4 1594/1/4 1738/1/4
f 1712/1/4 1713/1/4 1739/1/4
f 1738/3/4 1595/3/4 1739/3/4
f 1595/1/4 1711/1/4 1739/1/4
f 1711/1/4 1712/1/4 1739/1/4
f 1713/1/4 1714/1/4 1739/1/4
f 1596/3/4 1597/3/4 1740/3/4
f 1739/1/4 1714/1/4 1740/1/4
f 1714/1/4 1596/1/4 1740/1/4
f 1716/1/4 1717/1/4 1741/1/4
f 1740/3/4 1597/3/4 1741/3/4
f 1717/1/4 1718/1/4 1741/1/4
f 1715/1/4 1716/1/4 1741/1/4
f 1597/1/4 1715/1/4 1741/1/4
f 1598/3/4 1599/3/4 1742/3/4
f 1741/1/4 1718/1/4 1742/1/4
f 1718/1/4 1598/1/4 1742/1/4
f 1720/1/4 1721/1/4 1743/1/4
f 1742/3/4 1599/3/4 1743/3/4
f 1721/1/4 1722/1/4 1743/1/4
f 1599/1/4 1719/1/4 1743/1/4
f 1719/1/4 1720/1/4 1743/1/4
f 1600/3/4 1601/3/4 1744/3/4
f 1743/1/4 1722/1/4 1744/1/4
f 1722/1/4 1600/1/4 1744/1/4
f 1724/1/4 1725/1/4 1745/1/4
f 1744/3/4 1601/3/4 1745/3/4
f 1725/1/4 1726/1/4 1745/1/4
f 1601/1/4 1723/1/4 1745/1/4
f 1723/1/4 1724/1/4 1745/1/4
f 1602/3/4 1603/3/4 1746/3/4
f 1745/1/4 1726/1/4 1746/1/4
f 1726/1/4 1602/1/4 1746/1/4
f 1728/1/4 1729/1/4 1747/1/4
f 1746/3/4 1603/3/4 1747/3/4
f 1727/1/4 1728/1/4 1747/1/4
f 1729/1/4 1730/1/4 1747/1/4
f 1603/1/4 1727/1/4 1747/1/4
f 1604/3/4 1605/3/4 1748/3/4
f 1747/1/4 1730/1/4 1748/1/4
f 1730/1/4 1604/1/4 1748/1/4
f 1605/1/4 1731/1/4 1749/1/4
f 1748/3/4 1605/3/4 1749/3/4
f 1733/1/4 1734/1/4 1749/1/4
f 1732/1/4 1733/1/4 1749/1/4
f 1731/1/4 1732/1/4 1749/1/4
f 1734/1/4 1606/1/4 1750/1/4
f 1749/1/4 1734/1/4 1750/1/4
f 1606/3/4 1590/3/4 1750/3/4
f 1748/3/4 1749/3/4 1751/3/4
f 1743/3/4 1744/3/4 1751/3/4
f 1749/3/4 1750/3/4 1751/3/4
f 1746/3/4 1747/3/4 1751/3/4
f 1741/3/4 1742/3/4 1751/3/4
f 1744/3/4 1745/3/4 1751/3/4
f 1739/3/4 1740/3/4 1751/3/4
f 1742/3/4 1743/3/4 1751/3/4
f 1737/3/4 1738/3/4 1751/3/4
f 1740/3/4 1741/3/4 1751/3/4
f 1735/3/4 1736/3/4 1751/3/4
f 1738/3/4 1739/3/4 1751/3/4
f 1745/3/4 1746/3/4 1751/3/4
f 1736/3/4 1737/3/4 1751/3/4
f 1747/3/4 1748/3/4 1751/3/4
f 1589/3/4 1735/3/4 1751/3/4
f 1751/3/4 1750/3/4 1752/3/4
f 1752/3/4 1750/3/4 1753/3/4
f 1753/3/4 1750/3/4 1754/3/4
f 1754/3/4 1750/3/4 1755/3/4
f 1755/3/4 1750/3/4 1756/3/4
f 1756/3/4 1750/3/4 1757/3/4
f 1757/3/4 1750/3/4 1758/3/4
f 1758/3/4 1750/3/4 1759/3/4
f 1759/3/4 1750/3/4 1760/3/4
f 1760/3/4 1750/3/4 1761/3/4
f 1761/3/4 1750/3/4 1762/3/4
f 1762/3/4 1750/3/4 1763/3/4
f 1763/3/4 1750/3/4 1764/3/4
f 1764/3/4 1750/3/4 1765/3/4
f 1750/3/4 1590/3/4 1766/3/4
f 1765/3/4 1750/3/4 1766/3/4
f 1751/1/4 1752/1/4 1767/1/4
f 1767/1/4 1752/1/4 1768/1/4
f 1768/1/4 1752/1/4 1769/1/4
f 1769/1/4 1752/1/4 1770/1/4
f 1753/1/4 1754/1/4 1771/1/4
f 1771/1/4 1754/1/4 1772/1/4
f 1772/1/4 1754/1/4 1773/1/4
f 1773/1/4 1754/1/4 1774/1/4
f 1755/1/4 1756/1/4 1775/1/4
f 1775/1/4 1756/1/4 1776/1/4
f 1776/1/4 1756/1/4 1777/1/4
f 1777/1/4 1756/1/4 1778/1/4
f 1757/1/4 1758/1/4 1779/1/4
f 1779/1/4 1758/1/4 1780/1/4
f 1780/1/4 1758/1/4 1781/1/4
f 1781/1/4 1758/1/4 1782/1/4
f 1759/1/4 1760/1/4 1783/1/4
f 1783/1/4 1760/1/4 1784/1/4
f 1784/1/4 1760/1/4 1785/1/4
f 1785/1/4 1760/1/4 1786/1/4
f 1761/1/4 1762/1/4 1787/1/4
f 1787/1/4 1762/1/4 1788/1/4
f 1788/1/4 1762/1/4 1789/1/4
f 1789/1/4 1762/1/4 1790/1/4
f 1763/1/4 1764/1/4 1791/1/4
f 1791/1/4 1764/1/4 1792/1/4
f 1792/1/4 1764/1/4 1793/1/4
f 1793/1/4 1764/1/4 1794/1/4
f 1765/1/4 1766/1/4 1795/1/4
f 1795/1/4 1766/1/4 1796/1/4
f 1796/1/4 1766/1/4 1797/1/4
f 1797/1/4 1766/1/4 1798/1/4
f 1751/1/4 1767/1/4 1799/1/4
f 1767/2/4 1768/2/4 1799/2/4
f 1768/1/4 1769/1/4 1800/1/4
f 1799/2/4 1768/2/4 1800/2/4
f 1769/2/4 1770/2/4 1801/2/4
f 1800/1/4 1769/1/4 1801/1/4
f 1770/1/4 1752/1/4 1802/1/4
f 1801/2/4 1770/2/4 1802/2/4
f 1753/1/4 1771/1/4 1803/1/4
f 1771/2/4 1772/2/4 1803/2/4
f 1772/1/4 1773/1/4 1804/1/4
f 1803/2/4 1772/2/4 1804/2/4
f 1773/2/4 1774/2/4 1805/2/4
f 1804/1/4 1773/1/4 1805/1/4
f 1774/1/4 1754/1/4 1806/1/4
f 1805/2/4 1774/2/4 1806/2/4
f 1755/1/4 1775/1/4 1807/1/4
f 1775/2/4 1776/2/4 1807/2/4
f 1776/1/4 1777/1/4 1808/1/4
f 1807/2/4 1776/2/4 1808/2/4
f 1777/2/4 1778/2/4 1809/2/4
f 1808/1/4 1777/1/4 1809/1/4
f 1778/1/4 1756/1/4 1810/1/4
f 1809/2/4 1778/2/4 1810/2/4
f 1757/1/4 1779/1/4 1811/1/4
f 1779/2/4 1780/2/4 1811/2/4
f 1780/1/4 1781/1/4 1812/1/4
f 1811/2/4 1780/2/4 1812/2/4
f 1781/2/4 1782/2/4 1813/2/4
f 1812/1/4 1781/1/4 1813/1/4
f 1782/1/4 1758/1/4 1814/1/4
f 1813/2/4 1782/2/4 1814/2/4
f 1759/1/4 1783/1/4 1815/1/4
f 1783/2/4 1784/2/4 1815/2/4
f 1784/1/4 1785/1/4 1816/1/4
f 1815/2/4 1784/2/4 1816/2/4
f 1785/2/4 1786/2/4 1817/2/4
f 1816/1/4 1785/1/4 1817/1/4
f 1786/1/4 1760/1/4 1818/1/4
f 1817/2/4 1786/2/4 1818/2/4
f 1761/1/4 1787/1/4 1819/1/4
f 1787/2/4 1788/2/4 1819/2/4
f 1788/1/4 1789/1/4 1820/1/4
f 1819/2/4 1788/2/4 1820/2/4
f 1789/2/4 1790/2/4 1821/2/4
f 1820/1/4 1789/1/4 1821/1/4
f 1790/1/4 1762/1/4 1822/1/4
f 1821/2/4 1790/2/4 1822/2/4
f 1763/1/4 1791/1/4 1823/1/4
f 1791/2/4 1792/2/4 1823/2/4
f 1792/1/4 1793/1/4 1824/1/4
f 1823/2/4 1792/2/4 1824/2/4
f 1793/2/4 1794/2/4 1825/2/4
f 1824/1/4 1793/1/4 1825/1/4
f 1794/1/4 1764/1/4 1826/1/4
f 1825/2/4 1794/2/4 1826/2/4
f 1765/1/4 1795/1/4 1827/1/4
f 1795/2/4 1796/2/4 1827/2/4
f 1796/1/4 1797/1/4 1828/1/4
f 1827/2/4 1796/2/4 1828/2/4
f 1797/2/4 1798/2/4 1829/2/4
f 1828/1/4 1797/1/4 1829/1/4
f 1798/1/4 1766/1/4 1830/1/4
f 1829/2/4 1798/2/4 1830/2/4
f 1800/1/4 1801/1/4 1831/1/4
f 1751/1/4 1799/1/4 1831/1/4
f 1799/1/4 1800/1/4 1831/1/4
f 1801/1/4 1802/1/4 1831/1/4
f 1831/1/4 1802/1/4 1832/1/4
f 1832/1/4 1802/1/4 1833/1/4
f 1802/1/4 1752/1/4 1834/1/4
f 1833/1/4 1802/1/4 1834/1/4
f 1804/1/4 1805/1/4 1835/1/4
f 1753/1/4 1803/1/4 1835/1/4
f 1803/1/4 1804/1/4 1835/1/4
f 1805/1/4 1806/1/4 1835/1/4
f 1835/1/4 1806/1/4 1836/1/4
f 1836/1/4 1806/1/4 1837/1/4
f 1806/1/4 1754/1/4 1838/1/4
f 1837/1/4 1806/1/4 1838/1/4
f 1808/1/4 1809/1/4 1839/1/4
f 1755/1/4 1807/1/4 1839/1/4
f 1807/1/4 1808/1/4 1839/1/4
f 1809/1/4 1810/1/4 1839/1/4
f 1839/1/4 1810/1/4 1840/1/4
f 1840/1/4 1810/1/4 1841/1/4
f 1810/1/4 1756/1/4 1842/1/4
f 1841/1/4 1810/1/4 1842/1/4
f 1812/1/4 1813/1/4 1843/1/4
f 1757/1/4 1811/1/4 1843/1/4
f 1811/1/4 1812/1/4 1843/1/4
f 1813/1/4 1814/1/4 1843/1/4
f 1843/1/4 1814/1/4 1844/1/4
f 1844/1/4 1814/1/4 1845/1/4
f 1814/1/4 1758/1/4 1846/1/4
f 1845/1/4 1814/1/4 1846/1/4
f 1816/1/4 1817/1/4 1847/1/4
f 1759/1/4 1815/1/4 1847/1/4
f 1815/1/4 1816/1/4 1847/1/4
f 1817/1/4 1818/1/4 1847/1/4
f 1847/1/4 1818/1/4 1848/1/4
f 1848/1/4 1818/1/4 1849/1/4
f 1818/1/4 1760/1/4 1850/1/4
f 1849/1/4 1818/1/4 1850/1/4
f 1820/1/4 1821/1/4 1851/1/4
f 1761/1/4 1819/1/4 1851/1/4
f 1819/1/4 1820/1/4 1851/1/4
f 1821/1/4 1822/1/4 1851/1/4
f 1851/1/4 1822/1/4 1852/1/4
f 1852/1/4 1822/1/4 1853/1/4
f 1822/1/4 1762/1/4 1854/1/4
f 1853/1/4 1822/1/4 1854/1/4
f 1824/1/4 1825/1/4 1855/1/4
f 1825/1/4 1826/1/4 1855/1/4
f 1763/1/4 1823/1/4 1855/1/4
f 1823/1/4 1824/1/4 1855/1/4
f 1855/1/4 1826/1/4 1856/1/4
f 1856/1/4 1826/1/4 1857/1/4
f 1826/1/4 1764/1/4 1858/1/4
f 1857/1/4 1826/1/4 1858/1/4
f 1828/1/4 1829/1/4 1859/1/4
f 1827/1/4 1828/1/4 1859/1/4
f 1829/1/4 1830/1/4 1859/1/4
f 1765/1/4 1827/1/4 1859/1/4
f 1859/1/4 1830/1/4 1860/1/4
f 1860/1/4 1830/1/4 1861/1/4
f 1830/1/4 1766/1/4 1862/1/4
f 1861/1/4 1830/1/4 1862/1/4
f 1831/2/4 1832/2/4 1863/2/4
f 1751/1/4 1831/1/4 1863/1/4
f 1832/1/4 1833/1/4 1864/1/4
f 1863/2/4 1832/2/4 1864/2/4
f 1833/2/4 1834/2/4 1865/2/4
f 1864/1/4 1833/1/4 1865/1/4
f 1834/1/4 1752/1/4 1866/1/4
f 1865/2/4 1834/2/4 1866/2/4
f 1835/2/4 1836/2/4 1867/2/4
f 1753/1/4 1835/1/4 1867/1/4
f 1836/1/4 1837/1/4 1868/1/4
f 1867/2/4 1836/2/4 1868/2/4
f 1837/2/4 1838/2/4 1869/2/4
f 1868/1/4 1837/1/4 1869/1/4
f 1838/1/4 1754/1/4 1870/1/4
f 1869/2/4 1838/2/4 1870/2/4
f 1839/2/4 1840/2/4 1871/2/4
f 1755/1/4 1839/1/4 1871/1/4
f 1840/1/4 1841/1/4 1872/1/4
f 1871/2/4 1840/2/4 1872/2/4
f 1841/2/4 1842/2/4 1873/2/4
f 1872/1/4 1841/1/4 1873/1/4
f 1842/1/4 1756/1/4 1874/1/4
f 1873/2/4 1842/2/4 1874/2/4
f 1843/2/4 1844/2/4 1875/2/4
f 1757/1/4 1843/1/4 1875/1/4
f 1844/1/4 1845/1/4 1876/1/4
f 1875/2/4 1844/2/4 1876/2/4
f 1845/2/4 1846/2/4 1877/2/4
f 1876/1/4 1845/1/4 1877/1/4
f 1846/1/4 1758/1/4 1878/1/4
f 1877/2/4 1846/2/4 1878/2/4
f 1847/2/4 1848/2/4 1879/2/4
f 1759/1/4 1847/1/4 1879/1/4
f 1848/1/4 1849/1/4 1880/1/4
f 1879/2/4 1848/2/4 1880/2/4
f 1849/2/4 1850/2/4 1881/2/4
f 1880/1/4 1849/1/4 1881/1/4
f 1850/1/4 1760/1/4 1882/1/4
f 1881/2/4 1850/2/4 1882/2/4
f 1851/2/4 1852/2/4 1883/2/4
f 1761/1/4 1851/1/4 1883/1/4
f 1852/1/4 1853/1/4 1884/1/4
f 1883/2/4 1852/2/4 1884/2/4
f 1853/2/4 1854/2/4 1885/2/4
f 1884/1/4 1853/1/4 1885/1/4
f 1854/1/4 1762/1/4 1886/1/4
f 1885/2/4 1854/2/4 1886/2/4
f 1855/2/4 1856/2/4 1887/2/4
f 1763/1/4 1855/1/4 1887/1/4
f 1856/1/4 1857/1/4 1888/1/4
f 1887/2/4 1856/2/4 1888/2/4
f 1857/2/4 1858/2/4 1889/2/4
f 1888/1/4 1857/1/4 1889/1/4
f 1858/1/4 1764/1/4 1890/1/4
f 1889/2/4 1858/2/4 1890/2/4
f 1765/1/4 1859/1/4 1891/1/4
f 1859/2/4 1860/2/4 1891/2/4
f 1860/1/4 1861/1/4 1892/1/4
f 1891/2/4 1860/2/4 1892/2/4
f 1861/2/4 1862/2/4 1893/2/4
f 1892/1/4 1861/1/4 1893/1/4
f 1862/1/4 1766/1/4 1894/1/4
f 1893/2/4 1862/2/4 1894/2/4
f 1589/3/4 1751/3/4 1895/3/4
f 1864/1/4 1865/1/4 1895/1/4
f 1751/1/4 1863/1/4 1895/1/4
f 1863/1/4 1864/1/4 1895/1/4
f 1865/1/4 1866/1/4 1895/1/4
f 1752/3/4 1753/3/4 1896/3/4
f 1895/1/4 1866/1/4 1896/1/4
f 1866/1/4 1752/1/4 1896/1/4
f 1868/1/4 1869/1/4 1897/1/4
f 1896/3/4 1753/3/4 1897/3/4
f 1753/1/4 1867/1/4 1897/1/4
f 1867/1/4 1868/1/4 1897/1/4
f 1869/1/4 1870/1/4 1897/1/4
f 1754/3/4 1755/3/4 1898/3/4
f 1897/1/4 1870/1/4 1898/1/4
f 1870/1/4 1754/1/4 1898/1/4
f 1872/1/4 1873/1/4 1899/1/4
f 1898/3/4 1755/3/4 1899/3/4
f 1755/1/4 1871/1/4 1899/1/4
f 1871/1/4 1872/1/4 1899/1/4
f 1873/1/4 1874/1/4 1899/1/4
f 1756/3/4 1757/3/4 1900/3/4
f 1899/1/4 1874/1/4 1900/1/4
f 1874/1/4 1756/1/4 1900/1/4
f 1876/1/4 1877/1/4 1901/1/4
f 1900/3/4 1757/3/4 1901/3/4
f 1877/1/4 1878/1/4 1901/1/4
f 1875/1/4 1876/1/4 1901/1/4
f 1757/1/4 1875/1/4 1901/1/4
f 1758/3/4 1759/3/4 1902/3/4
f 1901/1/4 1878/1/4 1902/1/4
f 1878/1/4 1758/1/4 1902/1/4
f 1880/1/4 1881/1/4 1903/1/4
f 1902/3/4 1759/3/4 1903/3/4
f 1881/1/4 1882/1/4 1903/1/4
f 1759/1/4 1879/1/4 1903/1/4
f 1879/1/4 1880/1/4 1903/1/4
f 1760/3/4 1761/3/4 1904/3/4
f 1903/1/4 1882/1/4 1904/1/4
f 1882/1/4 1760/1/4 1904/1/4
f 1884/1/4 1885/1/4 1905/1/4
f 1904/3/4 1761/3/4 1905/3/4
f 1885/1/4 1886/1/4 1905/1/4
f 1761/1/4 1883/1/4 1905/1/4
f 1883/1/4 1884/1/4 1905/1/4
f 1762/3/4 1763/3/4 1906/3/4
f 1905/1/4 1886/1/4 1906/1/4
f 1886/1/4 1762/1/4 1906/1/4
f 1888/1/4 1889/1/4 1907/1/4
f 1906/3/4 1763/3/4 1907/3/4
f 1887/1/4 1888/1/4 1907/1/4
f 1889/1/4 1890/1/4 1907/1/4
f 1763/1/4 1887/1/4 1907/1/4
f 1764/3/4 1765/3/4 1908/3/4
f 1907/1/4 1890/1/4 1908/1/4
f 1890/1/4 1764/1/4 1908/1/4
f 1765/1/4 1891/1/4 1909/1/4
f 1908/3/4 1765/3/4 1909/3/4
f 1893/1/4 1894/1/4 1909/1/4
f 1892/1/4 1893/1/4 1909/1/4
f 1891/1/4 1892/1/4 1909/1/4
f 1894/1/4 1766/1/4 1910/1/4
f 1909/1/4 1894/1/4 1910/1/4
f 1766/3/4 1590/3/4 1910/3/4
f 1906/3/4 1907/3/4 1911/3/4
f 1908/3/4 1909/3/4 1911/3/4
f 1909/3/4 1910/3/4 1911/3/4
f 1901/3/4 1902/3/4 1911/3/4
f 1904/3/4 1905/3/4 1911/3/4
f 1899/3/4 1900/3/4 1911/3/4
f 1902/3/4 1903/3/4 1911/3/4
f 1897/3/4 1898/3/4 1911/3/4
f 1900/3/4 1901/3/4 1911/3/4
f 1895/3/4 1896/3/4 1911/3/4
f 1898/3/4 1899/3/4 1911/3/4
f 1905/3/4 1906/3/4 1911/3/4
f 1896/3/4 1897/3/4 1911/3/4
f 1907/3/4 1908/3/4 1911/3/4
f 1589/3/4 1895/3/4 1911/3/4
f 1903/3/4 1904/3/4 1911/3/4
f 1911/3/4 1910/3/4 1912/3/4
f 1912/3/4 1910/3/4 1913/3/4
f 1913/3/4 1910/3/4 1914/3/4
f 1914/3/4 1910/3/4 1915/3/4
f 1915/3/4 1910/3/4 1916/3/4
f 1916/3/4 1910/3/4 1917/3/4
f 1917/3/4 1910/3/4 1918/3/4
f 1918/3/4 1910/3/4 1919/3/4
f 1919/3/4 1910/3/4 1920/3/4
f 1920/3/4 1910/3/4 1921/3/4
f 1921/3/4 1910/3/4 1922/3/4
f 1922/3/4 1910/3/4 1923/3/4
f 1923/3/4 1910/3/4 1924/3/4
f 1924/3/4 1910/3/4 1925/3/4
f 1910/3/4 1590/3/4 1926/3/4
f 1925/3/4 1910/3/4 1926/3/4
f 1911/1/4 1912/1/4 1927/1/4
f 1927/1/4 1912/1/4 1928/1/4
f 1928/1/4 1912/1/4 1929/1/4
f 1929/1/4 1912/1/4 1930/1/4
f 1913/1/4 1914/1/4 1931/1/4
f 1931/1/4 1914/1/4 1932/1/4
f 1932/1/4 1914/1/4 1933/1/4
f 1933/1/4 1914/1/4 1934/1/4
f 1915/1/4 1916/1/4 1935/1/4
f 1935/1/4 1916/1/4 1936/1/4
f 1936/1/4 1916/1/4 1937/1/4
f 1937/1/4 1916/1/4 1938/1/4
f 1917/1/4 1918/1/4 1939/1/4
f 1939/1/4 1918/1/4 1940/1/4
f 1940/1/4 1918/1/4 1941/1/4
f 1941/1/4 1918/1/4 1942/1/4
f 1919/1/4 1920/1/4 1943/1/4
f 1943/1/4 1920/1/4 1944/1/4
f 1944/1/4 1920/1/4 1945/1/4
f 1945/1/4 1920/1/4 1946/1/4
f 1921/1/4 1922/1/4 1947/1/4
f 1947/1/4 1922/1/4 1948/1/4
f 1948/1/4 1922/1/4 1949/1/4
f 1949/1/4 1922/1/4 1950/1/4
f 1923/1/4 1924/1/4 1951/1/4
f 1951/1/4 1924/1/4 1952/1/4
f 1952/1/4 1924/1/4 1953/1/4
f 1953/1/4 1924/1/4 1954/1/4
f 1925/1/4 1926/1/4 1955/1/4
f 1955/1/4 1926/1/4 1956/1/4
f 1956/1/4 1926/1/4 1957/1/4
f 1957/1/4 1926/1/4 1958/1/4
f 1911/1/4 1927/1/4 1959/1/4
f 1927/2/4 1928/2/4 1959/2/4
f 1928/1/4 1929/1/4 1960/1/4
f 1959/2/4 1928/2/4 1960/2/4
f 1929/2/4 1930/2/4 1961/2/4
f 1960/1/4 1929/1/4 1961/1/4
f 1930/1/4 1912/1/4 1962/1/4
f 1961/2/4 1930/2/4 1962/2/4
f 1913/1/4 1931/1/4 1963/1/4
f 1931/2/4 1932/2/4 1963/2/4
f 1932/1/4 1933/1/4 1964/1/4
f 1963/2/4 1932/2/4 1964/2/4
f 1933/2/4 1934/2/4 1965/2/4
f 1964/1/4 1933/1/4 1965/1/4
f 1934/1/4 1914/1/4 1966/1/4
f 1965/2/4 1934/2/4 1966/2/4
f 1915/1/4 1935/1/4 1967/1/4
f 1935/2/4 1936/2/4 1967/2/4
f 1936/1/4 1937/1/4 1968/1/4
f 1967/2/4 1936/2/4 1968/2/4
f 1937/2/4 1938/2/4 1969/2/4
f 1968/1/4 1937/1/4 1969/1/4
f 1938/1/4 1916/1/4 1970/1/4
f 1969/2/4 1938/2/4 1970/2/4
f 1917/1/4 1939/1/4 1971/1/4
f 1939/2/4 1940/2/4 1971/2/4
f 1940/1/4 1941/1/4 1972/1/4
f 1971/2/4 1940/2/4 1972/2/4
f 1941/2/4 1942/2/4 1973/2/4
f 1972/1/4 1941/1/4 1973/1/4
f 1942/1/4 1918/1/4 1974/1/4
f 1973/2/4 1942/2/4 1974/2/4
f 1919/1/4 1943/1/4 1975/1/4
f 1943/2/4 1944/2/4 1975/2/4
f 1944/1/4 1945/1/4 1976/1/4
f 1975/2/4 1944/2/4 1976/2/4
f 1945/2/4 1946/2/4 1977/2/4
f 1976/1/4 1945/1/4 1977/1/4
f 1946/1/4 1920/1/4 1978/1/4
f 1977/2/4 1946/2/4 1978/2/4
f 1921/1/4 1947/1/4 1979/1/4
f 1947/2/4 1948/2/4 1979/2/4
f 1948/1/4 1949/1/4 1980/1/4
f 1979/2/4 1948/2/4 1980/2/4
f 1949/2/4 1950/2/4 1981/2/4
f 1980/1/4 1949/1/4 1981/1/4
f 1950/1/4 1922/1/4 1982/1/4
f 1981/2/4 1950/2/4 1982/2/4
f 1923/1/4 1951/1/4 1983/1/4
f 1951/2/4 1952/2/4 1983/2/4
f 1952/1/4 1953/1/4 1984/1/4
f 1983/2/4 1952/2/4 1984/2/4
f 1953/2/4 1954/2/4 1985/2/4
f 1984/1/4 1953/1/4 1985/1/4
f 1954/1/4 1924/1/4 1986/1/4
f 1985/2/4 1954/2/4 1986/2/4
f 1925/1/4 1955/1/4 1987/1/4
f 1955/2/4 1956/2/4 1987/2/4
f 1956/1/4 1957/1/4 1988/1/4
f 1987/2/4 1956/2/4 1988/2/4
f 1957/2/4 1958/2/4 1989/2/4
f 1988/1/4 1957/1/4 1989/1/4
f 1958/1/4 1926/1/4 1990/1/4
f 1989/2/4 1958/2/4 1990/2/4
f 1960/1/4 1961/1/4 1991/1/4
f 1911/1/4 1959/1/4 1991/1/4
f 1959/1/4 1960/1/4 1991/1/4
f 1961/1/4 1962/1/4 1991/1/4
f 1991/1/4 1962/1/4 1992/1/4
f 1992/1/4 1962/1/4 1993/1/4
f 1962/1/4 1912/1/4 1994/1/4
f 1993/1/4 1962/1/4 1994/1/4
f 1964/1/4 1965/1/4 1995/1/4
f 1913/1/4 1963/1/4 1995/1/4
f 1963/1/4 1964/1/4 1995/1/4
f 1965/1/4 1966/1/4 1995/1/4
f 1995/1/4 1966/1/4 1996/1/4
f 1996/1/4 1966/1/4 1997/1/4
f 1966/1/4 1914/1/4 1998/1/4
f 1997/1/4 1966/1/4 1998/1/4
f 1968/1/4 1969/1/4 1999/1/4
f 1915/1/4 1967/1/4 1999/1/4
f 1967/1/4 1968/1/4 1999/1/4
f 1969/1/4 1970/1/4 1999/1/4
f 1999/1/4 1970/1/4 2000/1/4
f 2000/1/4 1970/1/4 2001/1/4
f 1970/1/4 1916/1/4 2002/1/4
f 2001/1/4 1970/1/4 2002/1/4
f 1972/1/4 1973/1/4 2003/1/4
f 1917/1/4 1971/1/4 2003/1/4
f 1971/1/4 1972/1/4 2003/1/4
f 1973/1/4 1974/1/4 2003/1/4
f 2003/1/4 1974/1/4 2004/1/4
f 2004/1/4 1974/1/4 2005/1/4
f 1974/1/4 1918/1/4 2006/1/4
f 2005/1/4 1974/1/4 2006/1/4
f 1976/1/4 1977/1/4 2007/1/4
f 1919/1/4 1975/1/4 2007/1/4
f 1975/1/4 1976/1/4 2007/1/4
f 1977/1/4 1978/1/4 2007/1/4
f 2007/1/4 1978/1/4 2008/1/4
f 2008/1/4 1978/1/4 2009/1/4
f 1978/1/4 1920/1/4 2010/1/4
f 2009/1/4 1978/1/4 2010/1/4
f 1980/1/4 1981/1/4 2011/1/4
f 1921/1/4 1979/1/4 2011/1/4
f 1979/1/4 1980/1/4 2011/1/4
f 1981/1/4 1982/1/4 2011/1/4
f 2011/1/4 1982/1/4 2012/1/4
f 2012/1/4 1982/1/4 2013/1/4
f 1982/1/4 1922/1/4 2014/1/4
f 2013/1/4 1982/1/4 2014/1/4
f 1984/1/4 1985/1/4 2015/1/4
f 1985/1/4 1986/1/4 2015/1/4
f 1923/1/4 1983/1/4 2015/1/4
f 1983/1/4 1984/1/4 2015/1/4
f 2015/1/4 1986/1/4 2016/1/4
f 2016/1/4 1986/1/4 2017/1/4
f 1986/1/4 1924/1/4 2018/1/4
f 2017/1/4 1986/1/4 2018/1/4
f 1988/1/4 1989/1/4 2019/1/4
f 1987/1/4 1988/1/4 2019/1/4
f 1989/1/4 1990/1/4 2019/1/4
f 1925/1/4 1987/1/4 2019/1/4
f 2019/1/4 1990/1/4 2020/1/4
f 2020/1/4 1990/1/4 2021/1/4
f 1990/1/4 1926/1/4 2022/1/4
f 2021/1/4 1990/1/4 2022/1/4
f 1991/2/4 1992/2/4 2023/2/4
f 1911/1/4 1991/1/4 2023/1/4
f 1992/1/4 1993/1/4 2024/1/4
f 2023/2/4 1992/2/4 2024/2/4
f 1993/2/4 1994/2/4 2025/2/4
f 2024/1/4 1993/1/4 2025/1/4
f 1994/1/4 1912/1/4 2026/1/4
f 2025/2/4 1994/2/4 2026/2/4
f 1995/2/4 1996/2/4 2027/2/4
f 1913/1/4 1995/1/4 2027/1/4
f 1996/1/4 1997/1/4 2028/1/4
f 2027/2/4 1996/2/4 2028/2/4
f 1997/2/4 1998/2/4 2029/2/4
f 2028/1/4 1997/1/4 2029/1/4
f 1998/1/4 1914/1/4 2030/1/4
f 2029/2/4 1998/2/4 2030/2/4
f 1999/2/4 2000/2/4 2031/2/4
f 1915/1/4 1999/1/4 2031/1/4
f 2000/1/4 2001/1/4 2032/1/4
f 2031/2/4 2000/2/4 2032/2/4
f 2001/2/4 2002/2/4 2033/2/4
f 2032/1/4 2001/1/4 2033/1/4
f 2002/1/4 1916/1/4 2034/1/4
f 2033/2/4 2002/2/4 2034/2/4
f 2003/2/4 2004/2/4 2035/2/4
f 1917/1/4 2003/1/4 2035/1/4
f 2004/1/4 2005/1/4 2036/1/4
f 2035/2/4 2004/2/4 2036/2/4
f 2005/2/4 2006/2/4 2037/2/4
f 2036/1/4 2005/1/4 2037/1/4
f 2006/1/4 1918/1/4 2038/1/4
f 2037/2/4 2006/2/4 2038/2/4
f 2007/2/4 2008/2/4 2039/2/4
f 1919/1/4 2007/1/4 2039/1/4
f 2008/1/4 2009/1/4 2040/1/4
f 2039/2/4 2008/2/4 2040/2/4
f 2009/2/4 2010/2/4 2041/2/4
f 2040/1/4 2009/1/4 2041/1/4
f 2010/1/4 1920/1/4 2042/1/4
f 2041/2/4 2010/2/4 2042/2/4
f 2011/2/4 2012/2/4 2043/2/4
f 1921/1/4 2011/1/4 2043/1/4
f 2012/1/4 2013/1/4 2044/1/4
f 2043/2/4 2012/2/4 2044/2/4
f 2013/2/4 2014/2/4 2045/2/4
f 2044/1/4 2013/1/4 2045/1/4
f 2014/1/4 1922/1/4 2046/1/4
f 2045/2/4 2014/2/4 2046/2/4
f 2015/2/4 2016/2/4 2047/2/4
f 1923/1/4 2015/1/4 2047/1/4
f 2016/1/4 2017/1/4 2048/1/4
f 2047/2/4 2016/2/4 2048/2/4
f 2017/2/4 2018/2/4 2049/2/4
f 2048/1/4 2017/1/4 2049/1/4
f 2018/1/4 1924/1/4 2050/1/4
f 2049/2/4 2018/2/4 2050/2/4
f 1925/1/4 2019/1/4 2051/1/4
f 2019/2/4 2020/2/4 2051/2/4
f 2020/1/4 2021/1/4 2052/1/4
f 2051/2/4 2020/2/4 2052/2/4
f 2021/2/4 2022/2/4 2053/2/4
f 2052/1/4 2021/1/4 2053/1/4
f 2022/1/4 1926/1/4 2054/1/4
f 2053/2/4 2022/2/4 2054/2/4
f 1589/3/4 1911/3/4 2055/3/4
f 2024/1/4 2025/1/4 2055/1/4
f 1911/1/4 2023/1/4 2055/1/4
f 2023/1/4 2024/1/4 2055/1/4
f 2025/1/4 2026/1/4 2055/1/4
f 1912/3/4 1913/3/4 2056/3/4
f 2055/1/4 2026/1/4 2056/1/4
f 2026/1/4 1912/1/4 2056/1/4
f 2028/1/4 2029/1/4 2057/1/4
f 2056/3/4 1913/3/4 2057/3/4
f 1913/1/4 2027/1/4 2057/1/4
f 2027/1/4 2028/1/4 2057/1/4
f 2029/1/4 2030/1/4 2057/1/4
f 1914/3/4 1915/3/4 2058/3/4
f 2057/1/4 2030/1/4 2058/1/4
f 2030/1/4 1914/1/4 2058/1/4
f 2032/1/4 2033/1/4 2059/1/4
f 2058/3/4 1915/3/4 2059/3/4
f 1915/1/4 2031/1/4 2059/1/4
f 2031/1/4 2032/1/4 2059/1/4
f 2033/1/4 2034/1/4 2059/1/4
f 1916/3/4 1917/3/4 2060/3/4
f 2059/1/4 2034/1/4 2060/1/4
f 2034/1/4 1916/1/4 2060/1/4
f 2036/1/4 2037/1/4 2061/1/4
f 2060/3/4 1917/3/4 2061/3/4
f 2037/1/4 2038/1/4 2061/1/4
f 2035/1/4 2036/1/4 2061/1/4
f 1917/1/4 2035/1/4 2061/1/4
f 1918/3/4 1919/3/4 2062/3/4
f 2061/1/4 2038/1/4 2062/1/4
f 2038/1/4 1918/1/4 2062/1/4
f 2040/1/4 2041/1/4 2063/1/4
f 2062/3/4 1919/3/4 2063/3/4
f 2041/1/4 2042/1/4 2063/1/4
f 1919/1/4 2039/1/4 2063/1/4
f 2039/1/4 2040/1/4 2063/1/4
f 1920/3/4 1921/3/4 2064/3/4
f 2063/1/4 2042/1/4 2064/1/4
f 2042/1/4 1920/1/4 2064/1/4
f 2044/1/4 2045/1/4 2065/1/4
f 2064/3/4 1921/3/4 2065/3/4
f 2045/1/4 2046/1/4 2065/1/4
f 1921/1/4 2043/1/4 2065/1/4
f 2043/1/4 2044/1/4 2065/1/4
f 1922/3/4 1923/3/4 2066/3/4
f 2065/1/4 2046/1/4 2066/1/4
f 2046/1/4 1922/1/4 2066/1/4
f 2048/1/4 2049/1/4 2067/1/4
f 2066/3/4 1923/3/4 2067/3/4
f 2047/1/4 2048/1/4 2067/1/4
f 2049/1/4 2050/1/4 2067/1/4
f 1923/1/4 2047/1/4 2067/1/4
f 1924/3/4 1925/3/4 2068/3/4
f 2067/1/4 2050/1/4 2068/1/4
f 2050/1/4 1924/1/4 2068/1/4
f 1925/1/4 2051/1/4 2069/1/4
f 2068/3/4 1925/3/4 2069/3/4
f 2053/1/4 2054/1/4 2069/1/4
f 2052/1/4 2053/1/4 2069/1/4
f 2051/1/4 2052/1/4 2069/1/4
f 2054/1/4 1926/1/4 2070/1/4
f 2069/1/4 2054/1/4 2070/1/4
f 1926/3/4 1590/3/4 2070/3/4
f 2066/3/4 2067/3/4 2071/3/4
f 2068/3/4 2069/3/4 2071/3/4
f 2069/3/4 2070/3/4 2071/3/4
f 2061/3/4 2062/3/4 2071/3/4
f 2064/3/4 2065/3/4 2071/3/4
f 2059/3/4 2060/3/4 2071/3/4
f 2062/3/4 2063/3/4 2071/3/4
f 2057/3/4 2058/3/4 2071/3/4
f 2060/3/4 2061/3/4 2071/3/4
f 2055/3/4 2056/3/4 2071/3/4
f 2058/3/4 2059/3/4 2071/3/4
f 2065/3/4 2066/3/4 2071/3/4
f 2056/3/4 2057/3/4 2071/3/4
f 2067/3/4 2068/3/4 2071/3/4
f 1589/3/4 2055/3/4 2071/3/4
f 2063/3/4 2064/3/4 2071/3/4
f 2071/3/4 2070/3/4 2072/3/4
f 2072/3/4 2070/3/4 2073/3/4
f 2073/3/4 2070/3/4 2074/3/4
f 2074/3/4 2070/3/4 2075/3/4
f 2075/3/4 2070/3/4 2076/3/4
f 2076/3/4 2070/3/4 2077/3/4
f 2077/3/4 2070/3/4 2078/3/4
f 2078/3/4 2070/3/4 2079/3/4
f 2079/3/4 2070/3/4 2080/3/4
f 2080/3/4 2070/3/4 2081/3/4
f 2081/3/4 2070/3/4 2082/3/4
f 2082/3/4 2070/3/4 2083/3/4
f 2083/3/4 2070/3/4 2084/3/4
f 2084/3/4 2070/3/4 2085/3/4
f 2070/3/4 1590/3/4 2086/3/4
f 2085/3/4 2070/3/4 2086/3/4
f 2071/1/4 2072/1/4 2087/1/4
f 2087/1/4 2072/1/4 2088/1/4
f 2088/1/4 2072/1/4 2089/1/4
f 2089/1/4 2072/1/4 2090/1/4
f 2073/1/4 2074/1/4 2091/1/4
f 2091/1/4 2074/1/4 2092/1/4
f 2092/1/4 2074/1/4 2093/1/4
f 2093/1/4 2074/1/4 2094/1/4
f 2075/1/4 2076/1/4 2095/1/4
f 2095/1/4 2076/1/4 2096/1/4
f 2096/1/4 2076/1/4 2097/1/4
f 2097/1/4 2076/1/4 2098/1/4
f 2077/1/4 2078/1/4 2099/1/4
f 2099/1/4 2078/1/4 2100/1/4
f 2100/1/4 2078/1/4 2101/1/4
f 2101/1/4 2078/1/4 2102/1/4
f 2079/1/4 2080/1/4 2103/1/4
f 2103/1/4 2080/1/4 2104/1/4
f 2104/1/4 2080/1/4 2105/1/4
f 2105/1/4 2080/1/4 2106/1/4
f 2081/1/4 2082/1/4 2107/1/4
f 2107/1/4 2082/1/4 2108/1/4
f 2108/1/4 2082/1/4 2109/1/4
f 2109/1/4 2082/1/4 2110/1/4
f 2083/1/4 2084/1/4 2111/1/4
f 2111/1/4 2084/1/4 2112/1/4
f 2112/1/4 2084/1/4 2113/1/4
f 2113/1/4 2084/1/4 2114/1/4
f 2085/1/4 2086/1/4 2115/1/4
f 2115/1/4 2086/1/4 2116/1/4
f 2116/1/4 2086/1/4 2117/1/4
f 2117/1/4 2086/1/4 2118/1/4
f 2071/1/4 2087/1/4 2119/1/4
f 2087/2/4 2088/2/4 2119/2/4
f 2088/1/4 2089/1/4 2120/1/4
f 2119/2/4 2088/2/4 2120/2/4
f 2089/2/4 2090/2/4 2121/2/4
f 2120/1/4 2089/1/4 2121/1/4
f 2090/1/4 2072/1/4 2122/1/4
f 2121/2/4 2090/2/4 2122/2/4
f 2073/1/4 2091/1/4 2123/1/4
f 2091/2/4 2092/2/4 2123/2/4
f 2092/1/4 2093/1/4 2124/1/4
f 2123/2/4 2092/2/4 2124/2/4
f 2093/2/4 2094/2/4 2125/2/4
f 2124/1/4 2093/1/4 2125/1/4
f 2094/1/4 2074/1/4 2126/1/4
f 2125/2/4 2094/2/4 2126/2/4
f 2075/1/4 2095/1/4 2127/1/4
f 2095/2/4 2096/2/4 2127/2/4
f 2096/1/4 2097/1/4 2128/1/4
f 2127/2/4 2096/2/4 2128/2/4
f 2097/2/4 2098/2/4 2129/2/4
f 2128/1/4 2097/1/4 2129/1/4
f 2098/1/4 2076/1/4 2130/1/4
f 2129/2/4 2098/2/4 2130/2/4
f 2077/1/4 2099/1/4 2131/1/4
f 2099/2/4 2100/2/4 2131/2/4
f 2100/1/4 2101/1/4 2132/1/4
f 2131/2/4 2100/2/4 2132/2/4
f 2101/2/4 2102/2/4 2133/2/4
f 2132/1/4 2101/1/4 2133/1/4
f 2102/1/4 2078/1/4 2134/1/4
f 2133/2/4 2102/2/4 2134/2/4
f 2079/1/4 2103/1/4 2135/1/4
f 2103/2/4 2104/2/4 2135/2/4
f 2104/1/4 2105/1/4 2136/1/4
f 2135/2/4 2104/2/4 2136/2/4
f 2105/2/4 2106/2/4 2137/2/4
f 2136/1/4 2105/1/4 2137/1/4
f 2106/1/4 2080/1/4 2138/1/4
f 2137/2/4 2106/2/4 2138/2/4
f 2081/1/4 2107/1/4 2139/1/4
f 2107/2/4 2108/2/4 2139/2/4
f 2108/1/4 2109/1/4 2140/1/4
f 2139/2/4 2108/2/4 2140/2/4
f 2109/2/4 2110/2/4 2141/2/4
f 2140/1/4 2109/1/4 2141/1/4
f 2110/1/4 2082/1/4 2142/1/4
f 2141/2/4 2110/2/4 2142/2/4
f 2083/1/4 2111/1/4 2143/1/4
f 2111/2/4 2112/2/4 2143/2/4
f 2112/1/4 2113/1/4 2144/1/4
f 2143/2/4 2112/2/4 2144/2/4
f 2113/2/4 2114/2/4 2145/2/4
f 2144/1/4 2113/1/4 2145/1/4
f 2114/1/4 2084/1/4 2146/1/4
f 2145/2/4 2114/2/4 2146/2/4
f 2085/1/4 2115/1/4 2147/1/4
f 2115/2/4 2116/2/4 2147/2/4
f 2116/1/4 2117/1/4 2148/1/4
f 2147/2/4 2116/2/4 2148/2/4
f 2117/2/4 2118/2/4 2149/2/4
f 2148/1/4 2117/1/4 2149/1/4
f 2118/1/4 2086/1/4 2150/1/4
f 2149/2/4 2118/2/4 2150/2/4
f 2120/1/4 2121/1/4 2151/1/4
f 2071/1/4 2119/1/4 2151/1/4
f 2119/1/4 2120/1/4 2151/1/4
f 2121/1/4 2122/1/4 2151/1/4
f 2151/1/4 2122/1/4 2152/1/4
f 2152/1/4 2122/1/4 2153/1/4
f 2122/1/4 2072/1/4 2154/1/4
f 2153/1/4 2122/1/4 2154/1/4
f 2124/1/4 2125/1/4 2155/1/4
f 2073/1/4 2123/1/4 2155/1/4
f 2123/1/4 2124/1/4 2155/1/4
f 2125/1/4 2126/1/4 2155/1/4
f 2155/1/4 2126/1/4 2156/1/4
f 2156/1/4 2126/1/4 2157/1/4
f 2126/1/4 2074/1/4 2158/1/4
f 2157/1/4 2126/1/4 2158/1/4
f 2128/1/4 2129/1/4 2159/1/4
f 2075/1/4 2127/1/4 2159/1/4
f 2127/1/4 2128/1/4 2159/1/4
f 2129/1/4 2130/1/4 2159/1/4
f 2159/1/4 2130/1/4 2160/1/4
f 2160/1/4 2130/1/4 2161/1/4
f 2130/1/4 2076/1/4 2162/1/4
f 2161/1/4 2130/1/4 2162/1/4
f 2132/1/4 2133/1/4 2163/1/4
f 2077/1/4 2131/1/4 2163/1/4
f 2131/1/4 2132/1/4 2163/1/4
f 2133/1/4 2134/1/4 2163/1/4
f 2163/1/4 2134/1/4 2164/1/4
f 2164/1/4 2134/1/4 2165/1/4
f 2134/1/4 2078/1/4 2166/1/4
f 2165/1/4 2134/1/4 2166/1/4
f 2136/1/4 2137/1/4 2167/1/4
f 2079/1/4 2135/1/4 2167/1/4
f 2135/1/4 2136/1/4 2167/1/4
f 2137/1/4 2138/1/4 2167/1/4
f 2167/1/4 2138/1/4 2168/1/4
f 2168/1/4 2138/1/4 2169/1/4
f 2138/1/4 2080/1/4 2170/1/4
f 2169/1/4 2138/1/4 2170/1/4
f 2140/1/4 2141/1/4 2171/1/4
f 2081/1/4 2139/1/4 2171/1/4
f 2139/1/4 2140/1/4 2171/1/4
f 2141/1/4 2142/1/4 2171/1/4
f 2171/1/4 2142/1/4 2172/1/4
f 2172/1/4 2142/1/4 2173/1/4
f 2142/1/4 2082/1/4 2174/1/4
f 2173/1/4 2142/1/4 2174/1/4
f 2144/1/4 2145/1/4 2175/1/4
f 2145/1/4 2146/1/4 2175/1/4
f 2083/1/4 2143/1/4 2175/1/4
f 2143/1/4 2144/1/4 2175/1/4
f 2175/1/4 2146/1/4 2176/1/4
f 2176/1/4 2146/1/4 2177/1/4
f 2146/1/4 2084/1/4 2178/1/4
f 2177/1/4 2146/1/4 2178/1/4
f 2148/1/4 2149/1/4 2179/1/4
f 2147/1/4 2148/1/4 2179/1/4
f 2149/1/4 2150/1/4 2179/1/4
f 2085/1/4 2147/1/4 2179/1/4
f 2179/1/4 2150/1/4 2180/1/4
f 2180/1/4 2150/1/4 2181/1/4
f 2150/1/4 2086/1/4 2182/1/4
f 2181/1/4 2150/1/4 2182/1/4
f 2151/2/4 2152/2/4 2183/2/4
f 2071/1/4 2151/1/4 2183/1/4
f 2152/1/4 2153/1/4 2184/1/4
f 2183/2/4 2152/2/4 2184/2/4
f 2153/2/4 2154/2/4 2185/2/4
f 2184/1/4 2153/1/4 2185/1/4
f 2154/1/4 2072/1/4 2186/1/4
f 2185/2/4 2154/2/4 2186/2/4
f 2155/2/4 2156/2/4 2187/2/4
f 2073/1/4 2155/1/4 2187/1/4
f 2156/1/4 2157/1/4 2188/1/4
f 2187/2/4 2156/2/4 2188/2/4
f 2157/2/4 2158/2/4 2189/2/4
f 2188/1/4 2157/1/4 2189/1/4
f 2158/1/4 2074/1/4 2190/1/4
f 2189/2/4 2158/2/4 2190/2/4
f 2159/2/4 2160/2/4 2191/2/4
f 2075/1/4 2159/1/4 2191/1/4
f 2160/1/4 2161/1/4 2192/1/4
f 2191/2/4 2160/2/4 2192/2/4
f 2161/2/4 2162/2/4 2193/2/4
f 2192/1/4 2161/1/4 2193/1/4
f 2162/1/4 2076/1/4 2194/1/4
f 2193/2/4 2162/2/4 2194/2/4
f 2163/2/4 2164/2/4 2195/2/4
f 2077/1/4 2163/1/4 2195/1/4
f 2164/1/4 2165/1/4 2196/1/4
f 2195/2/4 2164/2/4 2196/2/4
f 2165/2/4 2166/2/4 2197/2/4
f 2196/1/4 2165/1/4 2197/1/4
f 2166/1/4 2078/1/4 2198/1/4
f 2197/2/4 2166/2/4 2198/2/4
f 2167/2/4 2168/2/4 2199/2/4
f 2079/1/4 2167/1/4 2199/1/4
f 2168/1/4 2169/1/4 2200/1/4
f 2199/2/4 2168/2/4 2200/2/4
f 2169/2/4 2170/2/4 2201/2/4
f 2200/1/4 2169/1/4 2201/1/4
f 2170/1/4 2080/1/4 2202/1/4
f 2201/2/4 2170/2/4 2202/2/4
f 2171/2/4 2172/2/4 2203/2/4
f 2081/1/4 2171/1/4 2203/1/4
f 2172/1/4 2173/1/4 2204/1/4
f 2203/2/4 2172/2/4 2204/2/4
f 2173/2/4 2174/2/4 2205/2/4
f 2204/1/4 2173/1/4 2205/1/4
f 2174/1/4 2082/1/4 2206/1/4
f 2205/2/4 2174/2/4 2206/2/4
f 2175/2/4 2176/2/4 2207/2/4
f 2083/1/4 2175/1/4 2207/1/4
f 2176/1/4 2177/1/4 2208/1/4
f 2207/2/4 2176/2/4 2208/2/4
f 2177/2/4 2178/2/4 2209/2/4
f 2208/1/4 2177/1/4 2209/1/4
f 2178/1/4 2084/1/4 2210/1/4
f 2209/2/4 2178/2/4 2210/2/4
f 2085/1/4 2179/1/4 2211/1/4
f 2179/2/4 2180/2/4 2211/2/4
f 2180/1/4 2181/1/4 2212/1/4
f 2211/2/4 2180/2/4 2212/2/4
f 2181/2/4 2182/2/4 2213/2/4
f 2212/1/4 2181/1/4 2213/1/4
f 2182/1/4 2086/1/4 2214/1/4
f 2213/2/4 2182/2/4 2214/2/4
f 1589/3/4 2071/3/4 2215/3/4
f 2184/1/4 2185/1/4 2215/1/4
f 2071/1/4 2183/1/4 2215/1/4
f 2183/1/4 2184/1/4 2215/1/4
f 2185/1/4 2186/1/4 2215/1/4
f 2072/3/4 2073/3/4 2216/3/4
f 2215/1/4 2186/1/4 2216/1/4
f 2186/1/4 2072/1/4 2216/1/4
f 2188/1/4 2189/1/4 2217/1/4
f 2216/3/4 2073/3/4 2217/3/4
f 2073/1/4 2187/1/4 2217/1/4
f 2187/1/4 2188/1/4 2217/1/4
f 2189/1/4 2190/1/4 2217/1/4
f 2074/3/4 2075/3/4 2218/3/4
f 2217/1/4 2190/1/4 2218/1/4
f 2190/1/4 2074/1/4 2218/1/4
f 2192/1/4 2193/1/4 2219/1/4
f 2218/3/4 2075/3/4 2219/3/4
f 2075/1/4 2191/1/4 2219/1/4
f 2191/1/4 2192/1/4 2219/1/4
f 2193/1/4 2194/1/4 2219/1/4
f 2076/3/4 2077/3/4 2220/3/4
f 2219/1/4 2194/1/4 2220/1/4
f 2194/1/4 2076/1/4 2220/1/4
f 2196/1/4 2197/1/4 2221/1/4
f 2220/3/4 2077/3/4 2221/3/4
f 2197/1/4 2198/1/4 2221/1/4
f 2195/1/4 2196/1/4 2221/1/4
f 2077/1/4 2195/1/4 2221/1/4
f 2078/3/4 2079/3/4 2222/3/4
f 2221/1/4 2198/1/4 2222/1/4
f 2198/1/4 2078/1/4 2222/1/4
f 2200/1/4 2201/1/4 2223/1/4
f 2222/3/4 2079/3/4 2223/3/4
f 2201/1/4 2202/1/4 2223/1/4
f 2079/1/4 2199/1/4 2223/1/4
f 2199/1/4 2200/1/4 2223/1/4
f 2080/3/4 2081/3/4 2224/3/4
f 2223/1/4 2202/1/4 2224/1/4
f 2202/1/4 2080/1/4 2224/1/4
f 2204/1/4 2205/1/4 2225/1/4
f 2224/3/4 2081/3/4 2225/3/4
f 2205/1/4 2206/1/4 2225/1/4
f 2081/1/4 2203/1/4 2225/1/4
f 2203/1/4 2204/1/4 2225/1/4
f 2082/3/4 2083/3/4 2226/3/4
f 2225/1/4 2206/1/4 2226/1/4
f 2206/1/4 2082/1/4 2226/1/4
f 2208/1/4 2209/1/4 2227/1/4
f 2226/3/4 2083/3/4 2227/3/4
f 2207/1/4 2208/1/4 2227/1/4
f 2209/1/4 2210/1/4 2227/1/4
f 2083/1/4 2207/1/4 2227/1/4
f 2084/3/4 2085/3/4 2228/3/4
f 2227/1/4 2210/1/4 2228/1/4
f 2210/1/4 2084/1/4 2228/1/4
f 2085/1/4 2211/1/4 2229/1/4
f 2228/3/4 2085/3/4 2229/3/4
f 2213/1/4 2214/1/4 2229/1/4
f 2212/1/4 2213/1/4 2229/1/4
f 2211/1/4 2212/1/4 2229/1/4
f 2214/1/4 2086/1/4 2230/1/4
f 2229/1/4 2214/1/4 2230/1/4
f 2086/3/4 1590/3/4 2230/3/4
f 2226/3/4 2227/3/4 2231/3/4
f 2228/3/4 2229/3/4 2231/3/4
f 2229/3/4 2230/3/4 2231/3/4
f 2221/3/4 2222/3/4 2231/3/4
f 2224/3/4 2225/3/4 2231/3/4
f 2219/3/4 2220/3/4 2231/3/4
f 2222/3/4 2223/3/4 2231/3/4
f 2217/3/4 2218/3/4 2231/3/4
f 2220/3/4 2221/3/4 2231/3/4
f 2215/3/4 2216/3/4 2231/3/4
f 2218/3/4 2219/3/4 2231/3/4
f 2225/3/4 2226/3/4 2231/3/4
f 2216/3/4 2217/3/4 2231/3/4
f 2227/3/4 2228/3/4 2231/3/4
f 1589/3/4 2215/3/4 2231/3/4
f 2223/3/4 2224/3/4 2231/3/4
f 2231/3/4 2230/3/4 2232/3/4
f 2232/3/4 2230/3/4 2233/3/4
f 2233/3/4 2230/3/4 2234/3/4
f 2234/3/4 2230/3/4 2235/3/4
f 2235/3/4 2230/3/4 2236/3/4
f 2236/3/4 2230/3/4 2237/3/4
f 2237/3/4 2230/3/4 2238/3/4
f 2238/3/4 2230/3/4 2239/3/4
f 2239/3/4 2230/3/4 2240/3/4
f 2240/3/4 2230/3/4 2241/3/4
f 2241/3/4 2230/3/4 2242/3/4
f 2242/3/4 2230/3/4 2243/3/4
f 2243/3/4 2230/3/4 2244/3/4
f 2244/3/4 2230/3/4 2245/3/4
f 2230/3/4 1590/3/4 2246/3/4
f 2245/3/4 2230/3/4 2246/3/4
f 2231/1/4 2232/1/4 2247/1/4
f 2247/1/4 2232/1/4 2248/1/4
f 2248/1/4 2232/1/4 2249/1/4
f 2249/1/4 2232/1/4 2250/1/4
f 2233/1/4 2234/1/4 2251/1/4
f 2251/1/4 2234/1/4 2252/1/4
f 2252/1/4 2234/1/4 2253/1/4
f 2253/1/4 2234/1/4 2254/1/4
f 2235/1/4 2236/1/4 2255/1/4
f 2255/1/4 2236/1/4 2256/1/4
f 2256/1/4 2236/1/4 2257/1/4
f 2257/1/4 2236/1/4 2258/1/4
f 2237/1/4 2238/1/4 2259/1/4
f 2259/1/4 2238/1/4 2260/1/4
f 2260/1/4 2238/1/4 2261/1/4
f 2261/1/4 2238/1/4 2262/1/4
f 2239/1/4 2240/1/4 2263/1/4
f 2263/1/4 2240/1/4 2264/1/4
f 2264/1/4 2240/1/4 2265/1/4
f 2265/1/4 2240/1/4 2266/1/4
f 2241/1/4 2242/1/4 2267/1/4
f 2267/1/4 2242/1/4 2268/1/4
f 2268/1/4 2242/1/4 2269/1/4
f 2269/1/4 2242/1/4 2270/1/4
f 2243/1/4 2244/1/4 2271/1/4
f 2271/1/4 2244/1/4 2272/1/4
f 2272/1/4 2244/1/4 2273/1/4
f 2273/1/4 2244/1/4 2274/1/4
f 2245/1/4 2246/1/4 2275/1/4
f 2275/1/4 2246/1/4 2276/1/4
f 2276/1/4 2246/1/4 2277/1/4
f 2277/1/4 2246/1/4 2278/1/4
f 2231/1/4 2247/1/4 2279/1/4
f 2247/2/4 2248/2/4 2279/2/4
f 2248/1/4 2249/1/4 2280/1/4
f 2279/2/4 2248/2/4 2280/2/4
f 2249/2/4 2250/2/4 2281/2/4
f 2280/1/4 2249/1/4 2281/1/4
f 2250/1/4 2232/1/4 2282/1/4
f 2281/2/4 2250/2/4 2282/2/4
f 2233/1/4 2251/1/4 2283/1/4
f 2251/2/4 2252/2/4 2283/2/4
f 2252/1/4 2253/1/4 2284/1/4
f 2283/2/4 2252/2/4 2284/2/4
f 2253/2/4 2254/2/4 2285/2/4
f 2284/1/4 2253/1/4 2285/1/4
f 2254/1/4 2234/1/4 2286/1/4
f 2285/2/4 2254/2/4 2286/2/4
f 2235/1/4 2255/1/4 2287/1/4
f 2255/2/4 2256/2/4 2287/2/4
f 2256/1/4 2257/1/4 2288/1/4
f 2287/2/4 2256/2/4 2288/2/4
f 2257/2/4 2258/2/4 2289/2/4
f 2288/1/4 2257/1/4 2289/1/4
f 2258/1/4 2236/1/4 2290/1/4
f 2289/2/4 2258/2/4 2290/2/4
f 2237/1/4 2259/1/4 2291/1/4
f 2259/2/4 2260/2/4 2291/2/4
f 2260/1/4 2261/1/4 2292/1/4
f 2291/2/4 2260/2/4 2292/2/4
f 2261/2/4 2262/2/4 2293/2/4
f 2292/1/4 2261/1/4 2293/1/4
f 2262/1/4 2238/1/4 2294/1/4
f 2293/2/4 2262/2/4 2294/2/4
f 2239/1/4 2263/1/4 2295/1/4
f 2263/2/4 2264/2/4 2295/2/4
f 2264/1/4 2265/1/4 2296/1/4
f 2295/2/4 2264/2/4 2296/2/4
f 2265/2/4 2266/2/4 2297/2/4
f 2296/1/4 2265/1/4 2297/1/4
f 2266/1/4 2240/1/4 2298/1/4
f 2297/2/4 2266/2/4 2298/2/4
f 2241/1/4 2267/1/4 2299/1/4
f 2267/2/4 2268/2/4 2299/2/4
f 2268/1/4 2269/1/4 2300/1/4
f 2299/2/4 2268/2/4 2300/2/4
f 2269/2/4 2270/2/4 2301/2/4
f 2300/1/4 2269/1/4 2301/1/4
f 2270/1/4 2242/1/4 2302/1/4
f 2301/2/4 2270/2/4 2302/2/4
f 2243/1/4 2271/1/4 2303/1/4
f 2271/2/4 2272/2/4 2303/2/4
f 2272/1/4 2273/1/4 2304/1/4
f 2303/2/4 2272/2/4 2304/2/4
f 2273/2/4 2274/2/4 2305/2/4
f 2304/1/4 2273/1/4 2305/1/4
f 2274/1/4 2244/1/4 2306/1/4
f 2305/2/4 2274/2/4 2306/2/4
f 2245/1/4 2275/1/4 2307/1/4
f 2275/2/4 2276/2/4 2307/2/4
f 2276/1/4 2277/1/4 2308/1/4
f 2307/2/4 2276/2/4 2308/2/4
f 2277/2/4 2278/2/4 2309/2/4
f 2308/1/4 2277/1/4 2309/1/4
f 2278/1/4 2246/1/4 2310/1/4
f 2309/2/4 2278/2/4 2310/2/4
f 2280/1/4 2281/1/4 2311/1/4
f 2231/1/4 2279/1/4 2311/1/4
f 2279/1/4 2280/1/4 2311/1/4
f 2281/1/4 2282/1/4 2311/1/4
f 2311/1/4 2282/1/4 2312/1/4
f 2312/1/4 2282/1/4 2313/1/4
f 2282/1/4 2232/1/4 2314/1/4
f 2313/1/4 2282/1/4 2314/1/4
f 2284/1/4 2285/1/4 2315/1/4
f 2233/1/4 2283/1/4 2315/1/4
f 2283/1/4 2284/1/4 2315/1/4
f 2285/1/4 2286/1/4 2315/1/4
f 2315/1/4 2286/1/4 2316/1/4
f 2316/1/4 2286/1/4 2317/1/4
f 2286/1/4 2234/1/4 2318/1/4
f 2317/1/4 2286/1/4 2318/1/4
f 2288/1/4 2289/1/4 2319/1/4
f 2235/1/4 2287/1/4 2319/1/4
f 2287/1/4 2288/1/4 2319/1/4
f 2289/1/4 2290/1/4 2319/1/4
f 2319/1/4 2290/1/4 2320/1/4
f 2320/1/4 2290/1/4 2321/1/4
f 2290/1/4 2236/1/4 2322/1/4
f 2321/1/4 2290/1/4 2322/1/4
f 2292/1/4 2293/1/4 2323/1/4
f 2237/1/4 2291/1/4 2323/1/4
f 2291/1/4 2292/1/4 2323/1/4
f 2293/1/4 2294/1/4 2323/1/4
f 2323/1/4 2294/1/4 2324/1/4
f 2324/1/4 2294/1/4 2325/1/4
f 2294/1/4 2238/1/4 2326/1/4
f 2325/1/4 2294/1/4 2326/1/4
f 2296/1/4 2297/1/4 2327/1/4
f 2239/1/4 2295/1/4 2327/1/4
f 2295/1/4 2296/1/4 2327/1/4
f 2297/1/4 2298/1/4 2327/1/4
f 2327/1/4 2298/1/4 2328/1/4
f 2328/1/4 2298/1/4 2329/1/4
f 2298/1/4 2240/1/4 2330/1/4
f 2329/1/4 2298/1/4 2330/1/4
f 2300/1/4 2301/1/4 2331/1/4
f 2241/1/4 2299/1/4 2331/1/4
f 2299/1/4 2300/1/4 2331/1/4
f 2301/1/4 2302/1/4 2331/1/4
f 2331/1/4 2302/1/4 2332/1/4
f 2332/1/4 2302/1/4 2333/1/4
f 2302/1/4 2242/1/4 2334/1/4
f 2333/1/4 2302/1/4 2334/1/4
f 2304/1/4 2305/1/4 2335/1/4
f 2305/1/4 2306/1/4 2335/1/4
f 2243/1/4 2303/1/4 2335/1/4
f 2303/1/4 2304/1/4 2335/1/4
f 2335/1/4 2306/1/4 2336/1/4
f 2336/1/4 2306/1/4 2337/1/4
f 2306/1/4 2244/1/4 2338/1/4
f 2337/1/4 2306/1/4 2338/1/4
f 2308/1/4 2309/1/4 2339/1/4
f 2307/1/4 2308/1/4 2339/1/4
f 2309/1/4 2310/1/4 2339/1/4
f 2245/1/4 2307/1/4 2339/1/4
f 2339/1/4 2310/1/4 2340/1/4
f 2340/1/4 2310/1/4 2341/1/4
f 2310/1/4 2246/1/4 2342/1/4
f 2341/1/4 2310/1/4 2342/1/4
f 2311/2/4 2312/2/4 2343/2/4
f 2231/1/4 2311/1/4 2343/1/4
f 2312/1/4 2313/1/4 2344/1/4
f 2343/2/4 2312/2/4 2344/2/4
f 2313/2/4 2314/2/4 2345/2/4
f 2344/1/4 2313/1/4 2345/1/4
f 2314/1/4 2232/1/4 2346/1/4
f 2345/2/4 2314/2/4 2346/2/4
f 2315/2/4 2316/2/4 2347/2/4
f 2233/1/4 2315/1/4 2347/1/4
f 2316/1/4 2317/1/4 2348/1/4
f 2347/2/4 2316/2/4 2348/2/4
f 2317/2/4 2318/2/4 2349/2/4
f 2348/1/4 2317/1/4 2349/1/4
f 2318/1/4 2234/1/4 2350/1/4
f 2349/2/4 2318/2/4 2350/2/4
f 2319/2/4 2320/2/4 2351/2/4
f 2235/1/4 2319/1/4 2351/1/4
f 2320/1/4 2321/1/4 2352/1/4
f 2351/2/4 2320/2/4 2352/2/4
f 2321/2/4 2322/2/4 2353/2/4
f 2352/1/4 2321/1/4 2353/1/4
f 2322/1/4 2236/1/4 2354/1/4
f 2353/2/4 2322/2/4 2354/2/4
f 2323/2/4 2324/2/4 2355/2/4
f 2237/1/4 2323/1/4 2355/1/4
f 2324/1/4 2325/1/4 2356/1/4
f 2355/2/4 2324/2/4 2356/2/4
f 2325/2/4 2326/2/4 2357/2/4
f 2356/1/4 2325/1/4 2357/1/4
f 2326/1/4 2238/1/4 2358/1/4
f 2357/2/4 2326/2/4 2358/2/4
f 2327/2/4 2328/2/4 2359/2/4
f 2239/1/4 2327/1/4 2359/1/4
f 2328/1/4 2329/1/4 2360/1/4
f 2359/2/4 2328/2/4 2360/2/4
f 2329/2/4 2330/2/4 2361/2/4
f 2360/1/4 2329/1/4 2361/1/4
f 2330/1/4 2240/1/4 2362/1/4
f 2361/2/4 2330/2/4 2362/2/4
f 2331/2/4 2332/2/4 2363/2/4
f 2241/1/4 2331/1/4 2363/1/4
f 2332/1/4 2333/1/4 2364/1/4
f 2363/2/4 2332/2/4 2364/2/4
f 2333/2/4 2334/2/4 2365/2/4
f 2364/1/4 2333/1/4 2365/1/4
f 2334/1/4 2242/1/4 2366/1/4
f 2365/2/4 2334/2/4 2366/2/4
f 2335/2/4 2336/2/4 2367/2/4
f 2243/1/4 2335/1/4 2367/1/4
f 2336/1/4 2337/1/4 2368/1/4
f 2367/2/4 2336/2/4 2368/2/4
f 2337/2/4 2338/2/4 2369/2/4
f 2368/1/4 2337/1/4 2369/1/4
f 2338/1/4 2244/1/4 2370/1/4
f 2369/2/4 2338/2/4 2370/2/4
f 2245/1/4 2339/1/4 2371/1/4
f 2339/2/4 2340/2/4 2371/2/4
f 2340/1/4 2341/1/4 2372/1/4
f 2371/2/4 2340/2/4 2372/2/4
f 2341/2/4 2342/2/4 2373/2/4
f 2372/1/4 2341/1/4 2373/1/4
f 2342/1/4 2246/1/4 2374/1/4
f 2373/2/4 2342/2/4 2374/2/4
f 1589/3/4 2231/3/4 2375/3/4
f 2344/1/4 2345/1/4 2375/1/4
f 2231/1/4 2343/1/4 2375/1/4
f 2343/1/4 2344/1/4 2375/1/4
f 2345/1/4 2346/1/4 2375/1/4
f 2232/3/4 2233/3/4 2376/3/4
f 2375/1/4 2346/1/4 2376/1/4
f 2346/1/4 2232/1/4 2376/1/4
f 2348/1/4 2349/1/4 2377/1/4
f 2376/3/4 2233/3/4 2377/3/4
f 2233/1/4 2347/1/4 2377/1/4
f 2347/1/4 2348/1/4 2377/1/4
f 2349/1/4 2350/1/4 2377/1/4
f 2234/3/4 2235/3/4 2378/3/4
f 2377/1/4 2350/1/4 2378/1/4
f 2350/1/4 2234/1/4 2378/1/4
f 2352/1/4 2353/1/4 2379/1/4
f 2378/3/4 2235/3/4 2379/3/4
f 2235/1/4 2351/1/4 2379/1/4
f 2351/1/4 2352/1/4 2379/1/4
f 2353/1/4 2354/1/4 2379/1/4
f 2236/3/4 2237/3/4 2380/3/4
f 2379/1/4 2354/1/4 2380/1/4
f 2354/1/4 2236/1/4 2380/1/4
f 2356/1/4 2357/1/4 2381/1/4
f 2380/3/4 2237/3/4 2381/3/4
f 2357/1/4 2358/1/4 2381/1/4
f 2355/1/4 2356/1/4 2381/1/4
f 2237/1/4 2355/1/4 2381/1/4
f 2238/3/4 2239/3/4 2382/3/4
f 2381/1/4 2358/1/4 2382/1/4
f 2358/1/4 2238/1/4 2382/1/4
f 2360/1/4 2361/1/4 2383/1/4
f 2382/3/4 2239/3/4 2383/3/4
f 2361/1/4 2362/1/4 2383/1/4
f 2239/1/4 2359/1/4 2383/1/4
f 2359/1/4 2360/1/4 2383/1/4
f 2240/3/4 2241/3/4 2384/3/4
f 2383/1/4 2362/1/4 2384/1/4
f 2362/1/4 2240/1/4 2384/1/4
f 2364/1/4 2365/1/4 2385/1/4
f 2384/3/4 2241/3/4 2385/3/4
f 2365/1/4 2366/1/4 2385/1/4
f 2241/1/4 2363/1/4 2385/1/4
f 2363/1/4 2364/1/4 2385/1/4
f 2242/3/4 2243/3/4 2386/3/4
f 2385/1/4 2366/1/4 2386/1/4
f 2366/1/4 2242/1/4 2386/1/4
f 2368/1/4 2369/1/4 2387/1/4
f 2386/3/4 2243/3/4 2387/3/4
f 2367/1/4 2368/1/4 2387/1/4
f 2369/1/4 2370/1/4 2387/1/4
f 2243/1/4 2367/1/4 2387/1/4
f 2244/3/4 2245/3/4 2388/3/4
f 2387/1/4 2370/1/4 2388/1/4
f 2370/1/4 2244/1/4 2388/1/4
f 2245/1/4 2371/1/4 2389/1/4
f 2388/3/4 2245/3/4 2389/3/4
f 2373/1/4 2374/1/4 2389/1/4
f 2372/1/4 2373/1/4 2389/1/4
f 2371/1/4 2372/1/4 2389/1/4
f 2374/1/4 2246/1/4 2390/1/4
f 2389/1/4 2374/1/4 2390/1/4
f 2246/3/4 1590/3/4 2390/3/4
f 2386/3/4 2387/3/4 2391/3/4
f 2388/3/4 2389/3/4 2391/3/4
f 2389/3/4 2390/3/4 2391/3/4
f 2381/3/4 2382/3/4 2391/3/4
f 2384/3/4 2385/3/4 2391/3/4
f 2379/3/4 2380/3/4 2391/3/4
f 2382/3/4 2383/3/4 2391/3/4
f 2377/3/4 2378/3/4 2391/3/4
f 2380/3/4 2381/3/4 2391/3/4
f 2375/3/4 2376/3/4 2391/3/4
f 2378/3/4 2379/3/4 2391/3/4
f 2385/3/4 2386/3/4 2391/3/4
f 2376/3/4 2377/3/4 2391/3/4
f 2387/3/4 2388/3/4 2391/3/4
f 1589/3/4 2375/3/4 2391/3/4
f 2383/3/4 2384/3/4 2391/3/4
f 2391/3/4 2390/3/4 2392/3/4
f 2392/3/4 2390/3/4 2393/3/4
f 2393/3/4 2390/3/4 2394/3/4
f 2394/3/4 2390/3/4 2395/3/4
f 2395/3/4 2390/3/4 2396/3/4
f 2396/3/4 2390/3/4 2397/3/4
f 2397/3/4 2390/3/4 2398/3/4
f 2398/3/4 2390/3/4 2399/3/4
f 2399/3/4 2390/3/4 2400/3/4
f 2400/3/4 2390/3/4 2401/3/4
f 2401/3/4 2390/3/4 2402/3/4
f 2402/3/4 2390/3/4 2403/3/4
f 2403/3/4 2390/3/4 2404/3/4
f 2404/3/4 2390/3/4 2405/3/4
f 2390/3/4 1590/3/4 2406/3/4
f 2405/3/4 2390/3/4 2406/3/4
f 2391/1/4 2392/1/4 2407/1/4
f 2407/1/4 2392/1/4 2408/1/4
f 2408/1/4 2392/1/4 2409/1/4
f 2409/1/4 2392/1/4 2410/1/4
f 2393/1/4 2394/1/4 2411/1/4
f 2411/1/4 2394/1/4 2412/1/4
f 2412/1/4 2394/1/4 2413/1/4
f 2413/1/4 2394/1/4 2414/1/4
f 2395/1/4 2396/1/4 2415/1/4
f 2415/1/4 2396/1/4 2416/1/4
f 2416/1/4 2396/1/4 2417/1/4
f 2417/1/4 2396/1/4 2418/1/4
f 2397/1/4 2398/1/4 2419/1/4
f 2419/1/4 2398/1/4 2420/1/4
f 2420/1/4 2398/1/4 2421/1/4
f 2421/1/4 2398/1/4 2422/1/4
f 2399/1/4 2400/1/4 2423/1/4
f 2423/1/4 2400/1/4 2424/1/4
f 2424/1/4 2400/1/4 2425/1/4
f 2425/1/4 2400/1/4 2426/1/4
f 2401/1/4 2402/1/4 2427/1/4
f 2427/1/4 2402/1/4 2428/1/4
f 2428/1/4 2402/1/4 2429/1/4
f 2429/1/4 2402/1/4 2430/1/4
f 2403/1/4 2404/1/4 2431/1/4
f 2431/1/4 2404/1/4 2432/1/4
f 2432/1/4 2404/1/4 2433/1/4
f 2433/1/4 2404/1/4 2434/1/4
f 2405/1/4 2406/1/4 2435/1/4
f 2435/1/4 2406/1/4 2436/1/4
f 2436/1/4 2406/1/4 2437/1/4
f 2437/1/4 2406/1/4 2438/1/4
f 2391/1/4 2407/1/4 2439/1/4
f 2407/2/4 2408/2/4 2439/2/4
f 2408/1/4 2409/1/4 2440/1/4
f 2439/2/4 2408/2/4 2440/2/4
f 2409/2/4 2410/2/4 2441/2/4
f 2440/1/4 2409/1/4 2441/1/4
f 2410/1/4 2392/1/4 2442/1/4
f 2441/2/4 2410/2/4 2442/2/4
f 2393/1/4 2411/1/4 2443/1/4
f 2411/2/4 2412/2/4 2443/2/4
f 2412/1/4 2413/1/4 2444/1/4
f 2443/2/4 2412/2/4 2444/2/4
f 2413/2/4 2414/2/4 2445/2/4
f 2444/1/4 2413/1/4 2445/1/4
f 2414/1/4 2394/1/4 2446/1/4
f 2445/2/4 2414/2/4 2446/2/4
f 2395/1/4 2415/1/4 2447/1/4
f 2415/2/4 2416/2/4 2447/2/4
f 2416/1/4 2417/1/4 2448/1/4
f 2447/2/4 2416/2/4 2448/2/4
f 2417/2/4 2418/2/4 2449/2/4
f 2448/1/4 2417/1/4 2449/1/4
f 2418/1/4 2396/1/4 2450/1/4
f 2449/2/4 2418/2/4 2450/2/4
f 2397/1/4 2419/1/4 2451/1/4
f 2419/2/4 2420/2/4 2451/2/4
f 2420/1/4 2421/1/4 2452/1/4
f 2451/2/4 2420/2/4 2452/2/4
f 2421/2/4 2422/2/4 2453/2/4
f 2452/1/4 2421/1/4 2453/1/4
f 2422/1/4 2398/1/4 2454/1/4
f 2453/2/4 2422/2/4 2454/2/4
f 2399/1/4 2423/1/4 2455/1/4
f 2423/2/4 2424/2/4 2455/2/4
f 2424/1/4 2425/1/4 2456/1/4
f 2455/2/4 2424/2/4 2456/2/4
f 2425/2/4 2426/2/4 2457/2/4
f 2456/1/4 2425/1/4 2457/1/4
f 2426/1/4 2400/1/4 2458/1/4
f 2457/2/4 2426/2/4 2458/2/4
f 2401/1/4 2427/1/4 2459/1/4
f 2427/2/4 2428/2/4 2459/2/4
f 2428/1/4 2429/1/4 2460/1/4
f 2459/2/4 2428/2/4 2460/2/4
f 2429/2/4 2430/2/4 2461/2/4
f 2460/1/4 2429/1/4 2461/1/4
f 2430/1/4 2402/1/4 2462/1/4
f 2461/2/4 2430/2/4 2462/2/4
f 2403/1/4 2431/1/4 2463/1/4
f 2431/2/4 2432/2/4 2463/2/4
f 2432/1/4 2433/1/4 2464/1/4
f 2463/2/4 2432/2/4 2464/2/4
f 2433/2/4 2434/2/4 2465/2/4
f 2464/1/4 2433/1/4 2465/1/4
f 2434/1/4 2404/1/4 2466/1/4
f 2465/2/4 2434/2/4 2466/2/4
f 2405/1/4 2435/1/4 2467/1/4
f 2435/2/4 2436/2/4 2467/2/4
f 2436/1/4 2437/1/4 2468/1/4
f 2467/2/4 2436/2/4 2468/2/4
f 2437/2/4 2438/2/4 2469/2/4
f 2468/1/4 2437/1/4 2469/1/4
f 2438/1/4 2406/1/4 2470/1/4
f 2469/2/4 2438/2/4 2470/2/4
f 2440/1/4 2441/1/4 2471/1/4
f 2391/1/4 2439/1/4 2471/1/4
f 2439/1/4 2440/1/4 2471/1/4
f 2441/1/4 2442/1/4 2471/1/4
f 2471/1/4 2442/1/4 2472/1/4
f 2472/1/4 2442/1/4 2473/1/4
f 2442/1/4 2392/1/4 2474/1/4
f 2473/1/4 2442/1/4 2474/1/4
f 2444/1/4 2445/1/4 2475/1/4
f 2393/1/4 2443/1/4 2475/1/4
f 2443/1/4 2444/1/4 2475/1/4
f 2445/1/4 2446/1/4 2475/1/4
f 2475/1/4 2446/1/4 2476/1/4
f 2476/1/4 2446/1/4 2477/1/4
f 2446/1/4 2394/1/4 2478/1/4
f 2477/1/4 2446/1/4 2478/1/4
f 2448/1/4 2449/1/4 2479/1/4
f 2395/1/4 2447/1/4 2479/1/4
f 2447/1/4 2448/1/4 2479/1/4
f 2449/1/4 2450/1/4 2479/1/4
f 2479/1/4 2450/1/4 2480/1/4
f 2480/1/4 2450/1/4 2481/1/4
f 2450/1/4 2396/1/4 2482/1/4
f 2481/1/4 2450/1/4 2482/1/4
f 2452/1/4 2453/1/4 2483/1/4
f 2397/1/4 2451/1/4 2483/1/4
f 2451/1/4 2452/1/4 2483/1/4
f 2453/1/4 2454/1/4 2483/1/4
f 2483/1/4 2454/1/4 2484/1/4
f 2484/1/4 2454/1/4 2485/1/4
f 2454/1/4 2398/1/4 2486/1/4
f 2485/1/4 2454/1/4 2486/1/4
f 2456/1/4 2457/1/4 2487/1/4
f 2399/1/4 2455/1/4 2487/1/4
f 2455/1/4 2456/1/4 2487/1/4
f 2457/1/4 2458/1/4 2487/1/4
f 2487/1/4 2458/1/4 2488/1/4
f 2488/1/4 2458/1/4 2489/1/4
f 2458/1/4 2400/1/4 2490/1/4
f 2489/1/4 2458/1/4 2490/1/4
f 2460/1/4 2461/1/4 2491/1/4
f 2401/1/4 2459/1/4 2491/1/4
f 2459/1/4 2460/1/4 2491/1/4
f 2461/1/4 2462/1/4 2491/1/4
f 2491/1/4 2462/1/4 2492/1/4
f 2492/1/4 2462/1/4 2493/1/4
f 2462/1/4 2402/1/4 2494/1/4
f 2493/1/4 2462/1/4 2494/1/4
f 2464/1/4 2465/1/4 2495/1/4
f 2465/1/4 2466/1/4 2495/1/4
f 2403/1/4 2463/1/4 2495/1/4
f 2463/1/4 2464/1/4 2495/1/4
f 2495/1/4 2466/1/4 2496/1/4
f 2496/1/4 2466/1/4 2497/1/4
f 2466/1/4 2404/1/4 2498/1/4
f 2497/1/4 2466/1/4 2498/1/4
f 2468/1/4 2469/1/4 2499/1/4
f 2467/1/4 2468/1/4 2499/1/4
f 2469/1/4 2470/1/4 2499/1/4
f 2405/1/4 2467/1/4 2499/1/4
f 2499/1/4 2470/1/4 2500/1/4
f 2500/1/4 2470/1/4 2501/1/4
f 2470/1/4 2406/1/4 2502/1/4
f 2501/1/4 2470/1/4 2502/1/4
f 2471/2/4 2472/2/4 2503/2/4
f 2391/1/4 2471/1/4 2503/1/4
f 2472/1/4 2473/1/4 2504/1/4
f 2503/2/4 2472/2/4 2504/2/4
f 2473/2/4 2474/2/4 2505/2/4
f 2504/1/4 2473/1/4 2505/1/4
f 2474/1/4 2392/1/4 2506/1/4
f 2505/2/4 2474/2/4 2506/2/4
f 2475/2/4 2476/2/4 2507/2/4
f 2393/1/4 2475/1/4 2507/1/4
f 2476/1/4 2477/1/4 2508/1/4
f 2507/2/4 2476/2/4 2508/2/4
f 2477/2/4 2478/2/4 2509/2/4
f 2508/1/4 2477/1/4 2509/1/4
f 2478/1/4 2394/1/4 2510/1/4
f 2509/2/4 2478/2/4 2510/2/4
f 2479/2/4 2480/2/4 2511/2/4
f 2395/1/4 2479/1/4 2511/1/4
f 2480/1/4 2481/1/4 2512/1/4
f 2511/2/4 2480/2/4 2512/2/4
f 2481/2/4 2482/2/4 2513/2/4
f 2512/1/4 2481/1/4 2513/1/4
f 2482/1/4 2396/1/4 2514/1/4
f 2513/2/4 2482/2/4 2514/2/4
f 2483/2/4 2484/2/4 2515/2/4
f 2397/1/4 2483/1/4 2515/1/4
f 2484/1/4 2485/1/4 2516/1/4
f 2515/2/4 2484/2/4 2516/2/4
f 2485/2/4 2486/2/4 2517/2/4
f 2516/1/4 2485/1/4 2517/1/4
f 2486/1/4 2398/1/4 2518/1/4
f 2517/2/4 2486/2/4 2518/2/4
f 2487/2/4 2488/2/4 2519/2/4
f 2399/1/4 2487/1/4 2519/1/4
f 2488/1/4 2489/1/4 2520/1/4
f 2519/2/4 2488/2/4 2520/2/4
f 2489/2/4 2490/2/4 2521/2/4
f 2520/1/4 2489/1/4 2521/1/4
f 2490/1/4 2400/1/4 2522/1/4
f 2521/2/4 2490/2/4 2522/2/4
f 2491/2/4 2492/2/4 2523/2/4
f 2401/1/4 2491/1/4 2523/1/4
f 2492/1/4 2493/1/4 2524/1/4
f 2523/2/4 2492/2/4 2524/2/4
f 2493/2/4 2494/2/4 2525/2/4
f 2524/1/4 2493/1/4 2525/1/4
f 2494/1/4 2402/1/4 2526/1/4
f 2525/2/4 2494/2/4 2526/2/4
f 2495/2/4 2496/2/4 2527/2/4
f 2403/1/4 2495/1/4 2527/1/4
f 2496/1/4 2497/1/4 2528/1/4
f 2527/2/4 2496/2/4 2528/2/4
f 2497/2/4 2498/2/4 2529/2/4
f 2528/1/4 2497/1/4 2529/1/4
f 2498/1/4 2404/1/4 2530/1/4
f 2529/2/4 2498/2/4 2530/2/4
f 2405/1/4 2499/1/4 2531/1/4
f 2499/2/4 2500/2/4 2531/2/4
f 2500/1/4 2501/1/4 2532/1/4
f 2531/2/4 2500/2/4 2532/2/4
f 2501/2/4 2502/2/4 2533/2/4
f 2532/1/4 2501/1/4 2533/1/4
f 2502/1/4 2406/1/4 2534/1/4
f 2533/2/4 2502/2/4 2534/2/4
f 1589/3/4 2391/3/4 2535/3/4
f 2504/1/4 2505/1/4 2535/1/4
f 2391/1/4 2503/1/4 2535/1/4
f 2503/1/4 2504/1/4 2535/1/4
f 2505/1/4 2506/1/4 2535/1/4
f 2392/3/4 2393/3/4 2536/3/4
f 2535/1/4 2506/1/4 2536/1/4
f 2506/1/4 2392/1/4 2536/1/4
f 2508/1/4 2509/1/4 2537/1/4
f 2536/3/4 2393/3/4 2537/3/4
f 2393/1/4 2507/1/4 2537/1/4
f 2507/1/4 2508/1/4 2537/1/4
f 2509/1/4 2510/1/4 2537/1/4
f 2394/3/4 2395/3/4 2538/3/4
f 2537/1/4 2510/1/4 2538/1/4
f 2510/1/4 2394/1/4 2538/1/4
f 2512/1/4 2513/1/4 2539/1/4
f 2538/3/4 2395/3/4 2539/3/4
f 2395/1/4 2511/1/4 2539/1/4
f 2511/1/4 2512/1/4 2539/1/4
f 2513/1/4 2514/1/4 2539/1/4
f 2396/3/4 2397/3/4 2540/3/4
f 2539/1/4 2514/1/4 2540/1/4
f 2514/1/4 2396/1/4 2540/1/4
f 2516/1/4 2517/1/4 2541/1/4
f 2540/3/4 2397/3/4 2541/3/4
f 2517/1/4 2518/1/4 2541/1/4
f 2515/1/4 2516/1/4 2541/1/4
f 2397/1/4 2515/1/4 2541/1/4
f 2398/3/4 2399/3/4 2542/3/4
f 2541/1/4 2518/1/4 2542/1/4
f 2518/1/4 2398/1/4 2542/1/4
f 2520/1/4 2521/1/4 2543/1/4
f 2542/3/4 2399/3/4 2543/3/4
f 2521/1/4 2522/1/4 2543/1/4
f 2399/1/4 2519/1/4 2543/1/4
f 2519/1/4 2520/1/4 2543/1/4
f 2400/3/4 2401/3/4 2544/3/4
f 2543/1/4 2522/1/4 2544/1/4
f 2522/1/4 2400/1/4 2544/1/4
f 2524/1/4 2525/1/4 2545/1/4
f 2544/3/4 2401/3/4 2545/3/4
f 2525/1/4 2526/1/4 2545/1/4
f 2401/1/4 2523/1/4 2545/1/4
f 2523/1/4 2524/1/4 2545/1/4
f 2402/3/4 2403/3/4 2546/3/4
f 2545/1/4 2526/1/4 2546/1/4
f 2526/1/4 2402/1/4 2546/1/4
f 2528/1/4 2529/1/4 2547/1/4
f 2546/3/4 2403/3/4 2547/3/4
f 2527/1/4 2528/1/4 2547/1/4
f 2529/1/4 2530/1/4 2547/1/4
f 2403/1/4 2527/1/4 2547/1/4
f 2404/3/4 2405/3/4 2548/3/4
f 2547/1/4 2530/1/4 2548/1/4
f 2530/1/4 2404/1/4 2548/1/4
f 2405/1/4 2531/1/4 2549/1/4
f 2548/3/4 2405/3/4 2549/3/4
f 2533/1/4 2534/1/4 2549/1/4
f 2532/1/4 2533/1/4 2549/1/4
f 2531/1/4 2532/1/4 2549/1/4
f 2534/1/4 2406/1/4 2550/1/4
f 2549/1/4 2534/1/4 2550/1/4
f 2406/3/4 1590/3/4 2550/3/4
f 2546/3/4 2547/3/4 2551/3/4
f 2548/3/4 2549/3/4 2551/3/4
f 2549/3/4 2550/3/4 2551/3/4
f 2541/3/4 2542/3/4 2551/3/4
f 2544/3/4 2545/3/4 2551/3/4
f 2539/3/4 2540/3/4 2551/3/4
f 2542/3/4 2543/3/4 2551/3/4
f 2537/3/4 2538/3/4 2551/3/4
f 2540/3/4 2541/3/4 2551/3/4
f 2535/3/4 2536/3/4 2551/3/4
f 2538/3/4 2539/3/4 2551/3/4
f 2545/3/4 2546/3/4 2551/3/4
f 2536/3/4 2537/3/4 2551/3/4
f 2547/3/4 2548/3/4 2551/3/4
f 1589/3/4 2535/3/4 2551/3/4
f 2543/3/4 2544/3/4 2551/3/4
f 2551/3/4 2550/3/4 2552/3/4
f 2552/3/4 2550/3/4 2553/3/4
f 2553/3/4 2550/3/4 2554/3/4
f 2554/3/4 2550/3/4 2555/3/4
f 2555/3/4 2550/3/4 2556/3/4
f 2556/3/4 2550/3/4 2557/3/4
f 2557/3/4 2550/3/4 2558/3/4
f 2558/3/4 2550/3/4 2559/3/4
f 2559/3/4 2550/3/4 2560/3/4
f 2560/3/4 2550/3/4 2561/3/4
f 2561/3/4 2550/3/4 2562/3/4
f 2562/3/4 2550/3/4 2563/3/4
f 2563/3/4 2550/3/4 2564/3/4
f 2564/3/4 2550/3/4 2565/3/4
f 2550/3/4 1590/3/4 2566/3/4
f 2565/3/4 2550/3/4 2566/3/4
f 2551/1/4 2552/1/4 2567/1/4
f 2567/1/4 2552/1/4 2568/1/4
f 2568/1/4 2552/1/4 2569/1/4
f 2569/1/4 2552/1/4 2570/1/4
f 2553/1/4 2554/1/4 2571/1/4
f 2571/1/4 2554/1/4 2572/1/4
f 2572/1/4 2554/1/4 2573/1/4
f 2573/1/4 2554/1/4 2574/1/4
f 2555/1/4 2556/1/4 2575/1/4
f 2575/1/4 2556/1/4 2576/1/4
f 2576/1/4 2556/1/4 2577/1/4
f 2577/1/4 2556/1/4 2578/1/4
f 2557/1/4 2558/1/4 2579/1/4
f 2579/1/4 2558/1/4 2580/1/4
f 2580/1/4 2558/1/4 2581/1/4
f 2581/1/4 2558/1/4 2582/1/4
f 2559/1/4 2560/1/4 2583/1/4
f 2583/1/4 2560/1/4 2584/1/4
f 2584/1/4 2560/1/4 2585/1/4
f 2585/1/4 2560/1/4 2586/1/4
f 2561/1/4 2562/1/4 2587/1/4
f 2587/1/4 2562/1/4 2588/1/4
f 2588/1/4 2562/1/4 2589/1/4
f 2589/1/4 2562/1/4 2590/1/4
f 2563/1/4 2564/1/4 2591/1/4
f 2591/1/4 2564/1/4 2592/1/4
f 2592/1/4 2564/1/4 2593/1/4
f 2593/1/4 2564/1/4 2594/1/4
f 2565/1/4 2566/1/4 2595/1/4
f 2595/1/4 2566/1/4 2596/1/4
f 2596/1/4 2566/1/4 2597/1/4
f 2597/1/4 2566/1/4 2598/1/4
f 2551/1/4 2567/1/4 2599/1/4
f 2567/2/4 2568/2/4 2599/2/4
f 2568/1/4 2569/1/4 2600/1/4
f 2599/2/4 2568/2/4 2600/2/4
f 2569/2/4 2570/2/4 2601/2/4
f 2600/1/4 2569/1/4 2601/1/4
f 2570/1/4 2552/1/4 2602/1/4
f 2601/2/4 2570/2/4 2602/2/4
f 2553/1/4 2571/1/4 2603/1/4
f 2571/2/4 2572/2/4 2603/2/4
f 2572/1/4 2573/1/4 2604/1/4
f 2603/2/4 2572/2/4 2604/2/4
f 2573/2/4 2574/2/4 2605/2/4
f 2604/1/4 2573/1/4 2605/1/4
f 2574/1/4 2554/1/4 2606/1/4
f 2605/2/4 2574/2/4 2606/2/4
f 2555/1/4 2575/1/4 2607/1/4
f 2575/2/4 2576/2/4 2607/2/4
f 2576/1/4 2577/1/4 2608/1/4
f 2607/2/4 2576/2/4 2608/2/4
f 2577/2/4 2578/2/4 2609/2/4
f 2608/1/4 2577/1/4 2609/1/4
f 2578/1/4 2556/1/4 2610/1/4
f 2609/2/4 2578/2/4 2610/2/4
f 2557/1/4 2579/1/4 2611/1/4
f 2579/2/4 2580/2/4 2611/2/4
f 2580/1/4 2581/1/4 2612/1/4
f 2611/2/4 2580/2/4 2612/2/4
f 2581/2/4 2582/2/4 2613/2/4
f 2612/1/4 2581/1/4 2613/1/4
f 2582/1/4 2558/1/4 2614/1/4
f 2613/2/4 2582/2/4 2614/2/4
f 2559/1/4 2583/1/4 2615/1/4
f 2583/2/4 2584/2/4 2615/2/4
f 2584/1/4 2585/1/4 2616/1/4
f 2615/2/4 2584/2/4 2616/2/4
f 2585/2/4 2586/2/4 2617/2/4
f 2616/1/4 2585/1/4 2617/1/4
f 2586/1/4 2560/1/4 2618/1/4
f 2617/2/4 2586/2/4 2618/2/4
f 2561/1/4 2587/1/4 2619/1/4
f 2587/2/4 2588/2/4 2619/2/4
f 2588/1/4 2589/1/4 2620/1/4
f 2619/2/4 2588/2/4 2620/2/4
f 2589/2/4 2590/2/4 2621/2/4
f 2620/1/4 2589/1/4 2621/1/4
f 2590/1/4 2562/1/4 2622/1/4
f 2621/2/4 2590/2/4 2622/2/4
f 2563/1/4 2591/1/4 2623/1/4
f 2591/2/4 2592/2/4 2623/2/4
f 2592/1/4 2593/1/4 2624/1/4
f 2623/2/4 2592/2/4 2624/2/4
f 2593/2/4 2594/2/4 2625/2/4
f 2624/1/4 2593/1/4 2625/1/4
f 2594/1/4 2564/1/4 2626/1/4
f 2625/2/4 2594/2/4 2626/2/4
f 2565/1/4 2595/1/4 2627/1/4
f 2595/2/4 2596/2/4 2627/2/4
f 2596/1/4 2597/1/4 2628/1/4
f 2627/2/4 2596/2/4 2628/2/4
f 2597/2/4 2598/2/4 2629/2/4
f 2628/1/4 2597/1/4 2629/1/4
f 2598/1/4 2566/1/4 2630/1/4
f 2629/2/4 2598/2/4 2630/2/4
f 2600/1/4 2601/1/4 2631/1/4
f 2551/1/4 2599/1/4 2631/1/4
f 2599/1/4 2600/1/4 2631/1/4
f 2601/1/4 2602/1/4 2631/1/4
f 2631/1/4 2602/1/4 2632/1/4
f 2632/1/4 2602/1/4 2633/1/4
f 2602/1/4 2552/1/4 2634/1/4
f 2633/1/4 2602/1/4 2634/1/4
f 2604/1/4 2605/1/4 2635/1/4
f 2553/1/4 2603/1/4 2635/1/4
f 2603/1/4 2604/1/4 2635/1/4
f 2605/1/4 2606/1/4 2635/1/4
f 2635/1/4 2606/1/4 2636/1/4
f 2636/1/4 2606/1/4 2637/1/4
f 2606/1/4 2554/1/4 2638/1/4
f 2637/1/4 2606/1/4 2638/1/4
f 2608/1/4 2609/1/4 2639/1/4
f 2555/1/4 2607/1/4 2639/1/4
f 2607/1/4 2608/1/4 2639/1/4
f 2609/1/4 2610/1/4 2639/1/4
f 2639/1/4 2610/1/4 2640/1/4
f 2640/1/4 2610/1/4 2641/1/4
f 2610/1/4 2556/1/4 2642/1/4
f 2641/1/4 2610/1/4 2642/1/4
f 2612/1/4 2613/1/4 2643/1/4
f 2557/1/4 2611/1/4 2643/1/4
f 2611/1/4 2612/1/4 2643/1/4
f 2613/1/4 2614/1/4 2643/1/4
f 2643/1/4 2614/1/4 2644/1/4
f 2644/1/4 2614/1/4 2645/1/4
f 2614/1/4 2558/1/4 2646/1/4
f 2645/1/4 2614/1/4 2646/1/4
f 2616/1/4 2617/1/4 2647/1/4
f 2559/1/4 2615/1/4 2647/1/4
f 2615/1/4 2616/1/4 2647/1/4
f 2617/1/4 2618/1/4 2647/1/4
f 2647/1/4 2618/1/4 2648/1/4
f 2648/1/4 2618/1/4 2649/1/4
f 2618/1/4 2560/1/4 2650/1/4
f 2649/1/4 2618/1/4 2650/1/4
f 2620/1/4 2621/1/4 2651/1/4
f 2561/1/4 2619/1/4 2651/1/4
f 2619/1/4 2620/1/4 2651/1/4
f 2621/1/4 2622/1/4 2651/1/4
f 2651/1/4 2622/1/4 2652/1/4
f 2652/1/4 2622/1/4 2653/1/4
f 2622/1/4 2562/1/4 2654/1/4
f 2653/1/4 2622/1/4 2654/1/4
f 2624/1/4 2625/1/4 2655/1/4
f 2625/1/4 2626/1/4 2655/1/4
f 2563/1/4 2623/1/4 2655/1/4
f 2623/1/4 2624/1/4 2655/1/4
f 2655/1/4 2626/1/4 2656/1/4
f 2656/1/4 2626/1/4 2657/1/4
f 2626/1/4 2564/1/4 2658/1/4
f 2657/1/4 2626/1/4 2658/1/4
f 2628/1/4 2629/1/4 2659/1/4
f 2627/1/4 2628/1/4 2659/1/4
f 2629/1/4 2630/1/4 2659/1/4
f 2565/1/4 2627/1/4 2659/1/4
f 2659/1/4 2630/1/4 2660/1/4
f 2660/1/4 2630/1/4 2661/1/4
f 2630/1/4 2566/1/4 2662/1/4
f 2661/1/4 2630/1/4 2662/1/4
f 2631/2/4 2632/2/4 2663/2/4
f 2551/1/4 2631/1/4 2663/1/4
f 2632/1/4 2633/1/4 2664/1/4
f 2663/2/4 2632/2/4 2664/2/4
f 2633/2/4 2634/2/4 2665/2/4
f 2664/1/4 2633/1/4 2665/1/4
f 2634/1/4 2552/1/4 2666/1/4
f 2665/2/4 2634/2/4 2666/2/4
f 2635/2/4 2636/2/4 2667/2/4
f 2553/1/4 2635/1/4 2667/1/4
f 2636/1/4 2637/1/4 2668/1/4
f 2667/2/4 2636/2/4 2668/2/4
f 2637/2/4 2638/2/4 2669/2/4
f 2668/1/4 2637/1/4 2669/1/4
f 2638/1/4 2554/1/4 2670/1/4
f 2669/2/4 2638/2/4 2670/2/4
f 2639/2/4 2640/2/4 2671/2/4
f 2555/1/4 2639/1/4 2671/1/4
f 2640/1/4 2641/1/4 2672/1/4
f 2671/2/4 2640/2/4 2672/2/4
f 2641/2/4 2642/2/4 2673/2/4
f 2672/1/4 2641/1/4 2673/1/4
f 2642/1/4 2556/1/4 2674/1/4
f 2673/2/4 2642/2/4 2674/2/4
f 2643/2/4 2644/2/4 2675/2/4
f 2557/1/4 2643/1/4 2675/1/4
f 2644/1/4 2645/1/4 2676/1/4
f 2675/2/4 2644/2/4 2676/2/4
f 2645/2/4 2646/2/4 2677/2/4
f 2676/1/4 2645/1/4 2677/1/4
f 2646/1/4 2558/1/4 2678/1/4
f 2677/2/4 2646/2/4 2678/2/4
f 2647/2/4 2648/2/4 2679/2/4
f 2559/1/4 2647/1/4 2679/1/4
f 2648/1/4 2649/1/4 2680/1/4
f 2679/2/4 2648/2/4 2680/2/4
f 2649/2/4 2650/2/4 2681/2/4
f 2680/1/4 2649/1/4 2681/1/4
f 2650/1/4 2560/1/4 2682/1/4
f 2681/2/4 2650/2/4 2682/2/4
f 2651/2/4 2652/2/4 2683/2/4
f 2561/1/4 2651/1/4 2683/1/4
f 2652/1/4 2653/1/4 2684/1/4
f 2683/2/4 2652/2/4 2684/2/4
f 2653/2/4 2654/2/4 2685/2/4
f 2684/1/4 2653/1/4 2685/1/4
f 2654/1/4 2562/1/4 2686/1/4
f 2685/2/4 2654/2/4 2686/2/4
f 2655/2/4 2656/2/4 2687/2/4
f 2563/1/4 2655/1/4 2687/1/4
f 2656/1/4 2657/1/4 2688/1/4
f 2687/2/4 2656/2/4 2688/2/4
f 2657/2/4 2658/2/4 2689/2/4
f 2688/1/4 2657/1/4 2689/1/4
f 2658/1/4 2564/1/4 2690/1/4
f 2689/2/4 2658/2/4 2690/2/4
f 2565/1/4 2659/1/4 2691/1/4
f 2659/2/4 2660/2/4 2691/2/4
f 2660/1/4 2661/1/4 2692/1/4
f 2691/2/4 2660/2/4 2692/2/4
f 2661/2/4 2662/2/4 2693/2/4
f 2692/1/4 2661/1/4 2693/1/4
f 2662/1/4 2566/1/4 2694/1/4
f 2693/2/4 2662/2/4 2694/2/4
f 1589/3/4 2551/3/4 2695/3/4
f 2664/1/4 2665/1/4 2695/1/4
f 2551/1/4 2663/1/4 2695/1/4
f 2663/1/4 2664/1/4 2695/1/4
f 2665/1/4 2666/1/4 2695/1/4
f 2552/3/4 2553/3/4 2696/3/4
f 2695/1/4 2666/1/4 2696/1/4
f 2666/1/4 2552/1/4 2696/1/4
f 2668/1/4 2669/1/4 2697/1/4
f 2696/3/4 2553/3/4 2697/3/4
f 2553/1/4 2667/1/4 2697/1/4
f 2667/1/4 2668/1/4 2697/1/4
f 2669/1/4 2670/1/4 2697/1/4
f 2554/3/4 2555/3/4 2698/3/4
f 2697/1/4 2670/1/4 2698/1/4
f 2670/1/4 2554/1/4 2698/1/4
f 2672/1/4 2673/1/4 2699/1/4
f 2698/3/4 2555/3/4 2699/3/4
f 2555/1/4 2671/1/4 2699/1/4
f 2671/1/4 2672/1/4 2699/1/4
f 2673/1/4 2674/1/4 2699/1/4
f 2556/3/4 2557/3/4 2700/3/4
f 2699/1/4 2674/1/4 2700/1/4
f 2674/1/4 2556/1/4 2700/1/4
f 2676/1/4 2677/1/4 2701/1/4
f 2700/3/4 2557/3/4 2701/3/4
f 2677/1/4 2678/1/4 2701/1/4
f 2675/1/4 2676/1/4 2701/1/4
f 2557/1/4 2675/1/4 2701/1/4
f 2558/3/4 2559/3/4 2702/3/4
f 2701/1/4 2678/1/4 2702/1/4
f 2678/1/4 2558/1/4 2702/1/4
f 2680/1/4 2681/1/4 2703/1/4
f 2702/3/4 2559/3/4 2703/3/4
f 2681/1/4 2682/1/4 2703/1/4
f 2559/1/4 2679/1/4 2703/1/4
f 2679/1/4 2680/1/4 2703/1/4
f 2560/3/4 2561/3/4 2704/3/4
f 2703/1/4 2682/1/4 2704/1/4
f 2682/1/4 2560/1/4 2704/1/4
f 2684/1/4 2685/1/4 2705/1/4
f 2704/3/4 2561/3/4 2705/3/4
f 2685/1/4 2686/1/4 2705/1/4
f 2561/1/4 2683/1/4 2705/1/4
f 2683/1/4 2684/1/4 2705/1/4
f 2562/3/4 2563/3/4 2706/3/4
f 2705/1/4 2686/1/4 2706/1/4
f 2686/1/4 2562/1/4 2706/1/4
f 2688/1/4 2689/1/4 2707/1/4
f 2706/3/4 2563/3/4 2707/3/4
f 2687/1/4 2688/1/4 2707/1/4
f 2689/1/4 2690/1/4 2707/1/4
f 2563/1/4 2687/1/4 2707/1/4
f 2564/3/4 2565/3/4 2708/3/4
f 2707/1/4 2690/1/4 2708/1/4
f 2690/1/4 2564/1/4 2708/1/4
f 2565/1/4 2691/1/4 2709/1/4
f 2708/3/4 2565/3/4 2709/3/4
f 2693/1/4 2694/1/4 2709/1/4
f 2692/1/4 2693/1/4 2709/1/4
f 2691/1/4 2692/1/4 2709/1/4
f 2694/1/4 2566/1/4 2710/1/4
f 2709/1/4 2694/1/4 2710/1/4
f 2566/3/4 1590/3/4 2710/3/4
f 2706/3/4 2707/3/4 2711/3/4
f 2708/3/4 2709/3/4 2711/3/4
f 2709/3/4 2710/3/4 2711/3/4
f 2701/3/4 2702/3/4 2711/3/4
f 2704/3/4 2705/3/4 2711/3/4
f 2699/3/4 2700/3/4 2711/3/4
f 2702/3/4 2703/3/4 2711/3/4
f 2697/3/4 2698/3/4 2711/3/4
f 2700/3/4 2701/3/4 2711/3/4
f 2695/3/4 2696/3/4 2711/3/4
f 2698/3/4 2699/3/4 2711/3/4
f 2705/3/4 2706/3/4 2711/3/4
f 2696/3/4 2697/3/4 2711/3/4
f 2707/3/4 2708/3/4 2711/3/4
f 1589/3/4 2695/3/4 2711/3/4
f 2703/3/4 2704/3/4 2711/3/4
f 2711/3/4 2710/3/4 2712/3/4
f 2712/3/4 2710/3/4 2713/3/4
f 2713/3/4 2710/3/4 2714/3/4
f 2714/3/4 2710/3/4 2715/3/4
f 2715/3/4 2710/3/4 2716/3/4
f 2716/3/4 2710/3/4 2717/3/4
f 2717/3/4 2710/3/4 2718/3/4
f 2718/3/4 2710/3/4 2719/3/4
f 2719/3/4 2710/3/4 2720/3/4
f 2720/3/4 2710/3/4 2721/3/4
f 2721/3/4 2710/3/4 2722/3/4
f 2722/3/4 2710/3/4 2723/3/4
f 2723/3/4 2710/3/4 2724/3/4
f 2724/3/4 2710/3/4 2725/3/4
f 2710/3/4 1590/3/4 2726/3/4
f 2725/3/4 2710/3/4 2726/3/4
f 2711/1/4 2712/1/4 2727/1/4
f 2727/1/4 2712/1/4 2728/1/4
f 2728/1/4 2712/1/4 2729/1/4
f 2729/1/4 2712/1/4 2730/1/4
f 2713/1/4 2714/1/4 2731/1/4
f 2731/1/4 2714/1/4 2732/1/4
f 2732/1/4 2714/1/4 2733/1/4
f 2733/1/4 2714/1/4 2734/1/4
f 2715/1/4 2716/1/4 2735/1/4
f 2735/1/4 2716/1/4 2736/1/4
f 2736/1/4 2716/1/4 2737/1/4
f 2737/1/4 2716/1/4 2738/1/4
f 2717/1/4 2718/1/4 2739/1/4
f 2739/1/4 2718/1/4 2740/1/4
f 2740/1/4 2718/1/4 2741/1/4
f 2741/1/4 2718/1/4 2742/1/4
f 2719/1/4 2720/1/4 2743/1/4
f 2743/1/4 2720/1/4 2744/1/4
f 2744/1/4 2720/1/4 2745/1/4
f 2745/1/4 2720/1/4 2746/1/4
f 2721/1/4 2722/1/4 2747/1/4
f 2747/1/4 2722/1/4 2748/1/4
f 2748/1/4 2722/1/4 2749/1/4
f 2749/1/4 2722/1/4 2750/1/4
f 2723/1/4 2724/1/4 2751/1/4
f 2751/1/4 2724/1/4 2752/1/4
f 2752/1/4 2724/1/4 2753/1/4
f 2753/1/4 2724/1/4 2754/1/4
f 2725/1/4 2726/1/4 2755/1/4
f 2755/1/4 2726/1/4 2756/1/4
f 2756/1/4 2726/1/4 2757/1/4
f 2757/1/4 2726/1/4 2758/1/4
f 2711/1/4 2727/1/4 2759/1/4
f 2727/2/4 2728/2/4 2759/2/4
f 2728/1/4 2729/1/4 2760/1/4
f 2759/2/4 2728/2/4 2760/2/4
f 2729/2/4 2730/2/4 2761/2/4
f 2760/1/4 2729/1/4 2761/1/4
f 2730/1/4 2712/1/4 2762/1/4
f 2761/2/4 2730/2/4 2762/2/4
f 2713/1/4 2731/1/4 2763/1/4
f 2731/2/4 2732/2/4 2763/2/4
f 2732/1/4 2733/1/4 2764/1/4
f 2763/2/4 2732/2/4 2764/2/4
f 2733/2/4 2734/2/4 2765/2/4
f 2764/1/4 2733/1/4 2765/1/4
f 2734/1/4 2714/1/4 2766/1/4
f 2765/2/4 2734/2/4 2766/2/4
f 2715/1/4 2735/1/4 2767/1/4
f 2735/2/4 2736/2/4 2767/2/4
f 2736/1/4 2737/1/4 2768/1/4
f 2767/2/4 2736/2/4 2768/2/4
f 2737/2/4 2738/2/4 2769/2/4
f 2768/1/4 2737/1/4 2769/1/4
f 2738/1/4 2716/1/4 2770/1/4
f 2769/2/4 2738/2/4 2770/2/4
f 2717/1/4 2739/1/4 2771/1/4
f 2739/2/4 2740/2/4 2771/2/4
f 2740/1/4 2741/1/4 2772/1/4
f 2771/2/4 2740/2/4 2772/2/4
f 2741/2/4 2742/2/4 2773/2/4
f 2772/1/4 2741/1/4 2773/1/4
f 2742/1/4 2718/1/4 2774/1/4
f 2773/2/4 2742/2/4 2774/2/4
f 2719/1/4 2743/1/4 2775/1/4
f 2743/2/4 2744/2/4 2775/2/4
f 2744/1/4 2745/1/4 2776/1/4
f 2775/2/4 2744/2/4 2776/2/4
f 2745/2/4 2746/2/4 2777/2/4
f 2776/1/4 2745/1/4 2777/1/4
f 2746/1/4 2720/1/4 2778/1/4
f 2777/2/4 2746/2/4 2778/2/4
f 2721/1/4 2747/1/4 2779/1/4
f 2747/2/4 2748/2/4 2779/2/4
f 2748/1/4 2749/1/4 2780/1/4
f 2779/2/4 2748/2/4 2780/2/4
f 2749/2/4 2750/2/4 2781/2/4
f 2780/1/4 2749/1/4 2781/1/4
f 2750/1/4 2722/1/4 2782/1/4
f 2781/2/4 2750/2/4 2782/2/4
f 2723/1/4 2751/1/4 2783/1/4
f 2751/2/4 2752/2/4 2783/2/4
f 2752/1/4 2753/1/4 2784/1/4
f 2783/2/4 2752/2/4 2784/2/4
f 2753/2/4 2754/2/4 2785/2/4
f 2784/1/4 2753/1/4 2785/1/4
f 2754/1/4 2724/1/4 2786/1/4
f 2785/2/4 2754/2/4 2786/2/4
f 2725/1/4 2755/1/4 2787/1/4
f 2755/2/4 2756/2/4 2787/2/4
f 2756/1/4 2757/1/4 2788/1/4
f 2787/2/4 2756/2/4 2788/2/4
f 2757/2/4 2758/2/4 2789/2/4
f 2788/1/4 2757/1/4 2789/1/4
f 2758/1/4 2726/1/4 2790/1/4
f 2789/2/4 2758/2/4 2790/2/4
f 2760/1/4 2761/1/4 2791/1/4
f 2711/1/4 2759/1/4 2791/1/4
f 2759/1/4 2760/1/4 2791/1/4
f 2761/1/4 2762/1/4 2791/1/4
f 2791/1/4 2762/1/4 2792/1/4
f 2792/1/4 2762/1/4 2793/1/4
f 2762/1/4 2712/1/4 2794/1/4
f 2793/1/4 2762/1/4 2794/1/4
f 2764/1/4 2765/1/4 2795/1/4
f 2713/1/4 2763/1/4 2795/1/4
f 2763/1/4 2764/1/4 2795/1/4
f 2765/1/4 2766/1/4 2795/1/4
f 2795/1/4 2766/1/4 2796/1/4
f 2796/1/4 2766/1/4 2797/1/4
f 2766/1/4 2714/1/4 2798/1/4
f 2797/1/4 2766/1/4 2798/1/4
f 2768/1/4 2769/1/4 2799/1/4
f 2715/1/4 2767/1/4 2799/1/4
f 2767/1/4 2768/1/4 2799/1/4
f 2769/1/4 2770/1/4 2799/1/4
f 2799/1/4 2770/1/4 2800/1/4
f 2800/1/4 2770/1/4 2801/1/4
f 2770/1/4 2716/1/4 2802/1/4
f 2801/1/4 2770/1/4 2802/1/4
f 2772/1/4 2773/1/4 2803/1/4
f 2717/1/4 2771/1/4 2803/1/4
f 2771/1/4 2772/1/4 2803/1/4
f 2773/1/4 2774/1/4 2803/1/4
f 2803/1/4 2774/1/4 2804/1/4
f 2804/1/4 2774/1/4 2805/1/4
f 2774/1/4 2718/1/4 2806/1/4
f 2805/1/4 2774/1/4 2806/1/4
f 2776/1/4 2777/1/4 2807/1/4
f 2719/1/4 2775/1/4 2807/1/4
f 2775/1/4 2776/1/4 2807/1/4
f 2777/1/4 2778/1/4 2807/1/4
f 2807/1/4 2778/1/4 2808/1/4
f 2808/1/4 2778/1/4 2809/1/4
f 2778/1/4 2720/1/4 2810/1/4
f 2809/1/4 2778/1/4 2810/1/4
f 2780/1/4 2781/1/4 2811/1/4
f 2721/1/4 2779/1/4 2811/1/4
f 2779/1/4 2780/1/4 2811/1/4
f 2781/1/4 2782/1/4 2811/1/4
f 2811/1/4 2782/1/4 2812/1/4
f 2812/1/4 2782/1/4 2813/1/4
f 2782/1/4 2722/1/4 2814/1/4
f 2813/1/4 2782/1/4 2814/1/4
f 2784/1/4 2785/1/4 2815/1/4
f 2785/1/4 2786/1/4 2815/1/4
f 2723/1/4 2783/1/4 2815/1/4
f 2783/1/4 2784/1/4 2815/1/4
f 2815/1/4 2786/1/4 2816/1/4
f 2816/1/4 2786/1/4 2817/1/4
f 2786/1/4 2724/1/4 2818/1/4
f 2817/1/4 2786/1/4 2818/1/4
f 2788/1/4 2789/1/4 2819/1/4
f 2787/1/4 2788/1/4 2819/1/4
f 2789/1/4 2790/1/4 2819/1/4
f 2725/1/4 2787/1/4 2819/1/4
f 2819/1/4 2790/1/4 2820/1/4
f 2820/1/4 2790/1/4 2821/1/4
f 2790/1/4 2726/1/4 2822/1/4
f 2821/1/4 2790/1/4 2822/1/4
f 2791/2/4 2792/2/4 2823/2/4
f 2711/1/4 2791/1/4 2823/1/4
f 2792/1/4 2793/1/4 2824/1/4
f 2823/2/4 2792/2/4 2824/2/4
f 2793/2/4 2794/2/4 2825/2/4
f 2824/1/4 2793/1/4 2825/1/4
f 2794/1/4 2712/1/4 2826/1/4
f 2825/2/4 2794/2/4 2826/2/4
f 2795/2/4 2796/2/4 2827/2/4
f 2713/1/4 2795/1/4 2827/1/4
f 2796/1/4 2797/1/4 2828/1/4
f 2827/2/4 2796/2/4 2828/2/4
f 2797/2/4 2798/2/4 2829/2/4
f 2828/1/4 2797/1/4 2829/1/4
f 2798/1/4 2714/1/4 2830/1/4
f 2829/2/4 2798/2/4 2830/2/4
f 2799/2/4 2800/2/4 2831/2/4
f 2715/1/4 2799/1/4 2831/1/4
f 2800/1/4 2801/1/4 2832/1/4
f 2831/2/4 2800/2/4 2832/2/4
f 2801/2/4 2802/2/4 2833/2/4
f 2832/1/4 2801/1/4 2833/1/4
f 2802/1/4 2716/1/4 2834/1/4
f 2833/2/4 2802/2/4 2834/2/4
f 2803/2/4 2804/2/4 2835/2/4
f 2717/1/4 2803/1/4 2835/1/4
f 2804/1/4 2805/1/4 2836/1/4
f 2835/2/4 2804/2/4 2836/2/4
f 2805/2/4 2806/2/4 2837/2/4
f 2836/1/4 2805/1/4 2837/1/4
f 2806/1/4 2718/1/4 2838/1/4
f 2837/2/4 2806/2/4 2838/2/4
f 2807/2/4 2808/2/4 2839/2/4
f 2719/1/4 2807/1/4 2839/1/4
f 2808/1/4 2809/1/4 2840/1/4
f 2839/2/4 2808/2/4 2840/2/4
f 2809/2/4 2810/2/4 2841/2/4
f 2840/1/4 2809/1/4 2841/1/4
f 2810/1/4 2720/1/4 2842/1/4
f 2841/2/4 2810/2/4 2842/2/4
f 2811/2/4 2812/2/4 2843/2/4
f 2721/1/4 2811/1/4 2843/1/4
f 2812/1/4 2813/1/4 2844/1/4
f 2843/2/4 2812/2/4 2844/2/4
f 2813/2/4 2814/2/4 2845/2/4
f 2844/1/4 2813/1/4 2845/1/4
f 2814/1/4 2722/1/4 2846/1/4
f 2845/2/4 2814/2/4 2846/2/4
f 2815/2/4 2816/2/4 2847/2/4
f 2723/1/4 2815/1/4 2847/1/4
f 2816/1/4 2817/1/4 2848/1/4
f 2847/2/4 2816/2/4 2848/2/4
f 2817/2/4 2818/2/4 2849/2/4
f 2848/1/4 2817/1/4 2849/1/4
f 2818/1/4 2724/1/4 2850/1/4
f 2849/2/4 2818/2/4 2850/2/4
f 2725/1/4 2819/1/4 2851/1/4
f 2819/2/4 2820/2/4 2851/2/4
f 2820/1/4 2821/1/4 2852/1/4
f 2851/2/4 2820/2/4 2852/2/4
f 2821/2/4 2822/2/4 2853/2/4
f 2852/1/4 2821/1/4 2853/1/4
f 2822/1/4 2726/1/4 2854/1/4
f 2853/2/4 2822/2/4 2854/2/4
f 1589/3/4 2711/3/4 2855/3/4
f 2824/1/4 2825/1/4 2855/1/4
f 2711/1/4 2823/1/4 2855/1/4
f 2823/1/4 2824/1/4 2855/1/4
f 2825/1/4 2826/1/4 2855/1/4
f 2712/3/4 2713/3/4 2856/3/4
f 2855/1/4 2826/1/4 2856/1/4
f 2826/1/4 2712/1/4 2856/1/4
f 2828/1/4 2829/1/4 2857/1/4
f 2856/3/4 2713/3/4 2857/3/4
f 2713/1/4 2827/1/4 2857/1/4
f 2827/1/4 2828/1/4 2857/1/4
f 2829/1/4 2830/1/4 2857/1/4
f 2714/3/4 2715/3/4 2858/3/4
f 2857/1/4 2830/1/4 2858/1/4
f 2830/1/4 2714/1/4 2858/1/4
f 2832/1/4 2833/1/4 2859/1/4
f 2858/3/4 2715/3/4 2859/3/4
f 2715/1/4 2831/1/4 2859/1/4
f 2831/1/4 2832/1/4 2859/1/4
f 2833/1/4 2834/1/4 2859/1/4
f 2716/3/4 2717/3/4 2860/3/4
f 2859/1/4 2834/1/4 2860/1/4
f 2834/1/4 2716/1/4 2860/1/4
f 2836/1/4 2837/1/4 2861/1/4
f 2860/3/4 2717/3/4 2861/3/4
f 2837/1/4 2838/1/4 2861/1/4
f 2835/1/4 2836/1/4 2861/1/4
f 2717/1/4 2835/1/4 2861/1/4
f 2718/3/4 2719/3/4 2862/3/4
f 2861/1/4 2838/1/4 2862/1/4
f 2838/1/4 2718/1/4 2862/1/4
f 2840/1/4 2841/1/4 2863/1/4
f 2862/3/4 2719/3/4 2863/3/4
f 2841/1/4 2842/1/4 2863/1/4
f 2719/1/4 2839/1/4 2863/1/4
f 2839/1/4 2840/1/4 2863/1/4
f 2720/3/4 2721/3/4 2864/3/4
f 2863/1/4 2842/1/4 2864/1/4
f 2842/1/4 2720/1/4 2864/1/4
f 2844/1/4 2845/1/4 2865/1/4
f 2864/3/4 2721/3/4 2865/3/4
f 2845/1/4 2846/1/4 2865/1/4
f 2721/1/4 2843/1/4 2865/1/4
f 2843/1/4 2844/1/4 2865/1/4
f 2722/3/4 2723/3/4 2866/3/4
f 2865/1/4 2846/1/4 2866/1/4
f 2846/1/4 2722/1/4 2866/1/4
f 2848/1/4 2849/1/4 2867/1/4
f 2866/3/4 2723/3/4 2867/3/4
f 2847/1/4 2848/1/4 2867/1/4
f 2849/1/4 2850/1/4 2867/1/4
f 2723/1/4 2847/1/4 2867/1/4
f 2724/3/4 2725/3/4 2868/3/4
f 2867/1/4 2850/1/4 2868/1/4
f 2850/1/4 2724/1/4 2868/1/4
f 2725/1/4 2851/1/4 2869/1/4
f 2868/3/4 2725/3/4 2869/3/4
f 2853/1/4 2854/1/4 2869/1/4
f 2852/1/4 2853/1/4 2869/1/4
f 2851/1/4 2852/1/4 2869/1/4
f 2854/1/4 2726/1/4 2870/1/4
f 2869/1/4 2854/1/4 2870/1/4
f 2726/3/4 1590/3/4 2870/3/4
f 2866/3/4 2867/3/4 2871/3/4
f 2868/3/4 2869/3/4 2871/3/4
f 2869/3/4 2870/3/4 2871/3/4
f 2861/3/4 2862/3/4 2871/3/4
f 2864/3/4 2865/3/4 2871/3/4
f 2859/3/4 2860/3/4 2871/3/4
f 2862/3/4 2863/3/4 2871/3/4
f 2857/3/4 2858/3/4 2871/3/4
f 2860/3/4 2861/3/4 2871/3/4
f 2855/3/4 2856/3/4 2871/3/4
f 2858/3/4 2859/3/4 2871/3/4
f 2865/3/4 2866/3/4 2871/3/4
f 2856/3/4 2857/3/4 2871/3/4
f 2867/3/4 2868/3/4 2871/3/4
f 1589/3/4 2855/3/4 2871/3/4
f 2863/3/4 2864/3/4 2871/3/4
f 2870/3/4 1590/3/4 2872/3/4
f 2871/3/4 2870/3/4 2872/3/4
f 2875/3/5 2874/3/5 2873/3/5
f 2876/3/5 2874/3/5 2875/3/5
f 2877/3/5 2874/3/5 2876/3/5
f 2878/3/5 2874/3/5 2877/3/5
f 2879/3/5 2874/3/5 2878/3/5
f 2880/3/5 2874/3/5 2879/3/5
f 2881/3/5 2874/3/5 2880/3/5
f 2882/3/5 2874/3/5 2881/3/5
f 2883/3/5 2874/3/5 2882/3/5
f 2884/3/5 2874/3/5 2883/3/5
f 2885/3/5 2874/3/5 2884/3/5
f 2886/3/5 2874/3/5 2885/3/5
f 2887/3/5 2874/3/5 2886/3/5
f 2888/3/5 2874/3/5 2887/3/5
f 2889/3/5 2874/3/5 2888/3/5
f 2890/3/5 2874/3/5 2889/3/5
f 2891/1/5 2876/1/5 2875/1/5
f 2892/1/5 2876/1/5 2891/1/5
f 2893/1/5 2876/1/5 2892/1/5
f 2894/1/5 2876/1/5 2893/1/5
f 2895/1/5 2878/1/5 2877/1/5
f 2896/1/5 2878/1/5 2895/1/5
f 2897/1/5 2878/1/5 2896/1/5
f 2898/1/5 2878/1/5 2897/1/5
f 2899/1/5 2880/1/5 2879/1/5
f 2900/1/5 2880/1/5 2899/1/5
f 2901/1/5 2880/1/5 2900/1/5
f 2902/1/5 2880/1/5 2901/1/5
f 2903/1/5 2882/1/5 2881/1/5
f 2904/1/5 2882/1/5 2903/1/5
f 2905/1/5 2882/1/5 2904/1/5
f 2906/1/5 2882/1/5 2905/1/5
f 2907/1/5 2884/1/5 2883/1/5
f 2908/1/5 2884/1/5 2907/1/5
f 2909/1/5 2884/1/5 2908/1/5
f 2910/1/5 2884/1/5 2909/1/5
f 2911/1/5 2886/1/5 2885/1/5
f 2912/1/5 2886/1/5 2911/1/5
f 2913/1/5 2886/1/5 2912/1/5
f 2914/1/5 2886/1/5 2913/1/5
f 2915/1/5 2888/1/5 2887/1/5
f 2916/1/5 2888/1/5 2915/1/5
f 2917/1/5 2888/1/5 2916/1/5
f 2918/1/5 2888/1/5 2917/1/5
f 2919/1/5 2890/1/5 2889/1/5
f 2920/1/5 2890/1/5 2919/1/5
f 2921/1/5 2890/1/5 2920/1/5
f 2922/1/5 2890/1/5 2921/1/5
f 2923/1/5 2891/1/5 2875/1/5
f 2923/2/5 2892/2/5 2891/2/5
f 2924/1/5 2893/1/5 2892/1/5
f 2924/2/5 2892/2/5 2923/2/5
f 2925/2/5 2894/2/5 2893/2/5
f 2925/1/5 2893/1/5 2924/1/5
f 2926/1/5 2876/1/5 2894/1/5
f 2926/2/5 2894/2/5 2925/2/5
f 2927/1/5 2895/1/5 2877/1/5
f 2927/2/5 2896/2/5 2895/2/5
f 2928/1/5 2897/1/5 2896/1/5
f 2928/2/5 2896/2/5 2927/2/5
f 2929/2/5 2898/2/5 2897/2/5
f 2929/1/5 2897/1/5 2928/1/5
f 2930/1/5 2878/1/5 2898/1/5
f 2930/2/5 2898/2/5 2929/2/5
f 2931/1/5 2899/1/5 2879/1/5
f 2931/2/5 2900/2/5 2899/2/5
f 2932/1/5 2901/1/5 2900/1/5
f 2932/2/5 2900/2/5 2931/2/5
f 2933/2/5 2902/2/5 2901/2/5
f 2933/1/5 2901/1/5 2932/1/5
f 2934/1/5 2880/1/5 2902/1/5
f 2934/2/5 2902/2/5 2933/2/5
f 2935/1/5 2903/1/5 2881/1/5
f 2935/2/5 2904/2/5 2903/2/5
f 2936/1/5 2905/1/5 2904/1/5
f 2936/2/5 2904/2/5 2935/2/5
f 2937/2/5 2906/2/5 2905/2/5
f 2937/1/5 2905/1/5 2936/1/5
f 2938/1/5 2882/1/5 2906/1/5
f 2938/2/5 2906/2/5 2937/2/5
f 2939/1/5 2907/1/5 2883/1/5
f 2939/2/5 2908/2/5 2907/2/5
f 2940/1/5 2909/1/5 2908/1/5
f 2940/2/5 2908/2/5 2939/2/5
f 2941/2/5 2910/2/5 2909/2/5
f 2941/1/5 2909/1/5 2940/1/5
f 2942/1/5 2884/1/5 2910/1/5
f 2942/2/5 2910/2/5 2941/2/5
f 2943/1/5 2911/1/5 2885/1/5
f 2943/2/5 2912/2/5 2911/2/5
f 2944/1/5 2913/1/5 2912/1/5
f 2944/2/5 2912/2/5 2943/2/5
f 2945/2/5 2914/2/5 2913/2/5
f 2945/1/5 2913/1/5 2944/1/5
f 2946/1/5 2886/1/5 2914/1/5
f 2946/2/5 2914/2/5 2945/2/5
f 2947/1/5 2915/1/5 2887/1/5
f 2947/2/5 2916/2/5 2915/2/5
f 2948/1/5 2917/1/5 2916/1/5
f 2948/2/5 2916/2/5 2947/2/5
f 2949/2/5 2918/2/5 2917/2/5
f 2949/1/5 2917/1/5 2948/1/5
f 2950/1/5 2888/1/5 2918/1/5
f 2950/2/5 2918/2/5 2949/2/5
f 2951/1/5 2919/1/5 2889/1/5
f 2951/2/5 2920/2/5 2919/2/5
f 2952/1/5 2921/1/5 2920/1/5
f 2952/2/5 2920/2/5 2951/2/5
f 2953/2/5 2922/2/5 2921/2/5
f 2953/1/5 2921/1/5 2952/1/5
f 2954/1/5 2890/1/5 2922/1/5
f 2954/2/5 2922/2/5 2953/2/5
f 2955/1/5 2925/1/5 2924/1/5
f 2955/1/5 2923/1/5 2875/1/5
f 2955/1/5 2924/1/5 2923/1/5
f 2955/1/5 2926/1/5 2925/1/5
f 2956/1/5 2926/1/5 2955/1/5
f 2957/1/5 2926/1/5 2956/1/5
f 2958/1/5 2876/1/5 2926/1/5
f 2958/1/5 2926/1/5 2957/1/5
f 2959/1/5 2929/1/5 2928/1/5
f 2959/1/5 2927/1/5 2877/1/5
f 2959/1/5 2928/1/5 2927/1/5
f 2959/1/5 2930/1/5 2929/1/5
f 2960/1/5 2930/1/5 2959/1/5
f 2961/1/5 2930/1/5 2960/1/5
f 2962/1/5 2878/1/5 2930/1/5
f 2962/1/5 2930/1/5 2961/1/5
f 2963/1/5 2933/1/5 2932/1/5
f 2963/1/5 2931/1/5 2879/1/5
f 2963/1/5 2932/1/5 2931/1/5
f 2963/1/5 2934/1/5 2933/1/5
f 2964/1/5 2934/1/5 2963/1/5
f 2965/1/5 2934/1/5 2964/1/5
f 2966/1/5 2880/1/5 2934/1/5
f 2966/1/5 2934/1/5 2965/1/5
f 2967/1/5 2937/1/5 2936/1/5
f 2967/1/5 2935/1/5 2881/1/5
f 2967/1/5 2936/1/5 2935/1/5
f 2967/1/5 2938/1/5 2937/1/5
f 2968/1/5 2938/1/5 2967/1/5
f 2969/1/5 2938/1/5 2968/1/5
f 2970/1/5 2882/1/5 2938/1/5
f 2970/1/5 2938/1/5 2969/1/5
f 2971/1/5 2941/1/5 2940/1/5
f 2971/1/5 2939/1/5 2883/1/5
f 2971/1/5 2940/1/5 2939/1/5
f 2971/1/5 2942/1/5 2941/1/5
f 2972/1/5 2942/1/5 2971/1/5
f 2973/1/5 2942/1/5 2972/1/5
f 2974/1/5 2884/1/5 2942/1/5
f 2974/1/5 2942/1/5 2973/1/5
f 2975/1/5 2945/1/5 2944/1/5
f 2975/1/5 2943/1/5 2885/1/5
f 2975/1/5 2944/1/5 2943/1/5
f 2975/1/5 2946/1/5 2945/1/5
f 2976/1/5 2946/1/5 2975/1/5
f 2977/1/5 2946/1/5 2976/1/5
f 2978/1/5 2886/1/5 2946/1/5
f 2978/1/5 2946/1/5 2977/1/5
f 2979/1/5 2949/1/5 2948/1/5
f 2979/1/5 2950/1/5 2949/1/5
f 2979/1/5 2947/1/5 2887/1/5
f 2979/1/5 2948/1/5 2947/1/5
f 2980/1/5 2950/1/5 2979/1/5
f 2981/1/5 2950/1/5 2980/1/5
f 2982/1/5 2888/1/5 2950/1/5
f 2982/1/5 2950/1/5 2981/1/5
f 2983/1/5 2953/1/5 2952/1/5
f 2983/1/5 2952/1/5 2951/1/5
f 2983/1/5 2954/1/5 2953/1/5
f 2983/1/5 2951/1/5 2889/1/5
f 2984/1/5 2954/1/5 2983/1/5
f 2985/1/5 2954/1/5 2984/1/5
f 2986/1/5 2890/1/5 2954/1/5
f 2986/1/5 2954/1/5 2985/1/5
f 2987/2/5 2956/2/5 2955/2/5
f 2987/1/5 2955/1/5 2875/1/5
f 2988/1/5 2957/1/5 2956/1/5
f 2988/2/5 2956/2/5 2987/2/5
f 2989/2/5 2958/2/5 2957/2/5
f 2989/1/5 2957/1/5 2988/1/5
f 2990/1/5 2876/1/5 2958/1/5
f 2990/2/5 2958/2/5 2989/2/5
f 2991/2/5 2960/2/5 2959/2/5
f 2991/1/5 2959/1/5 2877/1/5
f 2992/1/5 2961/1/5 2960/1/5
f 2992/2/5 2960/2/5 2991/2/5
f 2993/2/5 2962/2/5 2961/2/5
f 2993/1/5 2961/1/5 2992/1/5
f 2994/1/5 2878/1/5 2962/1/5
f 2994/2/5 2962/2/5 2993/2/5
f 2995/2/5 2964/2/5 2963/2/5
f 2995/1/5 2963/1/5 2879/1/5
f 2996/1/5 2965/1/5 2964/1/5
f 2996/2/5 2964/2/5 2995/2/5
f 2997/2/5 2966/2/5 2965/2/5
f 2997/1/5 2965/1/5 2996/1/5
f 2998/1/5 2880/1/5 2966/1/5
f 2998/2/5 2966/2/5 2997/2/5
f 2999/2/5 2968/2/5 2967/2/5
f 2999/1/5 2967/1/5 2881/1/5
f 3000/1/5 2969/1/5 2968/1/5
f 3000/2/5 2968/2/5 2999/2/5
f 3001/2/5 2970/2/5 2969/2/5
f 3001/1/5 2969/1/5 3000/1/5
f 3002/1/5 2882/1/5 2970/1/5
f 3002/2/5 2970/2/5 3001/2/5
f 3003/2/5 2972/2/5 2971/2/5
f 3003/1/5 2971/1/5 2883/1/5
f 3004/1/5 2973/1/5 2972/1/5
f 3004/2/5 2972/2/5 3003/2/5
f 3005/2/5 2974/2/5 2973/2/5
f 3005/1/5 2973/1/5 3004/1/5
f 3006/1/5 2884/1/5 2974/1/5
f 3006/2/5 2974/2/5 3005/2/5
f 3007/2/5 2976/2/5 2975/2/5
f 3007/1/5 2975/1/5 2885/1/5
f 3008/1/5 2977/1/5 2976/1/5
f 3008/2/5 2976/2/5 3007/2/5
f 3009/2/5 2978/2/5 2977/2/5
f 3009/1/5 2977/1/5 3008/1/5
f 3010/1/5 2886/1/5 2978/1/5
f 3010/2/5 2978/2/5 3009/2/5
f 3011/2/5 2980/2/5 2979/2/5
f 3011/1/5 2979/1/5 2887/1/5
f 3012/1/5 2981/1/5 2980/1/5
f 3012/2/5 2980/2/5 3011/2/5
f 3013/2/5 2982/2/5 2981/2/5
f 3013/1/5 2981/1/5 3012/1/5
f 3014/1/5 2888/1/5 2982/1/5
f 3014/2/5 2982/2/5 3013/2/5
f 3015/1/5 2983/1/5 2889/1/5
f 3015/2/5 2984/2/5 2983/2/5
f 3016/1/5 2985/1/5 2984/1/5
f 3016/2/5 2984/2/5 3015/2/5
f 3017/2/5 2986/2/5 2985/2/5
f 3017/1/5 2985/1/5 3016/1/5
f 3018/1/5 2890/1/5 2986/1/5
f 3018/2/5 2986/2/5 3017/2/5
f 3019/3/5 2875/3/5 2873/3/5
f 3019/1/5 2989/1/5 2988/1/5
f 3019/1/5 2987/1/5 2875/1/5
f 3019/1/5 2988/1/5 2987/1/5
f 3019/1/5 2990/1/5 2989/1/5
f 3020/3/5 2877/3/5 2876/3/5
f 3020/1/5 2990/1/5 3019/1/5
f 3020/1/5 2876/1/5 2990/1/5
f 3021/1/5 2993/1/5 2992/1/5
f 3021/3/5 2877/3/5 3020/3/5
f 3021/1/5 2991/1/5 2877/1/5
f 3021/1/5 2992/1/5 2991/1/5
f 3021/1/5 2994/1/5 2993/1/5
f 3022/3/5 2879/3/5 2878/3/5
f 3022/1/5 2994/1/5 3021/1/5
f 3022/1/5 2878/1/5 2994/1/5
f 3023/1/5 2997/1/5 2996/1/5
f 3023/3/5 2879/3/5 3022/3/5
f 3023/1/5 2995/1/5 2879/1/5
f 3023/1/5 2996/1/5 2995/1/5
f 3023/1/5 2998/1/5 2997/1/5
f 3024/3/5 2881/3/5 2880/3/5
f 3024/1/5 2998/1/5 3023/1/5
f 3024/1/5 2880/1/5 2998/1/5
f 3025/1/5 3001/1/5 3000/1/5
f 3025/3/5 2881/3/5 3024/3/5
f 3025/1/5 3002/1/5 3001/1/5
f 3025/1/5 3000/1/5 2999/1/5
f 3025/1/5 2999/1/5 2881/1/5
f 3026/3/5 2883/3/5 2882/3/5
f 3026/1/5 3002/1/5 3025/1/5
f 3026/1/5 2882/1/5 3002/1/5
f 3027/1/5 3005/1/5 3004/1/5
f 3027/3/5 2883/3/5 3026/3/5
f 3027/1/5 3006/1/5 3005/1/5
f 3027/1/5 3003/1/5 2883/1/5
f 3027/1/5 3004/1/5 3003/1/5
f 3028/3/5 2885/3/5 2884/3/5
f 3028/1/5 3006/1/5 3027/1/5
f 3028/1/5 2884/1/5 3006/1/5
f 3029/1/5 3009/1/5 3008/1/5
f 3029/3/5 2885/3/5 3028/3/5
f 3029/1/5 3010/1/5 3009/1/5
f 3029/1/5 3007/1/5 2885/1/5
f 3029/1/5 3008/1/5 3007/1/5
f 3030/3/5 2887/3/5 2886/3/5
f 3030/1/5 3010/1/5 3029/1/5
f 3030/1/5 2886/1/5 3010/1/5
f 3031/1/5 3013/1/5 3012/1/5
f 3031/3/5 2887/3/5 3030/3/5
f 3031/1/5 3012/1/5 3011/1/5
f 3031/1/5 3014/1/5 3013/1/5
f 3031/1/5 3011/1/5 2887/1/5
f 3032/3/5 2889/3/5 2888/3/5
f 3032/1/5 3014/1/5 3031/1/5
f 3032/1/5 2888/1/5 3014/1/5
f 3033/1/5 3015/1/5 2889/1/5
f 3033/3/5 2889/3/5 3032/3/5
f 3033/1/5 3018/1/5 3017/1/5
f 3033/1/5 3017/1/5 3016/1/5
f 3033/1/5 3016/1/5 3015/1/5
f 3034/1/5 2890/1/5 3018/1/5
f 3034/1/5 3018/1/5 3033/1/5
f 3034/3/5 2874/3/5 2890/3/5
f 3035/3/5 3033/3/5 3032/3/5
f 3035/3/5 3028/3/5 3027/3/5
f 3035/3/5 3034/3/5 3033/3/5
f 3035/3/5 3031/3/5 3030/3/5
f 3035/3/5 3026/3/5 3025/3/5
f 3035/3/5 3029/3/5 3028/3/5
f 3035/3/5 3024/3/5 3023/3/5
f 3035/3/5 3027/3/5 3026/3/5
f 3035/3/5 3022/3/5 3021/3/5
f 3035/3/5 3025/3/5 3024/3/5
f 3035/3/5 3020/3/5 3019/3/5
f 3035/3/5 3023/3/5 3022/3/5
f 3035/3/5 3030/3/5 3029/3/5
f 3035/3/5 3021/3/5 3020/3/5
f 3035/3/5 3032/3/5 3031/3/5
f 3035/3/5 3019/3/5 2873/3/5
f 3036/3/5 2874/3/5 3034/3/5
f 3036/3/5 3034/3/5 3035/3/5
f 3037/3/6 3038/3/6 3039/3/6
f 3039/3/6 3038/3/6 3040/3/6
f 3040/3/6 3038/3/6 3041/3/6
f 3041/3/6 3038/3/6 3042/3/6
f 3042/3/6 3038/3/6 3043/3/6
f 3043/3/6 3038/3/6 3044/3/6
f 3044/3/6 3038/3/6 3045/3/6
f 3045/3/6 3038/3/6 3046/3/6
f 3046/3/6 3038/3/6 3047/3/6
f 3047/3/6 3038/3/6 3048/3/6
f 3048/3/6 3038/3/6 3049/3/6
f 3049/3/6 3038/3/6 3050/3/6
f 3050/3/6 3038/3/6 3051/3/6
f 3051/3/6 3038/3/6 3052/3/6
f 3052/3/6 3038/3/6 3053/3/6
f 3053/3/6 3038/3/6 3054/3/6
f 3039/1/6 3040/1/6 3055/1/6
f 3055/1/6 3040/1/6 3056/1/6
f 3056/1/6 3040/1/6 3057/1/6
f 3057/1/6 3040/1/6 3058/1/6
f 3041/1/6 3042/1/6 3059/1/6
f 3059/1/6 3042/1/6 3060/1/6
f 3060/1/6 3042/1/6 3061/1/6
f 3061/1/6 3042/1/6 3062/1/6
f 3043/1/6 3044/1/6 3063/1/6
f 3063/1/6 3044/1/6 3064/1/6
f 3064/1/6 3044/1/6 3065/1/6
f 3065/1/6 3044/1/6 3066/1/6
f 3045/1/6 3046/1/6 3067/1/6
f 3067/1/6 3046/1/6 3068/1/6
f 3068/1/6 3046/1/6 3069/1/6
f 3069/1/6 3046/1/6 3070/1/6
f 3047/1/6 3048/1/6 3071/1/6
f 3071/1/6 3048/1/6 3072/1/6
f 3072/1/6 3048/1/6 3073/1/6
f 3073/1/6 3048/1/6 3074/1/6
f 3049/1/6 3050/1/6 3075/1/6
f 3075/1/6 3050/1/6 3076/1/6
f 3076/1/6 3050/1/6 3077/1/6
f 3077/1/6 3050/1/6 3078/1/6
f 3051/1/6 3052/1/6 3079/1/6
f 3079/1/6 3052/1/6 3080/1/6
f 3080/1/6 3052/1/6 3081/1/6
f 3081/1/6 3052/1/6 3082/1/6
f 3053/1/6 3054/1/6 3083/1/6
f 3083/1/6 3054/1/6 3084/1/6
f 3084/1/6 3054/1/6 3085/1/6
f 3085/1/6 3054/1/6 3086/1/6
f 3039/1/6 3055/1/6 3087/1/6
f 3055/2/6 3056/2/6 3087/2/6
f 3056/1/6 3057/1/6 3088/1/6
f 3087/2/6 3056/2/6 3088/2/6
f 3057/2/6 3058/2/6 3089/2/6
f 3088/1/6 3057/1/6 3089/1/6
f 3058/1/6 3040/1/6 3090/1/6
f 3089/2/6 3058/2/6 3090/2/6
f 3041/1/6 3059/1/6 3091/1/6
f 3059/2/6 3060/2/6 3091/2/6
f 3060/1/6 3061/1/6 3092/1/6
f 3091/2/6 3060/2/6 3092/2/6
f 3061/2/6 3062/2/6 3093/2/6
f 3092/1/6 3061/1/6 3093/1/6
f 3062/1/6 3042/1/6 3094/1/6
f 3093/2/6 3062/2/6 3094/2/6
f 3043/1/6 3063/1/6 3095/1/6
f 3063/2/6 3064/2/6 3095/2/6
f 3064/1/6 3065/1/6 3096/1/6
f 3095/2/6 3064/2/6 3096/2/6
f 3065/2/6 3066/2/6 3097/2/6
f 3096/1/6 3065/1/6 3097/1/6
f 3066/1/6 3044/1/6 3098/1/6
f 3097/2/6 3066/2/6 3098/2/6
f 3045/1/6 3067/1/6 3099/1/6
f 3067/2/6 3068/2/6 3099/2/6
f 3068/1/6 3069/1/6 3100/1/6
f 3099/2/6 3068/2/6 3100/2/6
f 3069/2/6 3070/2/6 3101/2/6
f 3100/1/6 3069/1/6 3101/1/6
f 3070/1/6 3046/1/6 3102/1/6
f 3101/2/6 3070/2/6 3102/2/6
f 3047/1/6 3071/1/6 3103/1/6
f 3071/2/6 3072/2/6 3103/2/6
f 3072/1/6 3073/1/6 3104/1/6
f 3103/2/6 3072/2/6 3104/2/6
f 3073/2/6 3074/2/6 3105/2/6
f 3104/1/6 3073/1/6 3105/1/6
f 3074/1/6 3048/1/6 3106/1/6
f 3105/2/6 3074/2/6 3106/2/6
f 3049/1/6 3075/1/6 3107/1/6
f 3075/2/6 3076/2/6 3107/2/6
f 3076/1/6 3077/1/6 3108/1/6
f 3107/2/6 3076/2/6 3108/2/6
f 3077/2/6 3078/2/6 3109/2/6
f 3108/1/6 3077/1/6 3109/1/6
f 3078/1/6 3050/1/6 3110/1/6
f 3109/2/6 3078/2/6 3110/2/6
f 3051/1/6 3079/1/6 3111/1/6
f 3079/2/6 3080/2/6 3111/2/6
f 3080/1/6 3081/1/6 3112/1/6
f 3111/2/6 3080/2/6 3112/2/6
f 3081/2/6 3082/2/6 3113/2/6
f 3112/1/6 3081/1/6 3113/1/6
f 3082/1/6 3052/1/6 3114/1/6
f 3113/2/6 3082/2/6 3114/2/6
f 3053/1/6 3083/1/6 3115/1/6
f 3083/2/6 3084/2/6 3115/2/6
f 3084/1/6 3085/1/6 3116/1/6
f 3115/2/6 3084/2/6 3116/2/6
f 3085/2/6 3086/2/6 3117/2/6
f 3116/1/6 3085/1/6 3117/1/6
f 3086/1/6 3054/1/6 3118/1/6
f 3117/2/6 3086/2/6 3118/2/6
f 3088/1/6 3089/1/6 3119/1/6
f 3039/1/6 3087/1/6 3119/1/6
f 3087/1/6 3088/1/6 3119/1/6
f 3089/1/6 3090/1/6 3119/1/6
f 3119/1/6 3090/1/6 3120/1/6
f 3120/1/6 3090/1/6 3121/1/6
f 3090/1/6 3040/1/6 3122/1/6
f 3121/1/6 3090/1/6 3122/1/6
f 3092/1/6 3093/1/6 3123/1/6
f 3041/1/6 3091/1/6 3123/1/6
f 3091/1/6 3092/1/6 3123/1/6
f 3093/1/6 3094/1/6 3123/1/6
f 3123/1/6 3094/1/6 3124/1/6
f 3124/1/6 3094/1/6 3125/1/6
f 3094/1/6 3042/1/6 3126/1/6
f 3125/1/6 3094/1/6 3126/1/6
f 3096/1/6 3097/1/6 3127/1/6
f 3043/1/6 3095/1/6 3127/1/6
f 3095/1/6 3096/1/6 3127/1/6
f 3097/1/6 3098/1/6 3127/1/6
f 3127/1/6 3098/1/6 3128/1/6
f 3128/1/6 3098/1/6 3129/1/6
f 3098/1/6 3044/1/6 3130/1/6
f 3129/1/6 3098/1/6 3130/1/6
f 3100/1/6 3101/1/6 3131/1/6
f 3045/1/6 3099/1/6 3131/1/6
f 3099/1/6 3100/1/6 3131/1/6
f 3101/1/6 3102/1/6 3131/1/6
f 3131/1/6 3102/1/6 3132/1/6
f 3132/1/6 3102/1/6 3133/1/6
f 3102/1/6 3046/1/6 3134/1/6
f 3133/1/6 3102/1/6 3134/1/6
f 3104/1/6 3105/1/6 3135/1/6
f 3047/1/6 3103/1/6 3135/1/6
f 3103/1/6 3104/1/6 3135/1/6
f 3105/1/6 3106/1/6 3135/1/6
f 3135/1/6 3106/1/6 3136/1/6
f 3136/1/6 3106/1/6 3137/1/6
f 3106/1/6 3048/1/6 3138/1/6
f 3137/1/6 3106/1/6 3138/1/6
f 3108/1/6 3109/1/6 3139/1/6
f 3049/1/6 3107/1/6 3139/1/6
f 3107/1/6 3108/1/6 3139/1/6
f 3109/1/6 3110/1/6 3139/1/6
f 3139/1/6 3110/1/6 3140/1/6
f 3140/1/6 3110/1/6 3141/1/6
f 3110/1/6 3050/1/6 3142/1/6
f 3141/1/6 3110/1/6 3142/1/6
f 3112/1/6 3113/1/6 3143/1/6
f 3113/1/6 3114/1/6 3143/1/6
f 3051/1/6 3111/1/6 3143/1/6
f 3111/1/6 3112/1/6 3143/1/6
f 3143/1/6 3114/1/6 3144/1/6
f 3144/1/6 3114/1/6 3145/1/6
f 3114/1/6 3052/1/6 3146/1/6
f 3145/1/6 3114/1/6 3146/1/6
f 3116/1/6 3117/1/6 3147/1/6
f 3115/1/6 3116/1/6 3147/1/6
f 3117/1/6 3118/1/6 3147/1/6
f 3053/1/6 3115/1/6 3147/1/6
f 3147/1/6 3118/1/6 3148/1/6
f 3148/1/6 3118/1/6 3149/1/6
f 3118/1/6 3054/1/6 3150/1/6
f 3149/1/6 3118/1/6 3150/1/6
f 3119/2/6 3120/2/6 3151/2/6
f 3039/1/6 3119/1/6 3151/1/6
f 3120/1/6 3121/1/6 3152/1/6
f 3151/2/6 3120/2/6 3152/2/6
f 3121/2/6 3122/2/6 3153/2/6
f 3152/1/6 3121/1/6 3153/1/6
f 3122/1/6 3040/1/6 3154/1/6
f 3153/2/6 3122/2/6 3154/2/6
f 3123/2/6 3124/2/6 3155/2/6
f 3041/1/6 3123/1/6 3155/1/6
f 3124/1/6 3125/1/6 3156/1/6
f 3155/2/6 3124/2/6 3156/2/6
f 3125/2/6 3126/2/6 3157/2/6
f 3156/1/6 3125/1/6 3157/1/6
f 3126/1/6 3042/1/6 3158/1/6
f 3157/2/6 3126/2/6 3158/2/6
f 3127/2/6 3128/2/6 3159/2/6
f 3043/1/6 3127/1/6 3159/1/6
f 3128/1/6 3129/1/6 3160/1/6
f 3159/2/6 3128/2/6 3160/2/6
f 3129/2/6 3130/2/6 3161/2/6
f 3160/1/6 3129/1/6 3161/1/6
f 3130/1/6 3044/1/6 3162/1/6
f 3161/2/6 3130/2/6 3162/2/6
f 3131/2/6 3132/2/6 3163/2/6
f 3045/1/6 3131/1/6 3163/1/6
f 3132/1/6 3133/1/6 3164/1/6
f 3163/2/6 3132/2/6 3164/2/6
f 3133/2/6 3134/2/6 3165/2/6
f 3164/1/6 3133/1/6 3165/1/6
f 3134/1/6 3046/1/6 3166/1/6
f 3165/2/6 3134/2/6 3166/2/6
f 3135/2/6 3136/2/6 3167/2/6
f 3047/1/6 3135/1/6 3167/1/6
f 3136/1/6 3137/1/6 3168/1/6
f 3167/2/6 3136/2/6 3168/2/6
f 3137/2/6 3138/2/6 3169/2/6
f 3168/1/6 3137/1/6 3169/1/6
f 3138/1/6 3048/1/6 3170/1/6
f 3169/2/6 3138/2/6 3170/2/6
f 3139/2/6 3140/2/6 3171/2/6
f 3049/1/6 3139/1/6 3171/1/6
f 3140/1/6 3141/1/6 3172/1/6
f 3171/2/6 3140/2/6 3172/2/6
f 3141/2/6 3142/2/6 3173/2/6
f 3172/1/6 3141/1/6 3173/1/6
f 3142/1/6 3050/1/6 3174/1/6
f 3173/2/6 3142/2/6 3174/2/6
f 3143/2/6 3144/2/6 3175/2/6
f 3051/1/6 3143/1/6 3175/1/6
f 3144/1/6 3145/1/6 3176/1/6
f 3175/2/6 3144/2/6 3176/2/6
f 3145/2/6 3146/2/6 3177/2/6
f 3176/1/6 3145/1/6 3177/1/6
f 3146/1/6 3052/1/6 3178/1/6
f 3177/2/6 3146/2/6 3178/2/6
f 3053/1/6 3147/1/6 3179/1/6
f 3147/2/6 3148/2/6 3179/2/6
f 3148/1/6 3149/1/6 3180/1/6
f 3179/2/6 3148/2/6 3180/2/6
f 3149/2/6 3150/2/6 3181/2/6
f 3180/1/6 3149/1/6 3181/1/6
f 3150/1/6 3054/1/6 3182/1/6
f 3181/2/6 3150/2/6 3182/2/6
f 3037/3/6 3039/3/6 3183/3/6
f 3152/1/6 3153/1/6 3183/1/6
f 3039/1/6 3151/1/6 3183/1/6
f 3151/1/6 3152/1/6 3183/1/6
f 3153/1/6 3154/1/6 3183/1/6
f 3040/3/6 3041/3/6 3184/3/6
f 3183/1/6 3154/1/6 3184/1/6
f 3154/1/6 3040/1/6 3184/1/6
f 3156/1/6 3157/1/6 3185/1/6
f 3184/3/6 3041/3/6 3185/3/6
f 3041/1/6 3155/1/6 3185/1/6
f 3155/1/6 3156/1/6 3185/1/6
f 3157/1/6 3158/1/6 3185/1/6
f 3042/3/6 3043/3/6 3186/3/6
f 3185/1/6 3158/1/6 3186/1/6
f 3158/1/6 3042/1/6 3186/1/6
f 3160/1/6 3161/1/6 3187/1/6
f 3186/3/6 3043/3/6 3187/3/6
f 3043/1/6 3159/1/6 3187/1/6
f 3159/1/6 3160/1/6 3187/1/6
f 3161/1/6 3162/1/6 3187/1/6
f 3044/3/6 3045/3/6 3188/3/6
f 3187/1/6 3162/1/6 3188/1/6
f 3162/1/6 3044/1/6 3188/1/6
f 3164/1/6 3165/1/6 3189/1/6
f 3188/3/6 3045/3/6 3189/3/6
f 3165/1/6 3166/1/6 3189/1/6
f 3163/1/6 3164/1/6 3189/1/6
f 3045/1/6 3163/1/6 3189/1/6
f 3046/3/6 3047/3/6 3190/3/6
f 3189/1/6 3166/1/6 3190/1/6
f 3166/1/6 3046/1/6 3190/1/6
f 3168/1/6 3169/1/6 3191/1/6
f 3190/3/6 3047/3/6 3191/3/6
f 3169/1/6 3170/1/6 3191/1/6
f 3047/1/6 3167/1/6 3191/1/6
f 3167/1/6 3168/1/6 3191/1/6
f 3048/3/6 3049/3/6 3192/3/6
f 3191/1/6 3170/1/6 3192/1/6
f 3170/1/6 3048/1/6 3192/1/6
f 3172/1/6 3173/1/6 3193/1/6
f 3192/3/6 3049/3/6 3193/3/6
f 3173/1/6 3174/1/6 3193/1/6
f 3049/1/6 3171/1/6 3193/1/6
f 3171/1/6 3172/1/6 3193/1/6
f 3050/3/6 3051/3/6 3194/3/6
f 3193/1/6 3174/1/6 3194/1/6
f 3174/1/6 3050/1/6 3194/1/6
f 3176/1/6 3177/1/6 3195/1/6
f 3194/3/6 3051/3/6 3195/3/6
f 3175/1/6 3176/1/6 3195/1/6
f 3177/1/6 3178/1/6 3195/1/6
f 3051/1/6 3175/1/6 3195/1/6
f 3052/3/6 3053/3/6 3196/3/6
f 3195/1/6 3178/1/6 3196/1/6
f 3178/1/6 3052/1/6 3196/1/6
f 3053/1/6 3179/1/6 3197/1/6
f 3196/3/6 3053/3/6 3197/3/6
f 3181/1/6 3182/1/6 3197/1/6
f 3180/1/6 3181/1/6 3197/1/6
f 3179/1/6 3180/1/6 3197/1/6
f 3182/1/6 3054/1/6 3198/1/6
f 3197/1/6 3182/1/6 3198/1/6
f 3054/3/6 3038/3/6 3198/3/6
f 3196/3/6 3197/3/6 3199/3/6
f 3191/3/6 3192/3/6 3199/3/6
f 3197/3/6 3198/3/6 3199/3/6
f 3194/3/6 3195/3/6 3199/3/6
f 3189/3/6 3190/3/6 3199/3/6
f 3192/3/6 3193/3/6 3199/3/6
f 3187/3/6 3188/3/6 3199/3/6
f 3190/3/6 3191/3/6 3199/3/6
f 3185/3/6 3186/3/6 3199/3/6
f 3188/3/6 3189/3/6 3199/3/6
f 3183/3/6 3184/3/6 3199/3/6
f 3186/3/6 3187/3/6 3199/3/6
f 3193/3/6 3194/3/6 3199/3/6
f 3184/3/6 3185/3/6 3199/3/6
f 3195/3/6 3196/3/6 3199/3/6
f 3037/3/6 3183/3/6 3199/3/6
f 3198/3/6 3038/3/6 3200/3/6
f 3199/3/6 3198/3/6 3200/3/6
